{"type":"FeatureCollection","name":"laender_95_geo","crs":{"type":"name","properties":{"name":"urn:ogc:def:crs:OGC:1.3:CRS84"}},"features":[{"type":"Feature","properties":{"name":"Vorarlberg","iso":"8"},"geometry":{"type":"MultiPolygon","coordinates":[[[[10.131710106273683,47.03007593651905],[10.128809346112453,47.02755357537639],[10.126611310193056,47.02733899049896],[10.126065422080508,47.026045613281674],[10.122719615585329,47.024684648193926],[10.12114426234924,47.024504393673986],[10.120404991169583,47.022853310571456],[10.12280052758503,47.02015015693958],[10.12270241317379,47.01917218024727],[10.125469006021332,47.0189499367638],[10.126883098838727,47.01565632046098],[10.128219381759186,47.01375201743638],[10.129947727726556,47.01274174597511],[10.1437587968873,47.007808243930455],[10.149863834738948,47.006057022160796],[10.151569119179024,47.006112926591896],[10.15336969387257,47.0027555709074],[10.156588419455424,46.999645727169764],[10.153966677943153,46.997763794626415],[10.154321195724902,46.99639662751582],[10.153509353697588,46.99476229535306],[10.151451342374745,46.99363740494858],[10.151716914739803,46.99224848010214],[10.155466893543682,46.98834003132308],[10.155234214492605,46.98722874293831],[10.157142211542043,46.985626523568236],[10.15696699113046,46.98447380186136],[10.154201245733558,46.98452342962568],[10.15307020240873,46.98370539619696],[10.149574810549836,46.983807855864946],[10.147491060845478,46.98270584131059],[10.141906651963117,46.98410939743727],[10.138769809877681,46.97973610421084],[10.138911804906112,46.97791407482948],[10.140157761308368,46.97674349765404],[10.136082169212537,46.973706212101966],[10.13434314264638,46.973113271086625],[10.132024429063152,46.96665266375804],[10.133776830614904,46.96254239635341],[10.132681999347131,46.96090170153073],[10.132152351077886,46.95599356038962],[10.124882308496327,46.94647694896013],[10.123833306483824,46.944206523905585],[10.121985112849071,46.942140126263745],[10.117847790738447,46.93863132551455],[10.112632831623612,46.93779962899453],[10.110023768179547,46.9380227678828],[10.108991465613066,46.93718841297786],[10.109124321164328,46.935198090998384],[10.104875039298088,46.93322959943768],[10.10364663875711,46.93061703882052],[10.101957071690746,46.92951110119053],[10.095380369809417,46.92808123012872],[10.094987322911214,46.92488660680796],[10.096792764747562,46.91764929263059],[10.106066853442142,46.90914364541275],[10.104164105984275,46.90520696271073],[10.106287719773242,46.90268303730456],[10.106900060328336,46.899694956849544],[10.106192458939374,46.89870373645466],[10.106004683446065,46.89571772574871],[10.109094579318496,46.89331313820069],[10.114460791493315,46.886059665843284],[10.118514181879227,46.882856957852944],[10.122392682685636,46.8804642479345],[10.125397339515345,46.879685035471674],[10.127797895299501,46.877985133548286],[10.137988639315468,46.87595589387809],[10.138766126206887,46.870496864027615],[10.13725443640277,46.870267530751164],[10.135967530852822,46.86845056397634],[10.138078574423623,46.86657641424075],[10.137781614725283,46.863360307569955],[10.138638239585172,46.86111736715143],[10.140107078703648,46.86049780245417],[10.140104240141621,46.85865485756351],[10.141358848098918,46.85615125251524],[10.14085139536285,46.8535080003968],[10.142134531334351,46.85173310139351],[10.141881920998028,46.85057248037756],[10.137515161910532,46.84827295782939],[10.12875683825468,46.848127309913366],[10.120090702833933,46.849169533388675],[10.119336750754783,46.84805297239081],[10.117104646822153,46.84810836091765],[10.11640516243787,46.84495366786377],[10.111370787327463,46.84393541727295],[10.11020752418873,46.84290043417773],[10.10232896922357,46.84163369468199],[10.10011751747973,46.84378186899477],[10.098103722310006,46.84660179860929],[10.094578821671043,46.84875312700212],[10.093266806922395,46.85040981055946],[10.090536545250574,46.85125858614715],[10.0894783327299,46.85243043251554],[10.088848401415255,46.85563117869464],[10.09013937476333,46.857829159411125],[10.089775239127587,46.85890444846957],[10.085827255182007,46.86057026031086],[10.084607822663017,46.861924493419814],[10.081090790082749,46.86105417635329],[10.07830208314756,46.861113001298676],[10.072110274403357,46.86267258008432],[10.065803354575483,46.861960499327985],[10.060498928976415,46.862288483093074],[10.056740089429608,46.86150605143062],[10.054081406835614,46.86278923258125],[10.052060278479887,46.86243610135456],[10.048743962729793,46.864461006743326],[10.047968599057649,46.86578551765127],[10.04783510463786,46.869335801769395],[10.04901841808652,46.87280027063805],[10.048639233592157,46.874093680105766],[10.049583749439464,46.87661757792422],[10.042669813707636,46.88067128767739],[10.039616696808707,46.88117081331851],[10.038418522604475,46.884657180910494],[10.034808728291711,46.887493186285695],[10.031833119807192,46.88731122268734],[10.029451924620213,46.88871931515973],[10.02871889876822,46.89017995283614],[10.026296473021567,46.892011503396795],[10.023646379882727,46.89653679630263],[10.02054822775887,46.89721842674768],[10.019491632005389,46.89845088924643],[10.017038966791985,46.899510013944855],[10.014879453821697,46.90235474055638],[10.011659531120339,46.9008551876636],[10.006971592987316,46.90124623067204],[10.00308784410338,46.899530964061704],[9.997914148018728,46.90064378155743],[9.995939303310527,46.90187755844917],[9.992783423800716,46.903015431225555],[9.987295619077482,46.90321043013227],[9.98514121070639,46.90463596164502],[9.983985104867468,46.90625839074571],[9.979612930773543,46.906929821771676],[9.978726417893798,46.90901697571697],[9.979407047904482,46.910009429276116],[9.977961922513366,46.91410184759765],[9.975045857897188,46.91661377194212],[9.971881747861927,46.91638308239759],[9.970031310643458,46.91565001835869],[9.968664233044686,46.914109903569496],[9.965777976000783,46.91374669915886],[9.963745654749616,46.91295381502243],[9.960290736686378,46.91312861689793],[9.958333714367356,46.91558293203845],[9.956249913645777,46.91675544670041],[9.951643277338045,46.9160535797178],[9.943300382180304,46.91308046235146],[9.940681783140903,46.913848975288204],[9.934404670825481,46.91404232023532],[9.927626284990662,46.91651402002497],[9.925556875924272,46.91760815828863],[9.919956390794184,46.91897398068794],[9.913727949800542,46.922401188733495],[9.913323821568435,46.92398468219804],[9.911748031455684,46.92553389688758],[9.90929105466476,46.92681951798811],[9.905133365720856,46.92565495306739],[9.90333241657945,46.92656057546084],[9.897204238961159,46.928068319150334],[9.89484185097112,46.930944375217585],[9.892038593283095,46.93225741777541],[9.885314775115154,46.93297063326525],[9.881586260471492,46.933748929155556],[9.88034226209386,46.934919836677444],[9.877096469464409,46.93579771509088],[9.874851242044711,46.935027175799526],[9.873472458173548,46.9358597522813],[9.874863402826819,46.93886486037227],[9.876721728363062,46.93947841227256],[9.876291114259079,46.94143820485108],[9.873750245293374,46.941436817940684],[9.874389277196528,46.94308625983934],[9.873651265077823,46.945295702552905],[9.873840414284443,46.94847364207354],[9.872057854129277,46.95112127108287],[9.874171322741253,46.952113445935254],[9.874943354407216,46.953643454486674],[9.87451966671492,46.95504504008526],[9.875979132203899,46.95732257255613],[9.874526104181161,46.95914230415419],[9.870450041092772,46.96122260930987],[9.868297029498112,46.96400596826029],[9.8695722640477,46.965890035662795],[9.872642655118474,46.96799179276046],[9.873348175819043,46.97078513241496],[9.871898081589542,46.97279119277375],[9.873338528684759,46.97479256129004],[9.876323378526992,46.975971734543485],[9.87804993008637,46.97869535265972],[9.881728657202032,46.98157839891996],[9.880726513902923,46.98397665582221],[9.881996332221089,46.98619525869008],[9.889136472294604,46.98965618957712],[9.88932887169515,46.991181988917255],[9.887761785832737,46.992581524556144],[9.886675745610708,46.99514588928782],[9.886899548092044,46.99704119988198],[9.88595733270574,47.00145701328279],[9.880246370769834,47.00297948771472],[9.87675501560304,47.00469015786946],[9.876217944188932,47.00444161131959],[9.870436068457217,47.00707864669675],[9.869194278673023,47.01115567322988],[9.868190680044405,47.0131834504367],[9.86892903694219,47.01419086842337],[9.872582825072772,47.01496266270033],[9.874443636397915,47.016979942892206],[9.877529572714405,47.01795385472478],[9.87658138581616,47.02028664178338],[9.873426204665996,47.02195677155709],[9.868361687913376,47.02231673383687],[9.866839027056043,47.02192728827724],[9.86261180598246,47.02230192270944],[9.858750260017388,47.02305515759229],[9.856924938790042,47.02393987644867],[9.854137180681379,47.019532224428595],[9.85092566375436,47.018162198701035],[9.849908508772197,47.01714295034127],[9.84333759083471,47.01695010066965],[9.840227807062757,47.01589173219967],[9.838188469829264,47.01584879277211],[9.83532293464236,47.01367959433538],[9.831336965385354,47.01426341030703],[9.830240912999443,47.01532367344558],[9.827936514838433,47.015048998749954],[9.82591881240884,47.01755259457136],[9.82287106406678,47.018455036213794],[9.821310408485843,47.02034715387063],[9.815355949375906,47.0225409651389],[9.812375621388622,47.02327544546727],[9.809507119495866,47.022462306184295],[9.805985789654576,47.02445352228289],[9.803910362136504,47.02497819337967],[9.801314901925036,47.027361842113464],[9.798534881252035,47.0288218707139],[9.7985804778164,47.02981695367969],[9.795156221469504,47.03080613807075],[9.792834269911697,47.03093878363455],[9.790312411237773,47.03197639952213],[9.78906953394108,47.03241563228476],[9.786821872899452,47.03548771273202],[9.782513427109109,47.03747088016099],[9.781542177030875,47.03927455993706],[9.778281250451258,47.038703638638616],[9.7754904518439,47.03955067301137],[9.764697616904433,47.03950702457753],[9.760257694663798,47.03810084889366],[9.757548360611322,47.03804910099102],[9.754126255764367,47.03856967628725],[9.751259391772253,47.03759118282462],[9.744631684763263,47.037787497617785],[9.743269680972233,47.03949901020634],[9.742380503381996,47.041831654701],[9.739414328922672,47.04222308274097],[9.73891385137722,47.043324978863836],[9.735425833596592,47.042618721221736],[9.731808476001582,47.04302968151543],[9.728755450740442,47.044185429158865],[9.72590473990777,47.044037474319424],[9.722155761257328,47.04474750622794],[9.715734950341023,47.044072670553646],[9.714011792873778,47.045589332519626],[9.712128928160354,47.04587585257409],[9.705648354429844,47.04803575537991],[9.703932825096304,47.049064579219824],[9.702852129804787,47.051078742026995],[9.705331119920919,47.05211399376708],[9.705314358299798,47.05355071067595],[9.704221693217473,47.05449809523491],[9.70134086463736,47.05333810341414],[9.69877011193509,47.05293288511031],[9.694740517512194,47.053116478630386],[9.689676584734583,47.055318985369084],[9.685371752704505,47.05595408120417],[9.679204100480773,47.0596790422373],[9.6798211212262,47.06106328322281],[9.67902078106467,47.06282540455712],[9.677009420003793,47.06294050297487],[9.674611092605879,47.06213107256141],[9.669846538918543,47.06043976435596],[9.666428485404483,47.0599787547944],[9.663833904306719,47.060667600662825],[9.659967446515964,47.060233080739415],[9.656450926743183,47.05900462827114],[9.651450742159534,47.05906071394476],[9.646751660893417,47.06013100187759],[9.642237587337936,47.060501969808236],[9.640881745536404,47.05980601599447],[9.64036858276166,47.058158090299074],[9.638318958787634,47.055890994061215],[9.638505427967589,47.05464963535258],[9.63372209982776,47.052429806603044],[9.629852651541963,47.05197936447373],[9.619389024570834,47.053193405962695],[9.617205783108458,47.05404129353406],[9.614382570331188,47.05435275307424],[9.612895009215688,47.05604108571852],[9.607985188827382,47.05834510883567],[9.604234693994679,47.06149897975254],[9.60794975938973,47.06420859898045],[9.608969838620954,47.065576317586135],[9.608302990789202,47.06756723679775],[9.609861941342619,47.068610567450456],[9.610551564602911,47.072008317868935],[9.608683179832731,47.075062923186316],[9.608744791078399,47.08017074302864],[9.611154310995714,47.079364799789055],[9.615844836103353,47.07886844861],[9.620694942004347,47.08324822193182],[9.630169246600044,47.083926294922186],[9.630369707031544,47.08696374437217],[9.632519772645255,47.09134596302969],[9.632866019526125,47.09696361688362],[9.63155980599962,47.10181666977854],[9.627164278795721,47.10553658878128],[9.625390040139695,47.10619516453562],[9.625706669714612,47.10822535308853],[9.621758507121386,47.10834619288942],[9.619146642134762,47.109304601592044],[9.617991286468884,47.111269266642175],[9.620748548749464,47.11351564110351],[9.621654140962356,47.1150571926219],[9.621895475440516,47.11871935310411],[9.622687763073765,47.120169457269505],[9.628119075344346,47.12411497602829],[9.630560372608441,47.126522206991424],[9.63137212259086,47.1287435936264],[9.628599816574106,47.129974560985346],[9.627225595496595,47.131152913418376],[9.623561701831225,47.13223257383256],[9.621882654774543,47.13335048397899],[9.62141793031899,47.13583153753829],[9.62219221151788,47.13831498816251],[9.61976370745647,47.14190284368795],[9.62301466999804,47.14661187638805],[9.62043097629245,47.14786333132454],[9.617737867746301,47.15236918432538],[9.611906239776037,47.148482763989705],[9.608279600704954,47.14813559766349],[9.605873262486552,47.14848902794323],[9.602449454425061,47.14992498770393],[9.600003911326107,47.15233555038892],[9.599930174992782,47.15495746981363],[9.597651150468291,47.15738759616068],[9.598131513921206,47.15938884122428],[9.593915388559154,47.16361398471741],[9.588085245170019,47.16540901527797],[9.57661501506711,47.17185677168431],[9.572371301942983,47.17057272751991],[9.568495905836988,47.17021620988868],[9.567110353644413,47.170700618818834],[9.56334315731326,47.170590908661026],[9.562430418568235,47.1710666832191],[9.563892938560356,47.17355284783823],[9.57029884553658,47.17642945369458],[9.570830851458883,47.18125781057068],[9.570679211305443,47.186680104225864],[9.569759715678288,47.19151905777191],[9.57179651837894,47.19242896604898],[9.577456819956325,47.19649746568317],[9.578313739103072,47.2007264257921],[9.580771985212413,47.204486817982826],[9.581966650939734,47.20529419545041],[9.575640970752973,47.20962194079402],[9.574709145080591,47.211985145983654],[9.5728194488394,47.21443123688896],[9.56868565089961,47.21774852192334],[9.56642055469127,47.220096993132316],[9.561868858803168,47.22149994642033],[9.55899743189021,47.22372750787415],[9.555710963646257,47.224841694426125],[9.55257040075579,47.22323533636166],[9.550560880693139,47.22640842679871],[9.55184570784774,47.227389006527225],[9.553527319380507,47.23089190877334],[9.555614670582779,47.23372620347156],[9.558523131391837,47.23605939464308],[9.564567875081332,47.241641451258104],[9.563882121467314,47.24363861578829],[9.559562129678438,47.24785636424142],[9.55665695857682,47.251190545599094],[9.554262888189665,47.25196720628281],[9.548798393246274,47.255981180080845],[9.545125168427642,47.258050065594055],[9.541268909191238,47.259200298465814],[9.540111779095977,47.26026021384611],[9.536679233297086,47.2620753375048],[9.537551716797916,47.26349202819576],[9.537060039000156,47.26562840211692],[9.534975660826722,47.26682965120804],[9.533576067905136,47.26668710036845],[9.527906274165764,47.27130446534194],[9.530313479277565,47.27381944333195],[9.536787539392893,47.27693756617925],[9.542574787397367,47.28017003768321],[9.543528064483864,47.28098705102731],[9.54813034868559,47.28691792800718],[9.549354352671783,47.28945904556418],[9.551656878285046,47.29634355913229],[9.553627888433113,47.299098895658595],[9.556383781335274,47.30091465843335],[9.563368841662342,47.305126202264425],[9.575499378539496,47.31031010390053],[9.57890952864358,47.311962322370924],[9.581048733622543,47.31367013881466],[9.585446891637062,47.3182672826373],[9.586482013818305,47.31998440937597],[9.591703814195933,47.33378008561488],[9.593511040008812,47.338242925141124],[9.596459365461808,47.345447971265386],[9.597967674061909,47.347710914043326],[9.602940387612163,47.35258282198884],[9.616832692245142,47.363157550504276],[9.62163823860842,47.36686757347422],[9.623451147961976,47.3658032489852],[9.625583222687215,47.366610532945536],[9.63077995489569,47.36785434297055],[9.634076413312505,47.36820500932996],[9.646704609417956,47.368168576420665],[9.651044562324257,47.36880317434998],[9.655936000424807,47.370184064616474],[9.659586950975765,47.371803571086694],[9.663061458532741,47.374365065795],[9.667430170290089,47.37815961062266],[9.670529802659715,47.38223290345637],[9.6710230274764,47.38459723489313],[9.671314071677774,47.39002664940174],[9.670737857835704,47.39201317736705],[9.667786363117294,47.394404323824325],[9.658634512274443,47.39752538222343],[9.655913948063501,47.39930917023156],[9.651551803082123,47.40512258274242],[9.648794946482111,47.405349076242615],[9.649039609013167,47.409514420679024],[9.64825228057423,47.41696177209557],[9.647364872304363,47.422208489056665],[9.646259811398323,47.42529329914912],[9.642474641201003,47.43231791377437],[9.641560452988271,47.434812450976416],[9.64165386440261,47.437050793851526],[9.64330259390863,47.43987551196268],[9.655164478691233,47.44851181594661],[9.656215111799135,47.449843191169236],[9.656608880410563,47.45210456370628],[9.655252833079407,47.453693257358886],[9.651594592824159,47.45497310113725],[9.642367106185915,47.456449946496704],[9.63611909357507,47.45695671386692],[9.624028334144588,47.45738074499207],[9.619236136189077,47.4583038825291],[9.617671284543478,47.45928296205634],[9.613463683466422,47.46352932369526],[9.60933560344239,47.46953410611778],[9.606191298435583,47.471268047433135],[9.604408048327947,47.47105056049308],[9.602003643856204,47.46435215208447],[9.60077219217288,47.46313163537084],[9.598603128243973,47.46232190807474],[9.593189042283827,47.46347042404967],[9.590053123568174,47.4666961752656],[9.580619820255892,47.48184894018525],[9.57883356269784,47.483994727418725],[9.575890882250743,47.48607166833927],[9.563676692420637,47.492673630607],[9.560432177789915,47.49518914359715],[9.559020177329709,47.49735265730645],[9.558473470459731,47.500808576608954],[9.559000491603138,47.50528281376334],[9.575891483429718,47.508236233244844],[9.61378241176977,47.514851178860454],[9.637723710860172,47.51902358905906],[9.665000937735615,47.523770376211125],[9.725474929957288,47.534268068126515],[9.72745632147834,47.53478134592794],[9.729273360385836,47.53444768379634],[9.732843452479361,47.53492950998965],[9.733798793016463,47.53561699278707],[9.7332408544212,47.53834430454473],[9.733157901155787,47.54393485799832],[9.73228786126715,47.54628784740642],[9.732608742372362,47.5477213888697],[9.734498998005304,47.54877093695368],[9.735703593734168,47.551474300939894],[9.737823035043707,47.552540781861325],[9.738879680444729,47.55560642258997],[9.742175737284805,47.55541901841361],[9.74394711186404,47.556059183761334],[9.743461085489074,47.558067729899705],[9.740707897513408,47.55860436973878],[9.740733796531204,47.559662228813266],[9.74437024760367,47.561755304574355],[9.744394588357217,47.56470995526087],[9.745445051611178,47.56606132156977],[9.74908018184752,47.56800332024807],[9.749043314232695,47.56889321374078],[9.746086066951104,47.56996511417407],[9.74528727889894,47.571327643395804],[9.747916687889424,47.5719490687963],[9.75052700682336,47.573179326688056],[9.752841469113573,47.57288534772455],[9.75360724797505,47.57350737956078],[9.752555946396905,47.57675341333551],[9.753809321240528,47.58060184163633],[9.756097107291202,47.58063768429986],[9.75912331068254,47.58167299101792],[9.757856402692175,47.58428313704818],[9.761012740909756,47.58726320920695],[9.762392687596732,47.589305368043505],[9.763786238976033,47.589945765130906],[9.765769717119303,47.58823022377567],[9.766770872883214,47.589404914604856],[9.76936930754117,47.59000494340864],[9.769734804519913,47.59095631704585],[9.773109717594943,47.594125549008055],[9.773974966321541,47.596099525054086],[9.776015829896519,47.59608505274624],[9.778161757850222,47.594805395287956],[9.781596259766797,47.59543237293603],[9.783434163791894,47.59488793726284],[9.788802669903449,47.59425664139302],[9.791623262237747,47.595125100392394],[9.792650696824714,47.59442482990246],[9.795324515550409,47.595277140707665],[9.797091242953336,47.59681809904502],[9.799583565236047,47.596626264013246],[9.808012042438834,47.59184824110022],[9.808267820552047,47.590699124336325],[9.810530510508444,47.58991404985532],[9.811283154311049,47.58883907715664],[9.815288170254302,47.58956387893454],[9.817471623702062,47.588360957551934],[9.820992019625614,47.58784007959057],[9.821965722174353,47.58175865962856],[9.824458937231512,47.580693705883895],[9.824551869082342,47.57935981640637],[9.82339209651414,47.57710643482243],[9.823044789455983,47.57464642666224],[9.821846301391066,47.573445050003784],[9.817933797683374,47.571575311291596],[9.819188077160055,47.570147118030455],[9.819200634297095,47.56848049851753],[9.823254496367348,47.56212345353473],[9.822792135694066,47.559925424281566],[9.820814598482233,47.55887283587281],[9.820343717464857,47.55751105112363],[9.817695046914174,47.55548028161904],[9.814277119804771,47.5540490083003],[9.81326966724272,47.5509700252817],[9.812245876131021,47.55036353739677],[9.813175705871993,47.548256450511694],[9.822121616055226,47.54805186052288],[9.826443596831458,47.54692560917684],[9.826928505743602,47.54525343563684],[9.831154650537673,47.54488188767386],[9.831727311713093,47.544158503300984],[9.834529522534064,47.543571240652625],[9.836395414584034,47.54373568215221],[9.837638906136467,47.54271614717616],[9.84159662888623,47.542023610092954],[9.84418323226983,47.54282995392797],[9.847470292302917,47.54233710701248],[9.847808459113422,47.54154873127228],[9.850401750185057,47.54086425428138],[9.855398900595867,47.53480358908145],[9.859186809280006,47.53404441756208],[9.860731350717595,47.534262234420375],[9.864377212766179,47.53241757255601],[9.869961047353753,47.53091110288247],[9.871652054892266,47.52925971450445],[9.872794634158037,47.5329130892059],[9.871126737656898,47.5341354157518],[9.87339370132872,47.535899258775295],[9.873396295061276,47.53708284506407],[9.87521699188482,47.53942497883685],[9.875049386520509,47.542268949188255],[9.872666232204823,47.54335508558362],[9.873507188722476,47.54565668628362],[9.877395933603122,47.54863554637214],[9.882158099130596,47.54758281563186],[9.883741411679473,47.545894326120894],[9.88809658487093,47.54469916009386],[9.894518476672882,47.545650369785726],[9.899212674471062,47.54489913674404],[9.905603798675182,47.541415751342605],[9.905711394236784,47.53909162278325],[9.908710914166145,47.53694665030693],[9.91047136426767,47.533525398399725],[9.913985062306798,47.53160017475441],[9.917887624518555,47.53040934598431],[9.919771015843207,47.530436878927965],[9.92378145107897,47.5319785084573],[9.924499693181724,47.53175237760672],[9.928030995298275,47.533281138471665],[9.930698765200635,47.533370954127236],[9.93381291806569,47.53496946417275],[9.938254725847916,47.53894359352979],[9.940869800912637,47.53782400564942],[9.951152088325124,47.53639380596298],[9.956285739752685,47.535226369855714],[9.961140648980262,47.535814206301346],[9.956660212983609,47.53890933103556],[9.957716691983782,47.54218953923265],[9.956161370491113,47.544026595075636],[9.960355827504065,47.54301078739523],[9.962024138611408,47.54504515581585],[9.963258121487574,47.54505241943801],[9.96521457949897,47.54706187957668],[9.967808708656467,47.54653436683071],[9.968335598260104,47.54492095903803],[9.964299666857062,47.54205528304485],[9.964187803024723,47.539215544396946],[9.962016263958986,47.538724228647624],[9.963023901597097,47.536489884397064],[9.962043073153009,47.53274392166208],[9.962442827511712,47.53084293572671],[9.963947854500333,47.53098542059441],[9.965421428663705,47.52915001581308],[9.964481138154163,47.527643916748],[9.96504133030366,47.52584129751341],[9.962190659269536,47.523721220675526],[9.96241909035658,47.521623282788234],[9.964489123527871,47.52010532154112],[9.968162773784098,47.51824328748324],[9.96894893220538,47.51618593810589],[9.970025617574876,47.51625382423891],[9.97526688637449,47.51425555053657],[9.978351694312439,47.511213140051],[9.98173194625482,47.51169422616779],[9.984582675352835,47.509380943633474],[9.986758667059144,47.506463068314744],[9.99287107099146,47.503499292554224],[9.987848108050027,47.50056975366361],[9.98453527560311,47.49918581293048],[9.985852719313817,47.49777600306977],[9.99223908270482,47.486976867260346],[9.996688566113756,47.483737773966546],[9.999411015970578,47.48249256411542],[10.00216723532629,47.48300221706307],[10.00611987078757,47.482977036944526],[10.007387432391281,47.48251979252285],[10.010885466373736,47.48376743279794],[10.01352782143003,47.4855459963145],[10.017398892444701,47.48446017321075],[10.020016423271784,47.48479210774081],[10.02533106182414,47.4861191887068],[10.032237143522947,47.48935385381023],[10.034595458307908,47.489898611763174],[10.03950256028611,47.48833909297099],[10.04132852528109,47.48843128258938],[10.044206383212002,47.48717040676204],[10.04245881219961,47.4855803850801],[10.048648018182258,47.47881281820556],[10.049841873709362,47.477067118847046],[10.051277999804721,47.47664782524615],[10.051782763630435,47.4751535170467],[10.05034855356253,47.47399610965092],[10.048815127690387,47.470948746735324],[10.050092433679632,47.46992578594184],[10.050632404551193,47.46757427276577],[10.051588284671297,47.466918782643035],[10.06185714450905,47.46435667210035],[10.063505512639086,47.462498565591396],[10.065082279663567,47.46209852702382],[10.068225158914206,47.45655513592457],[10.070627448211365,47.45631148105379],[10.074068916829345,47.45697817088144],[10.07568664494044,47.45619508128941],[10.078096809913838,47.456160328738505],[10.07990545276125,47.45741186647792],[10.081221173857381,47.45940519119515],[10.086713650316385,47.461132363294084],[10.088823957219386,47.45961390546845],[10.08881878089608,47.45753363191193],[10.090947975990577,47.453017192377736],[10.091767853709364,47.45232817897279],[10.091776794334857,47.44974257031467],[10.090423638926717,47.4488596489884],[10.090127536038054,47.44479114216412],[10.09120178636614,47.44105790191641],[10.092394937156529,47.44031579153796],[10.101056495934124,47.43122557134696],[10.102760721868798,47.42943805684516],[10.098203071554032,47.42696876515167],[10.092997989108028,47.42287467497382],[10.092498532516775,47.41919303244783],[10.090889612848635,47.41761015796759],[10.08663948852192,47.41680335149538],[10.084281730940907,47.415582394021776],[10.080691875043154,47.415390891266476],[10.076370444628221,47.41604396173281],[10.073626333747395,47.41514281756507],[10.070795318012706,47.41515218607402],[10.068995884077406,47.41319801819716],[10.069281389871868,47.41198511746637],[10.06785461887151,47.41087284899179],[10.0677679485509,47.40832048556137],[10.073665419448009,47.40508254835325],[10.076761112997737,47.40509794931188],[10.07800685745703,47.40420107565431],[10.078806811162359,47.402140528667246],[10.08349564254397,47.40006310031042],[10.0834055460719,47.399013485692095],[10.08141354677263,47.397159667891906],[10.080014383271134,47.39461773206144],[10.094800257756095,47.360579545574325],[10.097013498573132,47.355482519485925],[10.11650965136806,47.376335070568906],[10.135095075880885,47.36860869804929],[10.138861122728422,47.367901367085665],[10.147011057338911,47.36782389264004],[10.161145909721862,47.36928650031574],[10.163048993277563,47.36959674243113],[10.166753684278076,47.3720218050919],[10.166158563834596,47.37580804701401],[10.166189576814734,47.38152780447905],[10.166570641171953,47.386551979564786],[10.173709901208108,47.3859872624444],[10.178478177061706,47.387973556447285],[10.179014807942595,47.39313971813587],[10.182496169183358,47.39139560906508],[10.187390758817248,47.39018600037192],[10.19215131666309,47.39008974130895],[10.194302362247294,47.386578370580374],[10.197229844014684,47.38400279358253],[10.20056215029006,47.38333907091685],[10.204170717733936,47.38397311380583],[10.20646440816586,47.383322670197295],[10.209449431147632,47.38172773583911],[10.2118234991568,47.38264450670188],[10.216058292623913,47.38342709349132],[10.221550117748674,47.38778313232863],[10.22327572300176,47.38820304537352],[10.224125371027316,47.38956199679234],[10.226398178524974,47.38906753854864],[10.227932792124943,47.38689504917153],[10.233435817973822,47.382579005899544],[10.22979981701614,47.380855129026614],[10.229064400869179,47.37939324385827],[10.232652150119204,47.37687426864623],[10.234189635234534,47.37437608647386],[10.232004677318416,47.37143966065829],[10.227843727253784,47.368771177558436],[10.226328577972268,47.36673213088425],[10.226152252945873,47.364119566000554],[10.223056660714077,47.36293455416143],[10.221916583168326,47.36161359713334],[10.221791765332625,47.35954522676235],[10.219860661826338,47.35812526921277],[10.216430893015103,47.356822272703475],[10.213957011153969,47.354417677703516],[10.214749973550136,47.351329055778756],[10.213024986858626,47.34909326251127],[10.210571938718855,47.34753668158102],[10.208943276642573,47.344940914587234],[10.202834647888622,47.33961781483429],[10.201410441523775,47.33747587579875],[10.203913679281374,47.336575448918396],[10.204745887667146,47.33338656079418],[10.202887808661655,47.33115161971706],[10.19818550140313,47.32893146433203],[10.196682376710275,47.32718296084071],[10.19935525211084,47.32507542080879],[10.201517561842735,47.32454382194106],[10.203509760041916,47.323317567629246],[10.204722241981157,47.32147668535288],[10.206076625452825,47.32134178054921],[10.208282044245031,47.31973308615575],[10.208063859985291,47.31818359060727],[10.213145413016377,47.31178679548378],[10.211545829266447,47.312165770231495],[10.208883831029775,47.3114204889319],[10.207660994731917,47.30809474998077],[10.207831290108516,47.30709608624692],[10.203694185448095,47.304018541078875],[10.201365637933652,47.30320629701943],[10.198809540946888,47.30010563556977],[10.195575644041337,47.29839330619968],[10.192479847363456,47.29782830986197],[10.189839974474406,47.29611323813359],[10.18566437776813,47.29464428929847],[10.18104976680644,47.294927144924166],[10.178890614410367,47.296814756409226],[10.176777095333847,47.29674823707325],[10.175429963471316,47.295373193001666],[10.174320315470375,47.291169278720496],[10.172415133086881,47.28912597034844],[10.173102734170591,47.28277328782014],[10.170946453947899,47.28064851849438],[10.169250645198016,47.279800065458026],[10.172371298375937,47.2764897280138],[10.169686301746358,47.274847181222064],[10.170873773594924,47.273629285907695],[10.171215300514982,47.27097225076818],[10.175515804959819,47.27083541340971],[10.17138400621394,47.264599153916805],[10.175878715836843,47.26391964957674],[10.179246122666607,47.263033665391305],[10.184531146229643,47.262795306599365],[10.186843356889458,47.26155417573724],[10.189128889052594,47.26188319174996],[10.192000361923117,47.260185328843235],[10.193685196301404,47.25843808950195],[10.1995454488494,47.25789583223419],[10.203085974540459,47.2580375147278],[10.205509117791392,47.25713909343313],[10.208622612798386,47.25701486745619],[10.210630090549897,47.25594079565937],[10.213805297085324,47.25610519628843],[10.219211448667016,47.25429928523913],[10.22075602148568,47.25071427171817],[10.218729671425859,47.249465994108775],[10.214721823146533,47.248146770894095],[10.208274220567326,47.24880551651418],[10.20696541566448,47.24813156133694],[10.20331174087299,47.244324285323806],[10.199476831815762,47.24234837449664],[10.198428978552132,47.24000673435558],[10.196120233453575,47.23933739192392],[10.194909802163204,47.23730371456389],[10.19469880092405,47.23628277203087],[10.197550942065492,47.23404802823822],[10.200823179716835,47.23314516251206],[10.202598552530697,47.23355240694951],[10.20463344600548,47.23251604233023],[10.207508201158202,47.229599110206735],[10.207983379098136,47.22791073798077],[10.20733468878889,47.225959949405514],[10.209901184082353,47.22502533252539],[10.208338784087376,47.22168301117971],[10.208398403934451,47.22068464389034],[10.210436396642038,47.21829978368829],[10.210446131723407,47.21477082641814],[10.209398418929542,47.211232342963086],[10.210675658561874,47.20780105930368],[10.209851393568886,47.204996748514404],[10.208551205062058,47.20380090722406],[10.205216003574622,47.202146598029024],[10.19870304795062,47.196586420369336],[10.197222676036233,47.19576585253382],[10.194006949959036,47.19508738484507],[10.193828427335305,47.192483697633186],[10.194947611851687,47.19097079299789],[10.196568179872179,47.18638745502392],[10.196954582159938,47.182524391804],[10.201511065037137,47.179921219869826],[10.200995980019256,47.177071913741926],[10.203886097366082,47.17417609052683],[10.208581427535876,47.172052842700865],[10.206423430081712,47.17081081167571],[10.206305189839567,47.166242113501724],[10.204474483011293,47.16369996271391],[10.205311162433482,47.1596888766648],[10.210157276244534,47.15830616955267],[10.213173672046215,47.15546142874258],[10.21606451466067,47.155135563341254],[10.218003656374611,47.153824021538256],[10.218988213828503,47.15017611897909],[10.217105358539422,47.148495329972434],[10.214765849238246,47.1475291511194],[10.21409618648099,47.14621174555301],[10.211794479856437,47.14444058924403],[10.208294990259889,47.145275878470606],[10.206553645500883,47.14509073797023],[10.205222577806843,47.14401706166173],[10.203367622061991,47.144138432552296],[10.200561475746653,47.14318523311226],[10.200717771115011,47.1377056343665],[10.207698264032382,47.133988987159306],[10.206545594121,47.13241872718679],[10.203948376892098,47.131617396586336],[10.200180658689831,47.132184975680765],[10.192864695077475,47.13186537553626],[10.18346165699945,47.12968500067958],[10.1838187810999,47.12478266825602],[10.183688353701802,47.120307012364336],[10.181642418946524,47.11945493723027],[10.179949384105141,47.12103481369786],[10.174516687345502,47.12044981061658],[10.169930032157326,47.1210053457172],[10.165884387802851,47.11990582922501],[10.164755003648795,47.11823624244061],[10.160149934877118,47.11430417701853],[10.155480468222164,47.11548123624088],[10.155036386433297,47.112957887854634],[10.152043908289206,47.10857737100128],[10.15163203054062,47.10665087398716],[10.149948339923947,47.1046038698301],[10.148442828015156,47.1038568814747],[10.147984393814053,47.102135194425856],[10.144365936902451,47.0990591617033],[10.142048191675253,47.09766091227317],[10.13976924008596,47.09321556425576],[10.138074855922456,47.089226318173175],[10.136902576399503,47.08776854177691],[10.131893657378942,47.085135029227466],[10.129922645348215,47.082230294733414],[10.129592090580973,47.08008489513267],[10.130705085035299,47.07861162544421],[10.130852292637453,47.07129139406462],[10.132460268220127,47.067914713367436],[10.131774854732933,47.06461230569468],[10.13758461866453,47.063636703925575],[10.140137009937584,47.062043882693274],[10.142359572395174,47.06156381793908],[10.147120277307335,47.06187756984247],[10.148036589163935,47.06255145720598],[10.151246588684097,47.05599543669051],[10.154079370896584,47.049597822825234],[10.152287240886674,47.04417373973796],[10.14883490485051,47.04087608434627],[10.1449722654034,47.03816430356339],[10.143622201874402,47.0380350028496],[10.141360449087381,47.03431025095084],[10.137336884498255,47.03220296955597],[10.131710106273683,47.03007593651905]]]]}},{"type":"Feature","properties":{"name":"Tirol","iso":"7"},"geometry":{"type":"MultiPolygon","coordinates":[[[[12.708906048803351,46.736370258232114],[12.711539385069816,46.7317470862966],[12.7094800807004,46.72659030366926],[12.709034049702923,46.724098803883614],[12.707263057855057,46.720634213578116],[12.707442668527312,46.717953972508724],[12.706296762305705,46.71576370866946],[12.707189941106854,46.71389481828768],[12.710130708345439,46.71297014466105],[12.711843666434346,46.71079566339632],[12.714408873994078,46.70908067728289],[12.717101571419771,46.706151776072566],[12.718701351533454,46.70366371626773],[12.716302639462011,46.70323736713557],[12.711493923209305,46.704727089323555],[12.70955273785895,46.70459320952237],[12.708084652728127,46.70574647325664],[12.702560582085379,46.70605356563061],[12.700008735342523,46.70486370182168],[12.698636303647502,46.705180022396945],[12.695637039164449,46.70462307732401],[12.693500233084823,46.70506765140015],[12.690614798152478,46.70355472473433],[12.689672860704674,46.70236558123919],[12.690819762047754,46.69672700528972],[12.689316986355374,46.689502562544185],[12.685985333440058,46.68750197509571],[12.68387095004645,46.686924493893216],[12.682915290126092,46.684276091637685],[12.684298484233862,46.68163484382852],[12.680909662247705,46.680743593641544],[12.687272166205576,46.675574707457834],[12.686213436731792,46.67375590383749],[12.688670896976495,46.66537785762676],[12.687814998391627,46.657687939565015],[12.68361967500748,46.65771921681655],[12.679220029239739,46.65662143220149],[12.67582631383372,46.65722195621228],[12.672922598423208,46.65830879970925],[12.666666141825097,46.65797510065552],[12.662742377914066,46.65857687100032],[12.657662872981081,46.65767576050071],[12.65506635732161,46.657971346401474],[12.652863188889674,46.65631252745465],[12.651085317589843,46.656381162119835],[12.647151149258189,46.65370127655701],[12.64168025004458,46.65354579188039],[12.638893996829342,46.65271112539658],[12.637048404303085,46.65431707104624],[12.632731945560648,46.65477374619359],[12.630805533835122,46.65570729392179],[12.62923059575841,46.65768353903581],[12.6292108809798,46.66017588353612],[12.62821625546327,46.66210597394938],[12.625236905628999,46.6614554856942],[12.622478679603088,46.66237566683703],[12.6193624799929,46.661984836255925],[12.616919889384562,46.66259248418742],[12.615319087855786,46.662302386325905],[12.613660308670104,46.66088218525858],[12.609450919219343,46.65877878784456],[12.605480559996085,46.65867858046398],[12.600802584015328,46.65685644615138],[12.598680460530211,46.6572061820948],[12.593856338443562,46.65718224942559],[12.592058119462756,46.65752273442446],[12.577995337630583,46.65693427720205],[12.573579215945639,46.65705869588022],[12.571215565176042,46.65490894771823],[12.568307328314534,46.65362773991096],[12.566209391674013,46.652082560752206],[12.558435612393119,46.65322784483572],[12.55707280561071,46.6538676995522],[12.55570066743529,46.658188169746964],[12.550584035472513,46.658740844365624],[12.548422273560332,46.65947484467683],[12.545696751658564,46.65954449711514],[12.539842785034747,46.663861057865795],[12.537460046521272,46.664849476272586],[12.53381131477758,46.668148891987975],[12.530170507744948,46.66859087289627],[12.526623431389567,46.670693034509135],[12.525353097695382,46.67482384674973],[12.520246836270038,46.67621053848608],[12.51700161154611,46.67774939988441],[12.51474695584595,46.67808230267481],[12.513626024949726,46.6791660174721],[12.50586892337702,46.67847094112394],[12.503262108135566,46.67855808247042],[12.502544897567995,46.68031682355504],[12.499015221610012,46.6813169661524],[12.496481222118037,46.67848608933268],[12.494325559333646,46.67903203741836],[12.492976398068524,46.6777211308045],[12.490166589251821,46.678138314606215],[12.487804714403511,46.677376232467594],[12.484691099499027,46.678012902419944],[12.481562131332488,46.67771220233923],[12.477074141208773,46.67797098055978],[12.475099213804464,46.68055595125653],[12.474708077059095,46.683542924759145],[12.473218725605383,46.68630648240143],[12.470932640851029,46.68748627385049],[12.468244221531018,46.68740506925761],[12.464536267837161,46.68802484927405],[12.462683925049143,46.68724411344743],[12.459050999580333,46.687470166573],[12.457531007160854,46.688159269837705],[12.451665416003715,46.68880219266513],[12.450528088396025,46.6902885594399],[12.445376570631193,46.69030874352038],[12.443318614411929,46.69091028339818],[12.440203815380576,46.68912553890478],[12.436510810690212,46.6906045805665],[12.433769205188543,46.69288581580977],[12.43132616267606,46.69417640422128],[12.425029059170924,46.69589691657278],[12.425328024929936,46.69770726771338],[12.424214927277898,46.69980654007058],[12.42184169168693,46.70046076638138],[12.416330012759843,46.70002275996463],[12.411010906032935,46.70154356127046],[12.408330332332866,46.70343695215365],[12.407221375564845,46.706248499688634],[12.40451185810348,46.706194586407136],[12.399263806571952,46.707831236208456],[12.398089087535944,46.709755364375],[12.39592226999545,46.7111273931366],[12.392735886007035,46.711693641738165],[12.391020681545616,46.71320872157496],[12.388217675145452,46.71407984686541],[12.38516117761698,46.71567296934723],[12.38390801806668,46.71730474988428],[12.381234859329693,46.71705190301559],[12.376268979461543,46.7211632753947],[12.374798258989214,46.72301852722734],[12.37497673854779,46.72726622161263],[12.372913385261205,46.733156185408724],[12.371536000039535,46.732709221101224],[12.370262142104119,46.734550886471865],[12.368427896151266,46.741053453765694],[12.366334601999586,46.741106928609256],[12.365599927789964,46.743013444967325],[12.365874340213015,46.74522302462967],[12.363725432411288,46.75083531644808],[12.363276504580396,46.75454225342536],[12.361727199201649,46.75630903121932],[12.360389674442398,46.75916687575843],[12.357820705824343,46.763058725843635],[12.356691124445359,46.76566015746791],[12.356372880264546,46.76840374587411],[12.355210987550933,46.77014211125681],[12.35644162522615,46.77310127749767],[12.35460834340331,46.77568491587727],[12.35162219894688,46.77576162797575],[12.34953239930279,46.77658834463994],[12.348587738228963,46.77775479051811],[12.344342478228826,46.77758953446358],[12.339777451995495,46.776857284759664],[12.33773477532586,46.778333711916886],[12.333680636299832,46.77979693961533],[12.328221392506366,46.7800902508072],[12.32363501396631,46.7823712191487],[12.320199505535848,46.78263476365351],[12.318295277337713,46.783320574403795],[12.309917854593609,46.78472717915616],[12.306142163751153,46.785705936866705],[12.304021590307448,46.78499305844028],[12.303397367717556,46.78393346648893],[12.298736400540989,46.783460095319406],[12.296959021612816,46.784849858224064],[12.294898343010816,46.78512683983002],[12.290964582895528,46.784194502905144],[12.28203465537553,46.783416298480375],[12.281110691967568,46.78364374365115],[12.280026760551017,46.78738445717215],[12.277616886816888,46.79050341512206],[12.278684205261623,46.79393580754392],[12.283875466502245,46.79509899044071],[12.285331751369712,46.79761949436998],[12.284565784404045,46.79906387397033],[12.284838859584948,46.80133900077003],[12.286458801531042,46.80129937305905],[12.28867767465247,46.80230737874622],[12.289163474284504,46.803592721216255],[12.286379253013742,46.80655076058362],[12.286333696049088,46.80914022689279],[12.284258959979159,46.811615073626584],[12.282423166455965,46.81298887287628],[12.280103132123255,46.8156553798646],[12.28139606824907,46.81733187307759],[12.284929119155843,46.81990071952996],[12.285393319530641,46.82175540021074],[12.289651268459673,46.824165406755],[12.290171317990524,46.825111812183],[12.293021368651232,46.82718035165684],[12.295629355541005,46.82810251856417],[12.30018010552522,46.83248369400636],[12.303076828478876,46.833954713426024],[12.302678530873816,46.83743345201174],[12.301973007353428,46.83871040856992],[12.303211565282222,46.840292741897386],[12.303639122667091,46.84259306802181],[12.300350512805341,46.84377370800658],[12.293127322845674,46.8441981261722],[12.292782817348037,46.84698668864339],[12.293809624596957,46.84800962749343],[12.291309291505767,46.85026240506887],[12.289170190482922,46.85056873050032],[12.288210054878554,46.85283166691368],[12.288765797481739,46.85480811737061],[12.286865710118796,46.85742969794401],[12.287836402690413,46.85962631110637],[12.288080256693203,46.862190285745164],[12.28719237130748,46.863165191230905],[12.287414859955907,46.86491819523608],[12.289024792646087,46.865910021407046],[12.283883448891762,46.8687533351078],[12.28219184098067,46.868457261648196],[12.278094526713662,46.869860046913324],[12.277035815276964,46.87148064677467],[12.273472076570325,46.873001352601186],[12.272577227037333,46.874501423315486],[12.275392744665844,46.879790678903575],[12.27246403916944,46.88198174305923],[12.27107091505439,46.88493797950103],[12.266594978770181,46.88633249631623],[12.263859342397552,46.88794510817299],[12.25770887104334,46.88735627230266],[12.254290740310648,46.8886260789623],[12.250169915673949,46.889341413635535],[12.248230031790406,46.888799500934134],[12.245394050029189,46.889757588713735],[12.24218438697607,46.88952346397178],[12.239333865074647,46.891591610500164],[12.235770169280617,46.88996448905927],[12.233328173851687,46.88944931363849],[12.233707243068853,46.8864158384917],[12.233191610506884,46.88507137892188],[12.230813786588008,46.8837946691183],[12.229247823840797,46.881219025707814],[12.225033692879666,46.87934441437652],[12.221987231608503,46.8795369457927],[12.219291858036149,46.880568288239814],[12.21756248166119,46.87897155237535],[12.21602677591646,46.87517749846841],[12.215309947954404,46.87446771907225],[12.212589629217128,46.87471918415232],[12.211692719175975,46.87644589862353],[12.20823108715836,46.878326433765075],[12.205547708072856,46.880697304112125],[12.200740109772035,46.88571261221802],[12.200288037221974,46.88763427917862],[12.196756701696408,46.888089364248096],[12.196521570724766,46.8893036398284],[12.198625014482367,46.890179773959055],[12.197415670984736,46.8916335626603],[12.194100259939756,46.893641128985934],[12.196766543858319,46.89680953632452],[12.19453487349565,46.89968600886363],[12.192398828867553,46.90044644065932],[12.191443342434582,46.90170052113739],[12.192289128570323,46.90317763447993],[12.191172190967643,46.90438428488741],[12.188281550404065,46.90349107232993],[12.187525379457174,46.906831701445036],[12.183683546171089,46.90703794887513],[12.177903845952217,46.908697983418726],[12.173950527304708,46.90745431927574],[12.171691592943025,46.909095084082075],[12.168026515135265,46.90983624329406],[12.166908189700374,46.910852682428036],[12.1638609237412,46.90982243338529],[12.159805037229177,46.907642417386825],[12.15790219755938,46.90798446488096],[12.15688553598867,46.909806986116756],[12.140987246523338,46.91449782721753],[12.143048649726182,46.91600806962187],[12.148032525854083,46.91668243975609],[12.149761986538508,46.91763493905869],[12.152655968118763,46.92251880417247],[12.154757876487887,46.924554060907234],[12.155785744839289,46.92699847006032],[12.158239454595554,46.93011168060549],[12.161789346446415,46.932424734284005],[12.165005229147901,46.933970055184396],[12.16495865754181,46.9367566905739],[12.165533736965445,46.93900115687934],[12.163854662100398,46.94020230590555],[12.161982271254136,46.94362306588228],[12.159523039683089,46.94512556813936],[12.157859902291296,46.94877933863426],[12.154837836691017,46.951547358517885],[12.151322171381903,46.95182072195436],[12.149206864630838,46.95343430471292],[12.144948736656497,46.95389176008701],[12.140304643263812,46.95626175844437],[12.135444934530662,46.95718551698287],[12.134600681434964,46.95778402876749],[12.132890745617907,46.9608839798609],[12.12909587588299,46.963036365965955],[12.12836954337757,46.96486335167445],[12.132792917875312,46.96533657924586],[12.13397290458341,46.967490422708416],[12.133047806738702,46.96959592229746],[12.132754294439334,46.97318858980767],[12.134227858275414,46.97430049303414],[12.133874092517878,46.975547150164154],[12.134522752295457,46.980257260150225],[12.135367500198921,46.98145672471323],[12.134979320919594,46.983652133175646],[12.130933760061419,46.98363295169715],[12.129271771705135,46.98537615478389],[12.12530329873597,46.98574931281996],[12.126092590836892,46.98812369209238],[12.127212822405209,46.988846145101064],[12.12572739707629,46.9929597704062],[12.127679509408116,46.99394122722172],[12.125875340217677,46.9960652382923],[12.123075301463063,46.99786104634952],[12.123842567416132,46.99962283093051],[12.122331429927309,47.0031888307202],[12.119854143910581,47.00497738528549],[12.118351563502069,47.006780453973406],[12.120335438213974,47.00914811169813],[12.121813219039497,47.012532161737965],[12.125215932393127,47.0148949599909],[12.127203972108557,47.01531391817383],[12.128336189516421,47.016746671866436],[12.136630101857861,47.019520921800236],[12.139058303468122,47.022849943888204],[12.141347892784433,47.02370034362971],[12.144589646846239,47.02561613327365],[12.14771055669722,47.02456464033921],[12.150508520409254,47.024566615607895],[12.156695258139258,47.022088302516615],[12.158523839181289,47.020641490525186],[12.1615418484995,47.01961168666563],[12.163276925574184,47.02037637428534],[12.168647646250635,47.02374327836233],[12.170875453429597,47.02442083762847],[12.173634994553794,47.02409006503096],[12.175203250326648,47.02448076496324],[12.176806946580339,47.0259954822518],[12.178880601769354,47.02564212302494],[12.1866201019153,47.02637719705422],[12.190933025742337,47.02755914913919],[12.19649043009786,47.02761711591868],[12.198862702257763,47.028036491910626],[12.202045768383902,47.02769206781959],[12.202057989916847,47.02892942675702],[12.204089535507254,47.03026380259865],[12.20437328602121,47.03157098825713],[12.206744152835308,47.03361364508647],[12.20642384792499,47.03536765339926],[12.207849723527968,47.03608781881634],[12.210100842379381,47.04042371199721],[12.20969675749501,47.04293072412693],[12.21383251336657,47.04577947957929],[12.213324819848673,47.047299853029735],[12.21414357419705,47.04853030018456],[12.214423569401301,47.05137611009805],[12.212895945481138,47.05364629402527],[12.212669991571447,47.05594369006305],[12.213792584247654,47.057070586820736],[12.213738224526905,47.05939972903126],[12.217683594210056,47.06019276874594],[12.219654532523966,47.06104518406499],[12.223044620540904,47.06148695749443],[12.226509132282738,47.063642884475776],[12.229913484083825,47.06520249644007],[12.233758266684506,47.06590517897227],[12.236020626797432,47.06715750388613],[12.237924613286085,47.069884004190115],[12.258627057559803,47.07343633270649],[12.270964430996367,47.0840808530576],[12.280957414203254,47.09326480647793],[12.305812244310687,47.0938561690442],[12.307626676733301,47.10121238126028],[12.310319720504776,47.10363643656124],[12.32258919288599,47.10815153097196],[12.328512974228333,47.10878977064167],[12.335796313405423,47.10900688285231],[12.342795704847681,47.10998476028861],[12.355867657902209,47.11751013462442],[12.360454539252105,47.142098997698724],[12.396701690532645,47.15351595995203],[12.403993395176768,47.14773958150731],[12.410107166715177,47.14414224258317],[12.414984746240487,47.14304615828027],[12.421438144832338,47.144486890702055],[12.426264852213006,47.14899031241707],[12.431812212815379,47.15120473820638],[12.448128123946342,47.14440952528335],[12.462736611250595,47.14506846369805],[12.478907276009283,47.152104704999246],[12.48070043046074,47.15855964154146],[12.488645853763632,47.15711672634731],[12.495345033909375,47.15716807165484],[12.509244284457319,47.15229816592517],[12.51874124136571,47.15133606049137],[12.522906534852536,47.14634366848464],[12.525112987428992,47.13836036502133],[12.541280402038595,47.130425458201664],[12.54233186601784,47.12958846182929],[12.54439900705757,47.129543049239864],[12.549983499099291,47.12832553015984],[12.557137787873636,47.134150268107284],[12.559314688441734,47.135314328556866],[12.563556470390875,47.136739497405685],[12.571388441715886,47.13445945848141],[12.5760343338293,47.13249725072771],[12.584724850886293,47.13278261394098],[12.5894168444659,47.12558674595656],[12.594575023490952,47.12597376451969],[12.60096178663241,47.1243337026981],[12.605048023856813,47.12392880132359],[12.61099309221593,47.122183316196924],[12.61377099221158,47.122183712793266],[12.617363105803307,47.12016854119971],[12.619655147800026,47.119843876439056],[12.622743727752622,47.11777940035341],[12.626078102823488,47.116302866443036],[12.628540611111955,47.11267362044537],[12.630758736123916,47.11163013646604],[12.635411712079062,47.107524560028196],[12.636666953254103,47.105904036175644],[12.640834715474464,47.10415979876767],[12.642469498267822,47.10299511498301],[12.644347385943181,47.10281177432523],[12.648603996957608,47.10093444066635],[12.651533369178566,47.10096560682728],[12.654016066248188,47.100231353836485],[12.656836294315575,47.098400924217366],[12.65922846068749,47.096095131545695],[12.662148378537424,47.09415367599348],[12.666581886832965,47.09191175675689],[12.671541543371788,47.091662835315816],[12.673586588207336,47.09032814072289],[12.675914550278494,47.087990677127635],[12.676537405394049,47.08627797656496],[12.678036489769424,47.0847599102343],[12.680900559019983,47.08390102833029],[12.683150294228726,47.08234103560297],[12.683201076368308,47.080613872837795],[12.68647913915543,47.07789191296214],[12.689316396931268,47.07679062094934],[12.691665186481854,47.07484644488049],[12.69459755431355,47.0745754515964],[12.69677011694111,47.073772308344935],[12.698466613533503,47.07129543636998],[12.707314221737708,47.050450206280786],[12.707697515119014,47.04914786384203],[12.711760541200531,47.04542055022425],[12.714238850130425,47.0442022299089],[12.719707285373724,47.04398927418237],[12.72520979565456,47.043187044698186],[12.72853092502413,47.04303081978569],[12.732015457579859,47.042391356456285],[12.735815292575971,47.04296899050002],[12.739602545832764,47.04246486587091],[12.748846742462892,47.043986082491855],[12.75061014253862,47.04472667040848],[12.751815975319328,47.04620141099727],[12.75499928348473,47.04653805962214],[12.75786994698444,47.045249072844044],[12.763107971183299,47.04514263971485],[12.769458055096072,47.04086460060181],[12.765849862559131,47.04000920991113],[12.76364308605057,47.03788292169249],[12.753308826551063,47.03422913458876],[12.751579597985945,47.02743577824262],[12.752064972756102,47.02557638523418],[12.745004932631959,47.02176827350088],[12.741726703392642,47.01899713921858],[12.739454827594056,47.01525371079941],[12.735890442433446,47.01477100518519],[12.732953186346224,47.01371274566393],[12.73335689947969,47.01116248642699],[12.733038574093671,47.008339282924645],[12.734750902740315,47.00649201239092],[12.734633590869995,47.00456184979325],[12.730736617469512,47.00180692354029],[12.728954798409795,46.99958393737766],[12.726560048660549,46.99820913909314],[12.721818527199579,46.99650063465308],[12.723084653593633,46.99308223292147],[12.72457304128747,46.99241689008846],[12.726612693488216,46.989580448025656],[12.73351613413123,46.98358335413517],[12.736150744277436,46.97950023264221],[12.738974775253531,46.97364029536442],[12.73826593135879,46.96970298983289],[12.741152367493486,46.96817274704669],[12.741756433404865,46.961235688188204],[12.747718549716756,46.957377266333474],[12.756752974781406,46.95732550566128],[12.75789187324255,46.95412554677112],[12.759657742091813,46.95177438298309],[12.763809575253068,46.948497678292995],[12.76601035481447,46.94726300624025],[12.766825383250005,46.94549752032077],[12.769820291579418,46.94492449168567],[12.774789124641886,46.94289452185592],[12.777352286724561,46.94079148435091],[12.78359041430831,46.940276760811784],[12.781350386756808,46.93764620519275],[12.780124899058373,46.932606560539114],[12.786491152212575,46.92954658459247],[12.790855801946638,46.92719618819176],[12.796001970582275,46.924280833250826],[12.799586266634494,46.92325946402176],[12.805634318053574,46.92331374882672],[12.809132420036947,46.923592250613666],[12.814449038406519,46.921213133217556],[12.817197146398025,46.92149245442188],[12.819009511450858,46.917531662989035],[12.822429104185915,46.917706823039914],[12.828134875293715,46.9158876861463],[12.834238730733468,46.913204858542876],[12.83560741431896,46.910682884547306],[12.833279753553084,46.90873007513957],[12.829246989350125,46.90339441773429],[12.829167033620315,46.9005079560459],[12.833367464073149,46.89690341296909],[12.833835153537892,46.89605111396913],[12.8370520900745,46.893599243793446],[12.839096126515166,46.89369319840385],[12.838437415706128,46.89057324443069],[12.83853273915839,46.88776952805287],[12.839277825196037,46.88384614525708],[12.839126886396777,46.88056311298822],[12.840624355389268,46.876456380422844],[12.840810406098294,46.87407137361082],[12.839943503390698,46.87073664210334],[12.839910786756803,46.86742326284278],[12.838340668011002,46.86169424249905],[12.841005882755885,46.860387553336516],[12.846891864667912,46.85951055354246],[12.849495140540975,46.857795252239455],[12.858568132693145,46.85382195730599],[12.865217277191059,46.85059279688999],[12.868456127113916,46.84953977756147],[12.870600657302104,46.84679463756297],[12.873792542038343,46.845186461544586],[12.87708168823757,46.84489498818313],[12.88365872757486,46.843218229909525],[12.884998336259585,46.840558255254656],[12.88458898608493,46.83963389601768],[12.889310387419078,46.834885561857675],[12.89111203446467,46.83349423659244],[12.889194539472724,46.830435266616945],[12.89278121589817,46.82652148783386],[12.895056106125304,46.82521202220152],[12.90264695172511,46.82334499490438],[12.904298041316295,46.82338779024406],[12.90497186211503,46.823024213939014],[12.911260572181874,46.82206452058458],[12.916019601052206,46.81957811683523],[12.921614185963398,46.81501432627834],[12.923495329832933,46.814781892224225],[12.927377909641491,46.81307250065053],[12.931291426309004,46.81190341102403],[12.9334768682435,46.810042730216914],[12.936050745600019,46.80904168079111],[12.94174546932468,46.805626289724366],[12.943435694621,46.80533473923762],[12.948309888465722,46.80310670546288],[12.95013976400414,46.80176259632244],[12.953580764568775,46.80059294108905],[12.959616548019055,46.79995760878657],[12.960670629253963,46.79936335184976],[12.961946541350258,46.7973328503816],[12.962279839228348,46.79414833163116],[12.96186365727837,46.792181289743],[12.963180591031167,46.790268242569084],[12.962965650069428,46.78841064699643],[12.961062118656551,46.786374483677264],[12.95675365938763,46.78397849889739],[12.9522333694645,46.78268756630598],[12.95114893544751,46.78316304886786],[12.947534869143647,46.77973150617306],[12.944008398051043,46.77721190414337],[12.943297839992065,46.77560072621267],[12.943002403496024,46.771580082002636],[12.941965773396808,46.770214762986],[12.937725015422203,46.76904766323301],[12.928609757041915,46.76475736834992],[12.924078870273227,46.76569791325818],[12.918467120951151,46.76592879568263],[12.913523394797053,46.76777862240957],[12.911025905158922,46.76960184540629],[12.907632046701949,46.77299214154106],[12.896567448024967,46.777562323716694],[12.895732292140352,46.77654638298114],[12.88248791951012,46.769011467886415],[12.879975959605877,46.76732953022353],[12.878536427470374,46.76568343342452],[12.874175222117644,46.76340437570048],[12.869862266861803,46.76276089957729],[12.863975631013163,46.761333051561905],[12.857126254615597,46.7613361995165],[12.854022169611744,46.76088408544631],[12.83840776878861,46.75005145771911],[12.831882955925607,46.74972813385504],[12.830350008987969,46.74899357481373],[12.826434958015895,46.75003606027386],[12.825726495330176,46.75120666710248],[12.823450623650558,46.75256412287221],[12.819526037435935,46.75070304612683],[12.813949919581178,46.75085385500847],[12.810928838453114,46.74966913017356],[12.809804870809835,46.7560308969598],[12.807097813753057,46.75699830816364],[12.802994394520905,46.757377309714755],[12.798803563743727,46.75739214136748],[12.795967257783614,46.755665580960475],[12.793001465389452,46.75605573563165],[12.791320473395905,46.755275398357135],[12.788202320080957,46.757162772080875],[12.784301687404593,46.75290261921365],[12.774206334370378,46.752809716760204],[12.763656283873797,46.75024106206325],[12.757884341174682,46.751022029508476],[12.75432277934046,46.75099746813003],[12.749903189969581,46.74800244658954],[12.745381295751143,46.74816493301869],[12.737362699942187,46.74307507894933],[12.73560196301282,46.74173893903757],[12.732127886364804,46.74202106013868],[12.728079894453233,46.744203808638595],[12.722138168134554,46.74415989052112],[12.720513068941923,46.743056125982015],[12.715503054363186,46.741322841052074],[12.712665276624863,46.7386963410437],[12.710007986749567,46.73747328896762],[12.708906048803351,46.736370258232114]]],[[[10.621446193557658,46.865129833771505],[10.620631647804869,46.86442913930457],[10.61446434080604,46.86322327864243],[10.612054443065524,46.8608439852754],[10.6072688992407,46.859464015767294],[10.602563440490766,46.858457067706816],[10.598904405078953,46.85873548372006],[10.592792947780094,46.85802161967598],[10.591468028187208,46.85607911730438],[10.5895498587437,46.854679534956546],[10.587573560217754,46.85143748983218],[10.580991229413856,46.849995141861946],[10.578178411192656,46.84860097438421],[10.575452111677109,46.84893075352591],[10.573015303851692,46.84731143087472],[10.570736339051132,46.84695351036811],[10.567670311638754,46.84312600058576],[10.561673498406703,46.841782417932926],[10.558249562133085,46.841390078322966],[10.555381876692067,46.84183114776329],[10.552722988439186,46.84051491812952],[10.547026332677607,46.840549791287344],[10.553532775992458,46.84759593261051],[10.552361965659214,46.84936375129353],[10.549502088278517,46.85077410995145],[10.535178770610617,46.84941147140683],[10.523452984741127,46.84735275747833],[10.518165854522389,46.84614052385166],[10.51372464903692,46.847513818213066],[10.505742604910935,46.84823952830095],[10.4977865351766,46.84862039663674],[10.495985294022663,46.84822196262082],[10.49242735498171,46.85005235593409],[10.49352566878105,46.85081867066616],[10.492611454833307,46.852862112285706],[10.491559069200235,46.85328904725515],[10.489576098318675,46.85080688003584],[10.487845642931978,46.85072180731828],[10.488247091610233,46.85296898692158],[10.485836130399422,46.853476974599886],[10.484097982060232,46.855657561466344],[10.480328320596985,46.85493102552809],[10.47743066935784,46.85659671880177],[10.478656077708038,46.857351168580465],[10.47811543690194,46.859374394456296],[10.475892612238509,46.859798415412875],[10.474481045720703,46.858848444242234],[10.466817101807274,46.85563731032554],[10.465171661830016,46.86283669434842],[10.467462760954497,46.86743177063577],[10.468428623448563,46.87368610642741],[10.466905151150947,46.87789552611226],[10.4663943519659,46.88182830095156],[10.464053450008755,46.88418587468066],[10.461859818510101,46.88500413143552],[10.466352341521008,46.89004935476925],[10.46937826397435,46.89190991350846],[10.469290702158903,46.89285905413675],[10.472254882881005,46.89501545799142],[10.472826034481583,46.89807103471633],[10.472243255988793,46.89926293618754],[10.47242989920835,46.902050304387906],[10.474899990165826,46.904176862724654],[10.474724558672579,46.905724079186925],[10.475858855447369,46.908284485318994],[10.475840205310833,46.911512809883085],[10.480640838121,46.913319519238954],[10.483381858620104,46.91618362206243],[10.482446031989895,46.919350520073365],[10.484007190838263,46.92116919880861],[10.483548192119134,46.922731986779496],[10.485470834290622,46.9270077834314],[10.485213666842727,46.928748160996165],[10.482678301022238,46.93054707890261],[10.4824595549936,46.93217181877818],[10.484518758007678,46.93670802794239],[10.486513742396113,46.938512613423626],[10.485245536338988,46.93946867477784],[10.480531899598093,46.939770777212374],[10.47834717578689,46.94080185002596],[10.476174897091498,46.940838266772005],[10.47323927884349,46.94183925120953],[10.47209162370731,46.943239134583415],[10.470273317691742,46.94365109930288],[10.46886459182827,46.9458660604377],[10.467833917507807,46.94595698824435],[10.465987208479897,46.94782284504468],[10.459608604264043,46.94935470952519],[10.453920431976055,46.952130725004864],[10.452644441376329,46.95360667778754],[10.446319229713266,46.953041692917814],[10.44537364812905,46.95363503012615],[10.438669378533255,46.954978999174074],[10.435731639219563,46.95524723666102],[10.43454933377894,46.95663175118652],[10.43135878632407,46.95710609480558],[10.42674188213974,46.956708685731556],[10.423551296368785,46.958047475778436],[10.421026307647917,46.95962557954975],[10.41918061469612,46.96150552117964],[10.420057175491236,46.9624899430561],[10.42012710603381,46.96630318584444],[10.421846169002412,46.967704229046326],[10.423418375039393,46.96990842659465],[10.424667456885823,46.97342404931279],[10.424308180189868,46.975674871454096],[10.420751629871262,46.9789891911975],[10.418153664838842,46.97994220943762],[10.41559806610388,46.98170366142917],[10.411909259139897,46.982455976168275],[10.409146956312739,46.984287876158206],[10.403225499116028,46.98969544382006],[10.399347185673722,46.99158106047989],[10.397968836716416,46.99328540403302],[10.395482110305917,46.99786447054125],[10.386480665215979,47.00124676440322],[10.382594513987051,47.0006302516291],[10.379827303023134,46.99949525483526],[10.377459822130053,46.99774191423595],[10.37557926804373,46.99557305156165],[10.3727912149581,46.993945332814945],[10.370728130999685,46.993293264243384],[10.369593481571286,46.99166015418587],[10.365561563034765,46.991506195614186],[10.364203914170922,46.99215124453559],[10.361780835871008,46.99188488484072],[10.360119602812174,46.992385162723735],[10.355948893988996,46.992177884324065],[10.352795433267367,46.99305518408743],[10.346141472622726,46.991333955227006],[10.343783778106783,46.99027671628851],[10.343470304425619,46.98663705082716],[10.341714514901508,46.9834373335571],[10.339219294227046,46.983033060015146],[10.33715950228327,46.98203332321601],[10.33788425261992,46.97910222258483],[10.33696047242437,46.97770492217831],[10.33169026300158,46.97324582761757],[10.331250847849969,46.970203642934266],[10.330303298249515,46.968706600860536],[10.328400863465694,46.967637373353845],[10.32666383782371,46.96499805129831],[10.326359694671336,46.962147077359155],[10.326810238425287,46.96027778894019],[10.325529312352126,46.957192826300904],[10.324993637583042,46.954703182093716],[10.322813800422711,46.95336220389506],[10.318019048891527,46.9521696118786],[10.316335682160707,46.9524852156149],[10.310944044784675,46.95193053651462],[10.306528690844061,46.950928820222444],[10.30489374644555,46.947797400461674],[10.305718182181241,46.9440760026777],[10.303435293231479,46.941780805770364],[10.304799877613805,46.938822580487574],[10.30617750860513,46.93826865830573],[10.308442831839827,46.935507776293406],[10.309915857086473,46.93517219730905],[10.314151228430456,46.93183159825203],[10.314153898194423,46.92665789720365],[10.311275822762823,46.92589119713837],[10.306693526422409,46.92655227738722],[10.297967580572077,46.925383507500946],[10.296428706626239,46.92407101701836],[10.294046176153982,46.92067957879495],[10.2882093255451,46.9239892204318],[10.28706774108415,46.92361871426084],[10.264055072658348,46.9295589465042],[10.254671595605101,46.930501205007296],[10.249640522296884,46.93144939771453],[10.2388600019946,46.93235848521496],[10.23873152958445,46.928616307028065],[10.237773533247493,46.92647885564693],[10.23831146504515,46.9217297461171],[10.239380617176474,46.92008698306968],[10.238141500864002,46.918259192453654],[10.234376453144726,46.91658523140216],[10.233618393080087,46.914674632397734],[10.233168404226985,46.91089383699676],[10.232424818488258,46.91036993788761],[10.231090271872294,46.906417783883626],[10.231545043985921,46.90479393734634],[10.230478547565353,46.90237076881014],[10.229033472196411,46.90054316288005],[10.226348798652186,46.89840780253491],[10.223285198712006,46.89734977852616],[10.224444118717692,46.89493879248155],[10.224783284231602,46.89093636789112],[10.227860592412929,46.88973547419175],[10.232011477459976,46.885412153817704],[10.231179799307029,46.88378235535799],[10.231725384696764,46.88171435404316],[10.231095135233938,46.87856435544863],[10.229651725873632,46.87678874514867],[10.229917758473283,46.87163483036473],[10.228018077165268,46.87016699696485],[10.229100082545589,46.8674600446882],[10.225032361017156,46.866867696485286],[10.219796294497746,46.86711594124421],[10.217730196274841,46.867932968017854],[10.215697715262104,46.86794340195102],[10.212448367392563,46.86684173634611],[10.206369954752272,46.8655439256802],[10.204914481155964,46.86589833047687],[10.201145183144053,46.86548382439232],[10.196192807087531,46.867357406690665],[10.190839018917744,46.8671729517407],[10.188381799342471,46.863713572502434],[10.186659520611217,46.862555389026056],[10.182851807362063,46.861404282184495],[10.180675156160893,46.85973681229727],[10.179185484361476,46.85640626197296],[10.175666283946915,46.85477367995328],[10.172650847393532,46.85427385877833],[10.16893608550152,46.85439477624872],[10.16750551399028,46.85203502694144],[10.165883937442107,46.85134498342799],[10.161123511853566,46.85178227270938],[10.158973084374615,46.85132270271725],[10.157056893617016,46.84973076047589],[10.154590280645158,46.84859070503747],[10.152874003779061,46.850443977267304],[10.144452817903186,46.852134325038286],[10.142134531334351,46.85173310139351],[10.14085139536285,46.8535080003968],[10.141358848098918,46.85615125251524],[10.140104240141621,46.85865485756351],[10.140107078703648,46.86049780245417],[10.138638239585172,46.86111736715143],[10.137781614725283,46.863360307569955],[10.138078574423623,46.86657641424075],[10.135967530852822,46.86845056397634],[10.13725443640277,46.870267530751164],[10.138766126206887,46.870496864027615],[10.137988639315468,46.87595589387809],[10.127797895299501,46.877985133548286],[10.125397339515345,46.879685035471674],[10.122392682685636,46.8804642479345],[10.118514181879227,46.882856957852944],[10.114460791493315,46.886059665843284],[10.109094579318496,46.89331313820069],[10.106004683446065,46.89571772574871],[10.106192458939374,46.89870373645466],[10.106900060328336,46.899694956849544],[10.106287719773242,46.90268303730456],[10.104164105984275,46.90520696271073],[10.106066853442142,46.90914364541275],[10.096792764747562,46.91764929263059],[10.094987322911214,46.92488660680796],[10.095380369809417,46.92808123012872],[10.101957071690746,46.92951110119053],[10.10364663875711,46.93061703882052],[10.104875039298088,46.93322959943768],[10.109124321164328,46.935198090998384],[10.108991465613066,46.93718841297786],[10.110023768179547,46.9380227678828],[10.112632831623612,46.93779962899453],[10.117847790738447,46.93863132551455],[10.121985112849071,46.942140126263745],[10.123833306483824,46.944206523905585],[10.124882308496327,46.94647694896013],[10.132152351077886,46.95599356038962],[10.132681999347131,46.96090170153073],[10.133776830614904,46.96254239635341],[10.132024429063152,46.96665266375804],[10.13434314264638,46.973113271086625],[10.136082169212537,46.973706212101966],[10.140157761308368,46.97674349765404],[10.138911804906112,46.97791407482948],[10.138769809877681,46.97973610421084],[10.141906651963117,46.98410939743727],[10.147491060845478,46.98270584131059],[10.149574810549836,46.983807855864946],[10.15307020240873,46.98370539619696],[10.154201245733558,46.98452342962568],[10.15696699113046,46.98447380186136],[10.157142211542043,46.985626523568236],[10.155234214492605,46.98722874293831],[10.155466893543682,46.98834003132308],[10.151716914739803,46.99224848010214],[10.151451342374745,46.99363740494858],[10.153509353697588,46.99476229535306],[10.154321195724902,46.99639662751582],[10.153966677943153,46.997763794626415],[10.156588419455424,46.999645727169764],[10.15336969387257,47.0027555709074],[10.151569119179024,47.006112926591896],[10.149863834738948,47.006057022160796],[10.1437587968873,47.007808243930455],[10.129947727726556,47.01274174597511],[10.128219381759186,47.01375201743638],[10.126883098838727,47.01565632046098],[10.125469006021332,47.0189499367638],[10.12270241317379,47.01917218024727],[10.12280052758503,47.02015015693958],[10.120404991169583,47.022853310571456],[10.12114426234924,47.024504393673986],[10.122719615585329,47.024684648193926],[10.126065422080508,47.026045613281674],[10.126611310193056,47.02733899049896],[10.128809346112453,47.02755357537639],[10.131710106273683,47.03007593651905],[10.137336884498255,47.03220296955597],[10.141360449087381,47.03431025095084],[10.143622201874402,47.0380350028496],[10.1449722654034,47.03816430356339],[10.14883490485051,47.04087608434627],[10.152287240886674,47.04417373973796],[10.154079370896584,47.049597822825234],[10.151246588684097,47.05599543669051],[10.148036589163935,47.06255145720598],[10.147120277307335,47.06187756984247],[10.142359572395174,47.06156381793908],[10.140137009937584,47.062043882693274],[10.13758461866453,47.063636703925575],[10.131774854732933,47.06461230569468],[10.132460268220127,47.067914713367436],[10.130852292637453,47.07129139406462],[10.130705085035299,47.07861162544421],[10.129592090580973,47.08008489513267],[10.129922645348215,47.082230294733414],[10.131893657378942,47.085135029227466],[10.136902576399503,47.08776854177691],[10.138074855922456,47.089226318173175],[10.13976924008596,47.09321556425576],[10.142048191675253,47.09766091227317],[10.144365936902451,47.0990591617033],[10.147984393814053,47.102135194425856],[10.148442828015156,47.1038568814747],[10.149948339923947,47.1046038698301],[10.15163203054062,47.10665087398716],[10.152043908289206,47.10857737100128],[10.155036386433297,47.112957887854634],[10.155480468222164,47.11548123624088],[10.160149934877118,47.11430417701853],[10.164755003648795,47.11823624244061],[10.165884387802851,47.11990582922501],[10.169930032157326,47.1210053457172],[10.174516687345502,47.12044981061658],[10.179949384105141,47.12103481369786],[10.181642418946524,47.11945493723027],[10.183688353701802,47.120307012364336],[10.1838187810999,47.12478266825602],[10.18346165699945,47.12968500067958],[10.192864695077475,47.13186537553626],[10.200180658689831,47.132184975680765],[10.203948376892098,47.131617396586336],[10.206545594121,47.13241872718679],[10.207698264032382,47.133988987159306],[10.200717771115011,47.1377056343665],[10.200561475746653,47.14318523311226],[10.203367622061991,47.144138432552296],[10.205222577806843,47.14401706166173],[10.206553645500883,47.14509073797023],[10.208294990259889,47.145275878470606],[10.211794479856437,47.14444058924403],[10.21409618648099,47.14621174555301],[10.214765849238246,47.1475291511194],[10.217105358539422,47.148495329972434],[10.218988213828503,47.15017611897909],[10.218003656374611,47.153824021538256],[10.21606451466067,47.155135563341254],[10.213173672046215,47.15546142874258],[10.210157276244534,47.15830616955267],[10.205311162433482,47.1596888766648],[10.204474483011293,47.16369996271391],[10.206305189839567,47.166242113501724],[10.206423430081712,47.17081081167571],[10.208581427535876,47.172052842700865],[10.203886097366082,47.17417609052683],[10.200995980019256,47.177071913741926],[10.201511065037137,47.179921219869826],[10.196954582159938,47.182524391804],[10.196568179872179,47.18638745502392],[10.194947611851687,47.19097079299789],[10.193828427335305,47.192483697633186],[10.194006949959036,47.19508738484507],[10.197222676036233,47.19576585253382],[10.19870304795062,47.196586420369336],[10.205216003574622,47.202146598029024],[10.208551205062058,47.20380090722406],[10.209851393568886,47.204996748514404],[10.210675658561874,47.20780105930368],[10.209398418929542,47.211232342963086],[10.210446131723407,47.21477082641814],[10.210436396642038,47.21829978368829],[10.208398403934451,47.22068464389034],[10.208338784087376,47.22168301117971],[10.209901184082353,47.22502533252539],[10.20733468878889,47.225959949405514],[10.207983379098136,47.22791073798077],[10.207508201158202,47.229599110206735],[10.20463344600548,47.23251604233023],[10.202598552530697,47.23355240694951],[10.200823179716835,47.23314516251206],[10.197550942065492,47.23404802823822],[10.19469880092405,47.23628277203087],[10.194909802163204,47.23730371456389],[10.196120233453575,47.23933739192392],[10.198428978552132,47.24000673435558],[10.199476831815762,47.24234837449664],[10.20331174087299,47.244324285323806],[10.20696541566448,47.24813156133694],[10.208274220567326,47.24880551651418],[10.214721823146533,47.248146770894095],[10.218729671425859,47.249465994108775],[10.22075602148568,47.25071427171817],[10.219211448667016,47.25429928523913],[10.213805297085324,47.25610519628843],[10.210630090549897,47.25594079565937],[10.208622612798386,47.25701486745619],[10.205509117791392,47.25713909343313],[10.203085974540459,47.2580375147278],[10.1995454488494,47.25789583223419],[10.193685196301404,47.25843808950195],[10.192000361923117,47.260185328843235],[10.189128889052594,47.26188319174996],[10.186843356889458,47.26155417573724],[10.184531146229643,47.262795306599365],[10.179246122666607,47.263033665391305],[10.175878715836843,47.26391964957674],[10.17138400621394,47.264599153916805],[10.175515804959819,47.27083541340971],[10.176711120520508,47.27159393317731],[10.184466677258872,47.27331123116576],[10.189744249347504,47.27333273276271],[10.192188712836751,47.27384822152134],[10.19286905823635,47.275139801470544],[10.198239918035627,47.27713384877112],[10.198403716133484,47.27762263511716],[10.204795898335359,47.27602622690905],[10.212720380747648,47.2761887053584],[10.219607755709841,47.27655862953163],[10.229522455336305,47.27124282735078],[10.233212776137975,47.27269917280714],[10.23540704058067,47.27265394399568],[10.236378652069881,47.27493313387367],[10.23778137451068,47.275568387404455],[10.239454326697238,47.278873209714355],[10.243776848470814,47.28035947274362],[10.245685463206952,47.27983625799935],[10.251839103914076,47.281673656615084],[10.254163184225176,47.28158185640702],[10.257592994179324,47.28286060816907],[10.258631179645327,47.28495209081139],[10.260438988372481,47.285696202454965],[10.263310664504,47.28591007217926],[10.264037222251773,47.28759339968183],[10.263139502469024,47.28879731342489],[10.265594112498947,47.289006026435345],[10.26985098179442,47.28837232784882],[10.270512539545342,47.288966285086545],[10.27377044253209,47.28885131426893],[10.277466133645538,47.288191217241],[10.278834863516167,47.28845557485399],[10.281735485228982,47.29165305262808],[10.289042249486164,47.295010159656165],[10.290400330389616,47.29678270576671],[10.290771367998472,47.29895448857066],[10.29282792791921,47.30062693111867],[10.295245156835149,47.299408671837774],[10.298730490455881,47.29948028480035],[10.30397112838075,47.30279360562057],[10.30561606220615,47.30287361097547],[10.31230670449935,47.307255427753375],[10.315249980732604,47.3067787608439],[10.318396542043967,47.3071209327414],[10.320964023383516,47.30636136576307],[10.321590329363037,47.3045824136307],[10.327506326239842,47.3055380551425],[10.332796755753545,47.3095028506209],[10.336538354103276,47.31125770465627],[10.337782121352282,47.314910599033524],[10.34364138299434,47.3159155623134],[10.345967022921542,47.31822954598765],[10.34251573736469,47.32073650964956],[10.34400275931626,47.3240615361549],[10.346238357579063,47.325361069660985],[10.349444646394607,47.32880307681384],[10.35164633766928,47.332085867110365],[10.353821823780113,47.334112558244335],[10.353457659699181,47.33569086152145],[10.354047867788768,47.33774507151347],[10.359245942766734,47.340905702774606],[10.36234500469344,47.34241446506848],[10.365301202619387,47.345409522246605],[10.368107286339217,47.346101487011],[10.374685079302479,47.35323410298535],[10.377405352969253,47.35332177169951],[10.37899715578952,47.35488911443005],[10.380430681488974,47.354917422497095],[10.381871671877537,47.35672456487841],[10.383643770001887,47.357317662172974],[10.38442746766462,47.36052557990079],[10.382846271907114,47.36251032893008],[10.384982974670324,47.36555443016611],[10.38637011204721,47.3683955746664],[10.385913065841148,47.370335503506816],[10.389727430532089,47.373423542303904],[10.3905123661559,47.37530586088821],[10.39470273530341,47.37759933682062],[10.397693460496546,47.37831417147045],[10.401036607736852,47.377836387525626],[10.407877862575042,47.37850762987951],[10.412971746845674,47.38023736577186],[10.415955618117541,47.38284009871148],[10.416882498194012,47.38536113931745],[10.419748128258796,47.38497876075205],[10.422565293533362,47.38517600544959],[10.426566165595952,47.3841231971452],[10.428071601284643,47.38466548166891],[10.433934189600418,47.38108326198349],[10.426415602655236,47.391761447877435],[10.42682532094338,47.39477624920208],[10.427826256128835,47.39742484290531],[10.431283662173385,47.4008682194686],[10.429063511729463,47.401979942909],[10.42851198096044,47.40349649474605],[10.432671863477005,47.40551902547346],[10.434670600882454,47.40753438828639],[10.433136093672724,47.40893772641911],[10.432769906504369,47.41044935949581],[10.434520420415154,47.41328461044944],[10.435717385282741,47.414262298769295],[10.443686099889572,47.41543304223325],[10.449499564099696,47.41846392409975],[10.45335998168865,47.419937702954975],[10.452984938453877,47.421025810767404],[10.454466874576264,47.425027492131434],[10.456371278122932,47.42886050254027],[10.461660934893136,47.430342515239886],[10.463229725178056,47.431379457899624],[10.468009921406335,47.43255073353022],[10.472348923943585,47.432200162220674],[10.472914390620492,47.43406668414891],[10.470354470863219,47.437432961114034],[10.470558042754465,47.43845401309547],[10.469176662575244,47.44150498485864],[10.47032371011654,47.44380337801353],[10.467505063433938,47.44541374147143],[10.466995835753496,47.4467991587491],[10.467386132281675,47.449250152438665],[10.464474917093456,47.45109573693552],[10.463052370578858,47.45366653483028],[10.464038856393676,47.45525445309052],[10.4646954409898,47.458211462461826],[10.464727327324043,47.46167547742918],[10.462648333667536,47.46441971653283],[10.46500832344247,47.46793574573169],[10.467120150888526,47.46932454725303],[10.463803761171137,47.4742554152456],[10.463873803607454,47.475962888954164],[10.4651464555575,47.47783003373508],[10.461752578309792,47.48025467120014],[10.460614690716433,47.48204837484715],[10.460930568529879,47.48345976455217],[10.45871016244848,47.48316197909643],[10.45380241545053,47.48356258341788],[10.450903833933,47.485665061729996],[10.448661409904846,47.48649323713866],[10.444664496958339,47.48511836516941],[10.441931231017664,47.484683344974634],[10.439668727998537,47.48541810316574],[10.4374500788996,47.48725498031203],[10.436926763723793,47.49066628499055],[10.435464496930162,47.49100630174161],[10.432896912747138,47.496085759022996],[10.428477321306335,47.50448354062977],[10.432538555961878,47.507500402832896],[10.433976470637164,47.511125706538365],[10.43773233699793,47.51430903743692],[10.439323591466206,47.51950835104858],[10.435896961845032,47.524242785478016],[10.439763573279905,47.53160700208883],[10.451606268660269,47.5565158960459],[10.457668201551225,47.55334129124912],[10.469512906576501,47.5518283872026],[10.48608214882319,47.541123345902896],[10.49494077517394,47.53982185422103],[10.52170443832089,47.53588526029041],[10.53370138385821,47.53732695300822],[10.55478534099589,47.53795212296158],[10.557054240098047,47.53696513481654],[10.560017708085406,47.53677717184118],[10.560224211087498,47.53537679083897],[10.562491694425914,47.53455892251422],[10.569174880359748,47.5343542845586],[10.570536856558473,47.53473389230585],[10.572883805065203,47.53799941820022],[10.575689216242678,47.543187236488116],[10.57668269031644,47.54416686552524],[10.578974483662916,47.54868358505529],[10.579513582808623,47.550910525726145],[10.577877119267313,47.55187236528586],[10.576535954277324,47.55380081064],[10.577679506486952,47.556516732717405],[10.582617055372156,47.55903455708423],[10.587330496069113,47.560819902151515],[10.590406654722965,47.564333368674234],[10.593087275334744,47.565627729978544],[10.592877046197383,47.56749440237872],[10.59512557590957,47.57045868150772],[10.598258664225952,47.56883040452745],[10.600376598174677,47.56891416189463],[10.602410034521508,47.56742100908925],[10.605618483868929,47.56648835853524],[10.610489574813375,47.56617368418942],[10.611783683723672,47.56737932807628],[10.615330992099926,47.5676538813185],[10.619481196885223,47.56626609052573],[10.623267072866033,47.56367399047031],[10.623093427202196,47.562036704890005],[10.63193107005023,47.55976067782004],[10.639062104300185,47.56013015064571],[10.649092195210617,47.559455915114434],[10.65350289905449,47.560067820346994],[10.655558676512584,47.55963956728594],[10.657559920274181,47.5601150377788],[10.661458193868508,47.55911681728411],[10.663159491690465,47.55969305678164],[10.668016263252,47.55953425589517],[10.673742043592611,47.55971903310401],[10.675179690462913,47.55695507424351],[10.680714874644911,47.55737474159949],[10.688157964044187,47.55949332689638],[10.689582230599486,47.55672619602806],[10.687406137188354,47.55608098006233],[10.688763444789497,47.55227225774375],[10.691093152542672,47.54786933728355],[10.691773804840917,47.54549728057361],[10.697351899309306,47.54429032384955],[10.70213749724058,47.54477818523296],[10.706151698096296,47.544433734485224],[10.708076778415608,47.54384519862463],[10.71015580611847,47.54198432859257],[10.712761883963662,47.54127498907001],[10.715378351384931,47.53914795058266],[10.721472481929982,47.538341875978006],[10.727475266887357,47.5396280754805],[10.728707639973296,47.53890616528193],[10.730481264047993,47.53934594345821],[10.732126891649507,47.53851670258549],[10.733547369950625,47.53941240556823],[10.73755124416664,47.5392501933462],[10.740707020067147,47.53827395540897],[10.748222918642014,47.537992188550156],[10.750920334805524,47.535972785574444],[10.755701622815717,47.535211600770836],[10.758539521482886,47.53139914549581],[10.761135673788024,47.52899977920476],[10.760824971446095,47.527204425095896],[10.761786474159253,47.525604771869006],[10.75939310924131,47.52333833074395],[10.760934072815889,47.5203156477209],[10.764021698746825,47.519474916116366],[10.769818388633814,47.5163705878308],[10.773588547312572,47.51639503181127],[10.774684012296602,47.514637941320025],[10.78205094358898,47.518551581767284],[10.783827292286599,47.51737399244925],[10.792590950386982,47.52191166233344],[10.795845191185807,47.520880318955946],[10.798448869166023,47.52134569312861],[10.800122111554508,47.52087134438364],[10.803895830060974,47.521388988251694],[10.806856943388633,47.52040677545596],[10.809702309989468,47.52076901172564],[10.808256106204293,47.52505241347354],[10.810319099722273,47.52714632186673],[10.813515426256545,47.52677107446579],[10.816129646065319,47.52697502944179],[10.822620376314688,47.528842256821314],[10.825245980610102,47.529180920070544],[10.831581152229395,47.52883316020857],[10.835701471927884,47.52616294996249],[10.837159623385052,47.52846462670782],[10.840105883811216,47.528483155235136],[10.843839731358438,47.53074974260122],[10.845655304692537,47.53094189362071],[10.850248641011419,47.53409252056832],[10.850738191702257,47.53538282558335],[10.852786743187224,47.53484948793106],[10.855998252944607,47.53530587575732],[10.859294175052584,47.5347145556333],[10.863583526019855,47.535518306327106],[10.864094845631488,47.53646244432927],[10.883239510198214,47.53740185016614],[10.887521284279195,47.53800568248985],[10.88845640234542,47.53484313369231],[10.890851695261961,47.52995795538982],[10.893364066525093,47.527866396494026],[10.89810483528706,47.52174847174283],[10.900203887353804,47.52099402729579],[10.901544754010846,47.51879903742733],[10.902866844940192,47.51818794055694],[10.91301424248502,47.52008009805589],[10.915747628692513,47.518044587724255],[10.91445951929205,47.51615326617453],[10.91515629367074,47.514334586026834],[10.912818401215516,47.51355261418985],[10.90206301189915,47.51140321373003],[10.901012967522501,47.51047221858151],[10.89890358784529,47.51016082267152],[10.894086037007702,47.50871087544571],[10.888046457724885,47.5083083996625],[10.884494957687386,47.50642044908781],[10.879054378505382,47.504691620850686],[10.877145019538698,47.50472454808975],[10.872987787546437,47.50319304448675],[10.868885158040467,47.50023053870981],[10.867309070624732,47.4983923979514],[10.868656357523625,47.49683523892956],[10.868969789932068,47.493836515717916],[10.868283225375096,47.49158703218507],[10.86669551278588,47.48861375349323],[10.866714919453415,47.485029609320065],[10.86837691934466,47.482396119855686],[10.870659475290589,47.4820581995574],[10.872404644893475,47.480966219287225],[10.87373724920142,47.48120340170947],[10.875657110481914,47.48007641482025],[10.879673993238487,47.48032173310648],[10.881833684009521,47.48005225773408],[10.883706183927114,47.480880951846565],[10.887270688740596,47.48203667993885],[10.889343712754842,47.481866933408256],[10.890583902774981,47.483127975824615],[10.892863327204891,47.484009656084304],[10.89573007954976,47.48393536762882],[10.900761454801618,47.48478761781605],[10.901752651571895,47.48546335143543],[10.909405405169279,47.48599065617825],[10.913096325926066,47.48492039231721],[10.915454713385962,47.48499987574207],[10.922542677830819,47.483259366446354],[10.926151807895822,47.48298326153571],[10.929872652273659,47.48361612679707],[10.933224076595659,47.482656748566036],[10.93565119306412,47.4806908174265],[10.928845927900682,47.47558523954492],[10.925982692223204,47.473894913119125],[10.925281921619948,47.47264083166545],[10.926944053743387,47.47073597013113],[10.929652859498093,47.46875195999207],[10.9313296818252,47.468058887540906],[10.936749048869281,47.463237556693564],[10.93846870147883,47.46214812621512],[10.948316378839833,47.45703853413052],[10.955345718545896,47.45226446602816],[10.957840711382515,47.44919626991805],[10.970100475752892,47.438590261038435],[10.9807847401356,47.43073584204067],[10.981826149246642,47.42176762071659],[10.977638452837654,47.41906160351123],[10.969480459759843,47.418303999148314],[10.968171601280947,47.417304154625754],[10.967029482325055,47.41367421725798],[10.965966297334273,47.41256690167815],[10.967397110403942,47.40973342030248],[10.968294729178867,47.40909413174101],[10.96686249298291,47.40605319898134],[10.967706516225531,47.40079549245512],[10.977015617986451,47.39764786523532],[10.978500637142455,47.397779885258416],[10.984213545884337,47.39690578670949],[10.985496280928581,47.39639381824908],[10.988373470002166,47.396849160997995],[10.989863134281814,47.397154139358285],[10.99125671829695,47.396046311766476],[10.994275183754398,47.39565401769377],[10.999626141244422,47.39549737565953],[11.003233777232357,47.3948644590348],[11.008340473678563,47.39560916167784],[11.013671491602462,47.397086133818576],[11.02038614631362,47.397805267733375],[11.0229977532917,47.396604391927234],[11.025641771402771,47.394096107947746],[11.028565173429516,47.39407420014411],[11.030396834928746,47.394622364776566],[11.033974169739919,47.39705539060149],[11.037535572764746,47.39691014776514],[11.039594333888882,47.39574884593641],[11.04577531644716,47.394632372407855],[11.048876691625882,47.39567098732471],[11.050563823491308,47.3968323531154],[11.0525460169938,47.39668393224864],[11.055542215487957,47.396092906813166],[11.059060134566174,47.39717112593571],[11.063485590301099,47.396321599576424],[11.072824253155487,47.39692476355123],[11.07535382077749,47.39637477144772],[11.0791626630756,47.39675636397817],[11.084876778320695,47.396575348312346],[11.088839269444037,47.39617013578011],[11.090992295393779,47.39663954803306],[11.094094385860656,47.39561627705252],[11.097869829078155,47.39511051066365],[11.101691418208343,47.39636687939451],[11.104309800684558,47.39595912471762],[11.10955667145679,47.39655187067203],[11.112618337947213,47.3963286041355],[11.11936064893497,47.39888281910875],[11.120928681492787,47.40031768551193],[11.120070362021652,47.40291934214968],[11.119766601588868,47.40711871217858],[11.121326154732488,47.409068537475875],[11.122807762766694,47.40982148354643],[11.12520119122323,47.41291726338275],[11.133337688302431,47.41347799805353],[11.138195364819298,47.414842211710855],[11.140082447875157,47.41641882735232],[11.141858278250101,47.41665752275479],[11.145729351308182,47.41850234238085],[11.147719818132463,47.42003768506576],[11.155212219860404,47.42232335477084],[11.157889952723858,47.42226184673287],[11.166358006635678,47.423193198922924],[11.17355210898221,47.42481555841456],[11.174603227763827,47.42621468641582],[11.177226766158283,47.42710282927608],[11.187644726129355,47.42763040412999],[11.196158221815042,47.428588549776826],[11.202656984421157,47.43460935986391],[11.209224042421887,47.433598519264265],[11.21582719746295,47.43217438739554],[11.21767383185761,47.431274148770726],[11.218875636774605,47.43217284465587],[11.222804970353602,47.43162491169371],[11.233828885983185,47.43303762869059],[11.236167679408803,47.43304952352131],[11.237482519644526,47.43226479074961],[11.239462025773694,47.43299586068994],[11.247152809223286,47.43304739553026],[11.249305627531884,47.43011951689138],[11.250261244839386,47.42802948278206],[11.245420877901514,47.42550275646595],[11.242360838557682,47.42318844996015],[11.241434369831538,47.42175652040486],[11.237514726872652,47.42026604483299],[11.236899204274957,47.41639093205889],[11.231785494965889,47.41364823907297],[11.231537742177013,47.412604820700416],[11.2295245068136,47.411487922026346],[11.229477739111422,47.40953569216843],[11.227667339413607,47.407951744084684],[11.22735765187598,47.40586875233696],[11.225503326045391,47.4051963690215],[11.224964023407,47.4040213707474],[11.221701851239724,47.402590402178056],[11.219479238422403,47.398065066527415],[11.22212660785131,47.395968772628045],[11.22547864576813,47.395824000186195],[11.227796932497252,47.39671374760776],[11.229968913495487,47.398345843594406],[11.238697839839487,47.39903051890709],[11.24077600394174,47.39884081963013],[11.252063423119782,47.39944278622828],[11.256644466938683,47.398919812161296],[11.260032453131723,47.40007104979661],[11.26477310267684,47.39847541987342],[11.269703523772494,47.398689996725146],[11.27396188579242,47.40041247986856],[11.278348806777629,47.401356661706636],[11.282146475986114,47.40357252281481],[11.285372991573192,47.407326499121396],[11.287220770654171,47.407979778832],[11.28738374736737,47.41219704633198],[11.288620561968218,47.4149886304736],[11.290220907181888,47.417138733987585],[11.289434571418496,47.41891743475145],[11.290332931827404,47.420220283936814],[11.289175411236293,47.42195302598502],[11.2874047961672,47.42282865761361],[11.28823117209064,47.4258136151791],[11.288177067823016,47.42777621575619],[11.290201103303339,47.42866830504057],[11.292548893764828,47.42842476614536],[11.294880044852261,47.42922512812896],[11.297121384758569,47.431528556108255],[11.300190370173738,47.43158947864277],[11.303179980873017,47.43081483241495],[11.308536749024324,47.431116421615485],[11.31144348299378,47.431637609638294],[11.314779790617315,47.43312835877259],[11.319009131267437,47.43816425542196],[11.32220941015673,47.43798252715282],[11.326814694787744,47.43881691457453],[11.328442012536074,47.43974518839969],[11.327461787196352,47.443084919986696],[11.329270616506937,47.445531040482145],[11.333259151212076,47.449348710557736],[11.33577440831068,47.45063528658344],[11.337453522999215,47.45028302777527],[11.341497922503782,47.450424977019054],[11.345222140599365,47.449487571470925],[11.34711472401902,47.448414797352456],[11.352289811911223,47.44889665062721],[11.354055610696731,47.44944667578128],[11.359334764314724,47.447586227761036],[11.36164450458138,47.445541981275994],[11.36829081138252,47.44615148352105],[11.370712851591417,47.44862696222034],[11.37264411434215,47.44986625530416],[11.382236635063535,47.44932360992596],[11.384351275772836,47.44857910529458],[11.385605761171528,47.44724032300245],[11.393024494393595,47.448500620149396],[11.394646176546859,47.448087876235704],[11.399871898000944,47.448724583773014],[11.404630114713312,47.44656698592194],[11.405840453966814,47.447693394371676],[11.408449497323364,47.447223175640175],[11.412552626915405,47.44773765162754],[11.41582032201058,47.44567069687704],[11.418602198400968,47.44556864007676],[11.41050422981442,47.45536757348565],[11.408991571378595,47.457534620032256],[11.409760612386771,47.45855186443417],[11.408301487378486,47.4608594843276],[11.40775963011259,47.463336318525016],[11.405686493230581,47.4648224910285],[11.405342090958857,47.46592128889504],[11.406603332152612,47.46744679220887],[11.39598190122907,47.4680129280104],[11.393370063293947,47.466959637314105],[11.387132598121433,47.467669290022386],[11.385797941744613,47.46933352818499],[11.383680821206939,47.47041724757181],[11.38125698878222,47.473854577864024],[11.382210836725347,47.47474510375226],[11.382171784960999,47.476648978127656],[11.384120760627523,47.47811533720927],[11.386455582606798,47.48119259355441],[11.388716308988093,47.483158994288885],[11.392252284981325,47.48297646248942],[11.393028047821433,47.48475336382251],[11.395369676753742,47.484997190461506],[11.395746709115024,47.486961822775456],[11.402059921736761,47.48968758280616],[11.404499143125014,47.49121835317947],[11.405677809084693,47.49274102116279],[11.405682219191709,47.49423133811851],[11.407107079772562,47.49576082792984],[11.408779559892633,47.496287611049425],[11.409501684251842,47.49854265019898],[11.41101925923351,47.50029261470359],[11.4134054044699,47.50151097683297],[11.413794343786517,47.5030030450801],[11.417692630462465,47.5041941460819],[11.419010251961364,47.50562862268693],[11.418954083116859,47.50695060675619],[11.422419846467891,47.508643992222744],[11.427616671205481,47.511691573539856],[11.429916964166923,47.51422512353498],[11.434361999887141,47.51668768059984],[11.435268735706224,47.51644006837862],[11.439322318523821,47.51866509678622],[11.440343730959107,47.514951816837424],[11.443588503118864,47.51174705405731],[11.444798905079121,47.51137360155177],[11.446498747299188,47.50794729087614],[11.453219666993407,47.50968990797257],[11.456274904253704,47.509802953456635],[11.457781686342898,47.50905180796447],[11.460053146548784,47.50960283063774],[11.46208957426303,47.50918859795925],[11.464548780528514,47.50952614519536],[11.471659161019957,47.509393659081574],[11.478342273786314,47.509985965115376],[11.48269463825168,47.50951790538126],[11.484771712102013,47.50971853127027],[11.486461738304557,47.50784381318009],[11.488464286890046,47.50741390108652],[11.491415248433022,47.50811310564309],[11.49455832614362,47.50813618351821],[11.498994148751526,47.50760053902527],[11.502833464712044,47.50544207234584],[11.506354291822294,47.50688023280108],[11.509704645368076,47.50707530525876],[11.515781269162737,47.511717304073436],[11.518325771400834,47.51076816148728],[11.530720597670118,47.50958991864586],[11.535016748099817,47.51046716061066],[11.538507626479037,47.510722177829],[11.542157836959511,47.51253788012087],[11.548952242898336,47.5140985889773],[11.550060266590028,47.51297681832463],[11.559254993960899,47.51477363844113],[11.565946073128782,47.51433029460206],[11.569583796482195,47.5152212776142],[11.572787314705861,47.51785779982385],[11.574486696186717,47.52094374475715],[11.57742332497504,47.52177286962157],[11.58347000544139,47.52477294539032],[11.585278711014963,47.52616494769727],[11.584720069281206,47.53992462855223],[11.58308517411296,47.54248321314499],[11.582928330293377,47.546267030178896],[11.584760836592983,47.54800856999991],[11.586750515591667,47.55177421872965],[11.585642760502466,47.554187685463866],[11.58405582564885,47.555431999407276],[11.585755294028893,47.55837949583246],[11.588731557050531,47.56142484808538],[11.591238843414722,47.562598031392405],[11.592770503561344,47.56395751031706],[11.594467385275285,47.56435184286705],[11.595582653360362,47.566345199200285],[11.597829189077459,47.56857334499714],[11.599773094213873,47.57201639403518],[11.599019064464585,47.573524750119844],[11.599915901492007,47.574619128606884],[11.600768430681166,47.577402481031726],[11.601836009292379,47.577850646616874],[11.602047413896509,47.58044585848894],[11.60350253542469,47.58233661120573],[11.60774167172201,47.580765092106155],[11.610182541796188,47.58055173591472],[11.613634133974626,47.58210205563935],[11.6155415224075,47.584853013704965],[11.62028907881581,47.58493219890132],[11.62519665698688,47.581879528697804],[11.627634358715687,47.58097568146862],[11.630421341158376,47.581288460368555],[11.631614856953298,47.58268422581917],[11.627966080255932,47.585916951158545],[11.629791843524824,47.59031090045226],[11.630304762909606,47.593416627600014],[11.633374433421734,47.59527699352501],[11.635657657069258,47.59417836919851],[11.638135837237227,47.59423827330984],[11.640401842925073,47.59150511250051],[11.640515774840985,47.59001614054274],[11.646444798519882,47.59106215098065],[11.648590243255203,47.58964897546735],[11.649953034609116,47.58787728002342],[11.655378728105196,47.58483975499621],[11.658178548227065,47.58497763558355],[11.66104449211118,47.58432087222253],[11.665996344465793,47.58511640546996],[11.667466478344007,47.58602569627251],[11.67512367316407,47.58585481796865],[11.67525779910518,47.585009833421076],[11.67843128781356,47.58454390311827],[11.679899940578105,47.58515540534492],[11.686522595234086,47.586607723283834],[11.686864808542282,47.587394842464875],[11.697343888825797,47.589680171224465],[11.720433189721703,47.58983525218157],[11.742461362126718,47.58844250290617],[11.74490992258645,47.58865654952175],[11.750508643260252,47.589898042266256],[11.754524512679737,47.589472486028185],[11.759922418333705,47.58983325771092],[11.76450089397448,47.59087830256602],[11.76681304034335,47.59014988709562],[11.770624365006936,47.5904971460972],[11.772244891055076,47.59111923429204],[11.778221088200434,47.591910942172646],[11.786734890644729,47.58840621377556],[11.807952878484244,47.5861349446961],[11.809889341664087,47.585508310110825],[11.814179422720196,47.58510951224539],[11.815961248714101,47.58573995195258],[11.819430787741911,47.586023753091375],[11.821779999151207,47.585622742541474],[11.82557055523595,47.58608597048619],[11.826620780146126,47.582838186249646],[11.832421035134606,47.58255021033903],[11.836853776143894,47.58288557433675],[11.838409227754477,47.58210978761315],[11.841529136362485,47.58190945148506],[11.844538310587,47.58302152110163],[11.850203885755267,47.598538454923634],[11.852131365203794,47.60307244972106],[11.856072412557838,47.602547260264004],[11.857123193551498,47.601876945088954],[11.860773895318749,47.60159470261578],[11.862136121511925,47.60263828531536],[11.891469151198377,47.60916262349546],[11.8923854649726,47.60977874034827],[11.895417587296002,47.60974958784221],[11.899422279843723,47.608955726183815],[11.903858290577064,47.610371502672066],[11.906783969102051,47.61257806892859],[11.91092891038499,47.61456865654193],[11.930506925335838,47.61344355937474],[11.95019674894335,47.61660529957087],[11.9653423657578,47.61795393806474],[11.97402213945403,47.615523823501114],[11.978080607531005,47.61957933227133],[11.987087612122973,47.62146921586779],[11.996643238730076,47.622217909645244],[11.998484768802234,47.62307238700018],[12.003624243274002,47.62423660167764],[12.005767471260066,47.62568501772156],[12.009937678897424,47.623915322063155],[12.009448044155635,47.62255055810101],[12.011201713786422,47.62147814877546],[12.014203880813739,47.617955371501104],[12.016802873951903,47.61267203168505],[12.01908463024294,47.61179596061886],[12.020966537243131,47.61216822433029],[12.02478373596786,47.61178729091279],[12.027069644262577,47.6125306495503],[12.028618048318858,47.61549594366695],[12.030693841710175,47.61617727241865],[12.031440413046003,47.617499410424344],[12.035647936147033,47.61831680248253],[12.039236448939539,47.61736194483264],[12.04329420000243,47.61703628269777],[12.046705785082056,47.61566141281679],[12.05020399187988,47.61620901618209],[12.051495732422753,47.61596670484004],[12.057201914253765,47.618352317712876],[12.057896903275322,47.61954169674888],[12.06138988135429,47.61939674322271],[12.062514997556812,47.61755939450628],[12.066378695203817,47.61633957608609],[12.068016597316257,47.615380306648056],[12.075352061137755,47.614227600169954],[12.076774412010188,47.61182152453298],[12.079529921310117,47.6104586736182],[12.08438336276573,47.61039696873041],[12.08986181939868,47.61077293243082],[12.090444977142365,47.6111811051712],[12.094540271927762,47.610717453403645],[12.0972147740598,47.61143560932534],[12.106733310678955,47.612452981766786],[12.107016102681255,47.61204729708668],[12.11239206674323,47.61216283873958],[12.1165635572502,47.6108046945248],[12.11765933398468,47.60943631476286],[12.12046644626029,47.60900238141975],[12.122238726440525,47.607735938033954],[12.126197846491886,47.60636333332679],[12.127446519205309,47.60695665003574],[12.134649024131303,47.60667323735963],[12.136977843116865,47.606049359755346],[12.142575288553621,47.60825600012267],[12.14546975175166,47.60853673282712],[12.14662968633101,47.609353336492454],[12.148504527434314,47.610167491855414],[12.153203395218027,47.61093155240084],[12.158356292174089,47.61346910679779],[12.160743009159404,47.614151247321715],[12.168584537323001,47.615204576424325],[12.169594671221894,47.614785774765984],[12.172995912297786,47.615292293015344],[12.176174286912731,47.61510495801603],[12.178611601316389,47.6110569912809],[12.177269900059825,47.608891682312546],[12.176997635886835,47.605669127136075],[12.174441684527356,47.6019956981293],[12.175320951558362,47.60160342259396],[12.17675220310954,47.60272821204855],[12.181379130133083,47.60499561410019],[12.1840760454004,47.60555512639808],[12.191437423182501,47.605808106860174],[12.200183412132704,47.60714658275948],[12.203054141622456,47.608590525994614],[12.20532375391216,47.61245726955446],[12.2053135857327,47.61476005686911],[12.204355808275372,47.6172278336781],[12.20119587331794,47.62302654004251],[12.200653311825238,47.62455483232359],[12.199761432678958,47.63100154592876],[12.19879502950348,47.63442235561849],[12.196287787517688,47.641538648959376],[12.195595985396162,47.64285407432214],[12.191128652345688,47.648875576916936],[12.184026980293938,47.65804441718302],[12.182068671755976,47.66056436023706],[12.180352068786641,47.667172170133256],[12.178633294713622,47.66969805385395],[12.176181657273807,47.671709684855905],[12.16911334854017,47.676863651355276],[12.165722634404826,47.6810069160292],[12.164491504927323,47.683093754468935],[12.161982572006586,47.69046787934329],[12.159600762464008,47.70188137183838],[12.180651314626534,47.70120062762335],[12.183023533059643,47.70265377052953],[12.183629380579625,47.70437465493703],[12.194890731526701,47.7094763564138],[12.196576050131904,47.7083337108044],[12.200820249380518,47.708143292756496],[12.203146774449708,47.711237681602675],[12.20518457462727,47.7106844949335],[12.209142211607173,47.71191020162178],[12.22392010908382,47.71885311666137],[12.237022265060446,47.733069178739456],[12.246884237222181,47.74226854448911],[12.25420839780963,47.74375010549429],[12.260371930272552,47.7376131480727],[12.262160085339897,47.73323167431274],[12.254808989391467,47.72205818790396],[12.252488518323178,47.72035042629208],[12.251421202796468,47.718142597349654],[12.24810407601335,47.71521813674853],[12.247870188275368,47.71337695386384],[12.24410241400572,47.71167272945734],[12.23843980943675,47.69509244715614],[12.240330224610581,47.69238467703806],[12.243064068056011,47.68846745110585],[12.250150750736383,47.68455701284521],[12.252429116620808,47.68016675979458],[12.254361683792434,47.679812739802],[12.26042290185839,47.679037186712826],[12.264883082987867,47.68147841453055],[12.268314193690054,47.68475430749779],[12.26950134969552,47.68522579641891],[12.2746936750152,47.6886039536367],[12.281900269581842,47.690861246023864],[12.289305337687283,47.69083641288262],[12.324310078465027,47.69608147950925],[12.335187539825997,47.697709869187314],[12.33224390942072,47.693412811181325],[12.336240550967226,47.69110447972685],[12.33717443056712,47.6910781928758],[12.341880102235441,47.69299025493981],[12.348622683304765,47.692813101690746],[12.350365744884082,47.69123089995846],[12.354215652901324,47.69114268757056],[12.36079830711456,47.684557083435664],[12.365963060344061,47.68499938183435],[12.37119011058486,47.68577677327772],[12.375305547117069,47.687206461308456],[12.377909084428005,47.68716052613348],[12.380971624295864,47.688446480085254],[12.388632666012438,47.689911711223544],[12.390644332435697,47.69072170621959],[12.398553019011697,47.69298864062076],[12.410674722844766,47.69432404609996],[12.426300787405433,47.69707820988163],[12.429818858936017,47.69513791214826],[12.437252407684086,47.695932457970244],[12.437730947995723,47.69426397687395],[12.440175912865081,47.69255704910213],[12.43985022694979,47.69065395772339],[12.438411866326438,47.68852492807644],[12.43810293278105,47.68573857319639],[12.438776665689929,47.68468910942721],[12.436717732060238,47.680446904815],[12.43791568790289,47.679733630073265],[12.4378316963924,47.67744838693704],[12.436167465979658,47.67726654116423],[12.437942165400903,47.67460365242248],[12.441772503965689,47.67458794926063],[12.442847741231233,47.6733536095349],[12.44255991383611,47.671536647764114],[12.444864422275499,47.67124890159547],[12.447152328758015,47.66944919803684],[12.449939891531448,47.66858931069497],[12.450438308894999,47.66497887232278],[12.452641959413011,47.66351348649997],[12.453601817867037,47.66113942129795],[12.454857187313701,47.65987566496121],[12.462299134171605,47.65044079985572],[12.46746302952305,47.64820175552296],[12.48853235635417,47.6376127974324],[12.487847765474068,47.63577179565687],[12.496355889630921,47.62581036913322],[12.509456169969502,47.62602194465618],[12.522425020996293,47.631461509939584],[12.533546789936745,47.637181519135005],[12.561263777538988,47.634346826569505],[12.572213000152678,47.63302734283744],[12.570045352567398,47.62639607510466],[12.569114297338096,47.6244227509353],[12.568406147818145,47.61960199481165],[12.567196526600883,47.61698679849791],[12.56735354069512,47.612421562314175],[12.569792475905261,47.61011658422605],[12.571713210946912,47.60570124217504],[12.575464120216466,47.6044528710665],[12.577308804258887,47.60489069520147],[12.583734803109236,47.60369596863082],[12.59077129248474,47.60339424206219],[12.599123852659721,47.60212776950104],[12.605206771690906,47.59950704649431],[12.608495414282922,47.599538899219525],[12.612286625257452,47.59871769184586],[12.617531557121696,47.59847011030495],[12.62356688499693,47.5970576688784],[12.633924021481398,47.5938422674636],[12.637936513683991,47.59401885387466],[12.640520311433415,47.592309715591036],[12.64283601539725,47.59232707080091],[12.649763659677534,47.58984538887487],[12.650732825987651,47.588739771087816],[12.6549656997532,47.58613646879396],[12.65791498065192,47.58333607553789],[12.663787140690937,47.579338454584935],[12.657281077883273,47.575407199601294],[12.65443584496644,47.57339161010942],[12.649185276160491,47.57045604154499],[12.648962768141798,47.566598346626876],[12.647166622261691,47.56626884680672],[12.643470622909316,47.56166134824509],[12.638815943504799,47.55521457286809],[12.632250300664039,47.55218773435507],[12.62998993420496,47.55226919786264],[12.62535195417081,47.55025842621544],[12.631702513161288,47.54656067979378],[12.633769754104849,47.54388317484837],[12.640384029496452,47.54168988610321],[12.641992972948788,47.5391374140785],[12.645557339008267,47.53823944165308],[12.647839746216606,47.53718210158656],[12.651318336612611,47.53748228560774],[12.650392810446299,47.53451898647957],[12.651619057472745,47.52957801430759],[12.652926593861586,47.526778771935],[12.65326672457099,47.52469665877454],[12.655762989436164,47.51855395776344],[12.655630819206895,47.516924058500535],[12.658135426645757,47.51140632942636],[12.662316157261458,47.506781030711906],[12.666490326734753,47.508941684194895],[12.66920490326731,47.50042456639805],[12.672537990360397,47.49982936004312],[12.682492038088828,47.49345498723752],[12.684203215979517,47.49194083486585],[12.691380205009285,47.490933173089374],[12.694344598392306,47.488836889041835],[12.695001203872613,47.48611523669101],[12.693675997550232,47.483015348489786],[12.696777382304528,47.47859809099986],[12.693405022721794,47.47763168560279],[12.689446040846423,47.47697041923621],[12.683906395255667,47.47462884011076],[12.681302268286881,47.475043793692244],[12.673820543257467,47.46975065619772],[12.670550870660358,47.46780817754933],[12.66443534031566,47.46699003987222],[12.662421671572185,47.46551578083189],[12.660281377599484,47.466163761234284],[12.654605587225834,47.46703052725693],[12.649881760996502,47.468239297685],[12.646370523418673,47.468270500979116],[12.641876791730214,47.46889987563335],[12.637463251706738,47.46852253122036],[12.63495113582613,47.46695442168611],[12.633247624478358,47.46759529136281],[12.629463336415112,47.465777514603346],[12.629024715103933,47.4626354043128],[12.628363510563187,47.46199465688322],[12.628138677194855,47.459113621478785],[12.630859183615275,47.455264423642305],[12.630005365158084,47.45234066237514],[12.634954546238593,47.450059390676756],[12.634111881147414,47.44718404464758],[12.634046324341199,47.44510569180339],[12.635547267662416,47.4422262746735],[12.634709747173215,47.43728731157822],[12.631359088374836,47.4361583926351],[12.629478377239565,47.432807492676346],[12.624210444123479,47.43051205487808],[12.62358657183531,47.42699264610447],[12.621871102468553,47.4260590067378],[12.621757739986972,47.42322767010251],[12.620069782074523,47.42160412787769],[12.62012865820123,47.41987699654911],[12.61710386635743,47.417484128201544],[12.615559686651375,47.41724312703473],[12.61173769355448,47.41790924916876],[12.603023547877209,47.414472077753175],[12.600245301613771,47.41482909085035],[12.596998286705599,47.41249697460616],[12.596936392282718,47.411061952997],[12.594392327191079,47.408619913805175],[12.589743417871105,47.40721908187901],[12.588398286232797,47.40470928132797],[12.58682480930111,47.40380131292164],[12.58739614113803,47.40117692564666],[12.583904011492583,47.398230788424875],[12.58097202348168,47.396659147538855],[12.575794307927712,47.39321028987878],[12.574043650363791,47.39304275825925],[12.568936430996061,47.39353812119706],[12.568216004034484,47.39440538967034],[12.565031653632444,47.395188390989574],[12.561725491397564,47.39549557151654],[12.560374848679155,47.39663163013586],[12.560621355282152,47.39978914469705],[12.555810293532922,47.39899192927702],[12.552245780091791,47.40030440427356],[12.547430619170925,47.39907544579504],[12.543912171078599,47.398498405840584],[12.542482549397553,47.39875406995694],[12.542824812738797,47.39761522107993],[12.539807385166364,47.3955775413864],[12.52977981649997,47.39354054921521],[12.52822135376379,47.39254332965053],[12.52537040836993,47.392323218578106],[12.519983863444976,47.39134658310528],[12.512290779620491,47.394077630422046],[12.507548032025388,47.394107673929966],[12.503274276420276,47.394842678075356],[12.499998172916655,47.390184173216326],[12.498415117461768,47.389241881323635],[12.49592116020378,47.386423203998945],[12.496160956143724,47.3850119955677],[12.494988698170655,47.38243420360056],[12.493058390608224,47.38097253206968],[12.489924222176692,47.38108103048675],[12.489166161594277,47.3802289045502],[12.485471739852283,47.37989476142474],[12.479837738633515,47.37863049696372],[12.47924166447653,47.37811963860033],[12.478669473329504,47.37475080662923],[12.476504636488457,47.37168975729906],[12.476154094388688,47.368943885527884],[12.477812128751316,47.36904690493821],[12.476142949750866,47.36568100479427],[12.478502846990965,47.363171636714036],[12.48192232309706,47.36126254526586],[12.485082152114476,47.360160356103876],[12.483462138461562,47.357760240081596],[12.483374195932479,47.3531526524276],[12.489233280923647,47.35153480973426],[12.492331172626184,47.34914533039219],[12.495348819530637,47.349385141652945],[12.494855348633608,47.347809829370725],[12.49557441098668,47.345428445142225],[12.494305082638826,47.34343515108178],[12.491911202183768,47.34206281067177],[12.492393544557732,47.33812330074012],[12.488523627374725,47.33927047026328],[12.484258166881377,47.33825709665534],[12.479252283008117,47.330183055742395],[12.47549976642619,47.32710774589435],[12.469664517495119,47.3259565937928],[12.466981045522415,47.32448776886347],[12.464372182720558,47.32574228787212],[12.458180113602358,47.32599145662132],[12.44899820201924,47.327667798158146],[12.445883916684117,47.32734141877816],[12.441774092613214,47.32880125223524],[12.439054189178675,47.32932665008487],[12.425486218619591,47.325430849306066],[12.415916305098985,47.32242076600918],[12.4143384666951,47.32147164781652],[12.411636502214616,47.318423790465545],[12.41109916695957,47.31627589777709],[12.40753197840631,47.314329626615034],[12.40217948596195,47.31401017136079],[12.393330769548173,47.31568313396542],[12.382948540434231,47.31517814118334],[12.37942337611936,47.3139332883467],[12.37177067497208,47.31202262451423],[12.36643544295283,47.3147755450849],[12.363286148912637,47.31470071970644],[12.359216651293623,47.31752496154848],[12.3544887189207,47.3192520199615],[12.35172312470634,47.318923531193185],[12.348051951576654,47.319169274293415],[12.345389741335584,47.32148172071338],[12.339415035244402,47.322484712273614],[12.337008147235196,47.32467473988337],[12.33397688312999,47.3254388748515],[12.33243725497615,47.32923161071505],[12.33106869861931,47.32824303216734],[12.316051905243942,47.32641204719834],[12.314046225717698,47.330371367485974],[12.309509534952351,47.3309644962194],[12.307612867539037,47.330842035106755],[12.304276063293152,47.33169074115627],[12.30149725820727,47.33114586027477],[12.29379435706815,47.33331928986071],[12.29368730421171,47.32880364491527],[12.292726560164105,47.32703634804462],[12.289636031944971,47.32513164838804],[12.288995479730437,47.32321039829175],[12.28463533482199,47.321197939750654],[12.28290058324709,47.31838854267428],[12.280722739733903,47.317074714290115],[12.277300041630962,47.31577292408176],[12.2767059963762,47.313856616714034],[12.274053161832104,47.31242740420256],[12.270769011460855,47.30888968348692],[12.265679593734655,47.30615971924139],[12.263601488149572,47.303584451182545],[12.261297429832275,47.302924956931115],[12.25733718814827,47.30498392859957],[12.253653335288744,47.308004884650316],[12.25187573191091,47.30867861955565],[12.249299879074886,47.30827573826663],[12.244971627882515,47.303836855600274],[12.2429537582491,47.30342906319051],[12.238357348879918,47.30339905778941],[12.234478757148942,47.30216520265743],[12.228907594875722,47.30620950628572],[12.229793153924414,47.30846724066743],[12.228513495785434,47.31141277822764],[12.227170937160942,47.312747858958296],[12.223561101816921,47.31368488305538],[12.220120127899198,47.31338938140805],[12.21616138062162,47.31184493836425],[12.21338803503564,47.31216288812099],[12.212537299396809,47.3103457514799],[12.206163433716164,47.30438837914228],[12.205321091241423,47.30284014327835],[12.198984814983518,47.301745999552544],[12.197668955935814,47.30017626491541],[12.194964116006094,47.30008158885804],[12.192615050817166,47.2993034491373],[12.187768793767132,47.30204767509944],[12.183609464938806,47.30118270682994],[12.179398624270313,47.30239313397497],[12.177414587728927,47.301049294397465],[12.171395668141601,47.3028603172185],[12.16669448890618,47.30347894232464],[12.161804090720976,47.30225548421314],[12.162126879326136,47.29945445808311],[12.158861561097037,47.29894689052164],[12.156537475294636,47.298016812352905],[12.152019693901227,47.29428019914445],[12.150562930693075,47.29354532321777],[12.145662056172878,47.29212083032923],[12.141486062577021,47.28962951646903],[12.141277787676886,47.2888478771062],[12.136100630411592,47.290672570704686],[12.134633581300355,47.29171822202703],[12.134270396025519,47.29399278990216],[12.127274023112445,47.296541544942876],[12.127377538519223,47.297605294439876],[12.123435667998953,47.301328766984504],[12.120984776873266,47.302864243472065],[12.116132366542042,47.30415139320787],[12.11172562405633,47.307158890850715],[12.10810022838256,47.3049758585573],[12.106185065983455,47.302994482444944],[12.104406894754993,47.302290837011164],[12.102350244081173,47.29917510947639],[12.100771794217277,47.29880345108958],[12.09998101156861,47.294709573527875],[12.096843578709459,47.29369047428015],[12.09338962378067,47.29093396935215],[12.092432326525826,47.28956961895932],[12.09136899651487,47.286364396854026],[12.08972343248667,47.28538497261785],[12.08728514909546,47.28535290980482],[12.083701381335048,47.28426692792408],[12.083530800819695,47.28341008593945],[12.078984436078827,47.281558686207866],[12.07882762064537,47.28038711891649],[12.075754696908119,47.27589522045737],[12.076230102248745,47.27393988225828],[12.07562462550414,47.27247927590197],[12.073276740609742,47.270297993217135],[12.07415317744846,47.26866987487042],[12.075913441938697,47.26845539347223],[12.081495657900327,47.26592543112406],[12.087019890241091,47.262158311687074],[12.088507687227928,47.26044443247215],[12.091272367519313,47.25977866647589],[12.097958388930344,47.2588815013919],[12.099973132994231,47.25741092615537],[12.100293604971029,47.25273384666287],[12.102582289461811,47.251933626801424],[12.105561669007727,47.24752930988269],[12.106308526325469,47.24544602292727],[12.108163297787906,47.24325584596105],[12.107262767387029,47.24110464334159],[12.104079662100448,47.24022595511422],[12.103481230515468,47.23750744946698],[12.099822852032915,47.237202769303494],[12.09886171753796,47.23480247207153],[12.097102474563705,47.233452681981056],[12.095377324006533,47.2273889306202],[12.090394071914579,47.22059516421323],[12.087108610168084,47.21764171492418],[12.08335566244967,47.21610621338661],[12.085177956538445,47.21163196001217],[12.084594030844164,47.21044770829125],[12.08728618136621,47.20785020567134],[12.084288196894077,47.20521701180749],[12.08343625156458,47.20277627490846],[12.084683219400238,47.20188131967061],[12.084524635178047,47.19975333142326],[12.0799689120931,47.196434418696505],[12.079036764102465,47.19508702554223],[12.079031061700743,47.19257330564574],[12.081430690797239,47.18979211845308],[12.080713891616867,47.186692859942916],[12.082190743916774,47.18436639849318],[12.085154873697544,47.18202237742453],[12.08493152661488,47.18053862642507],[12.086426284023625,47.177654738567675],[12.086522301544235,47.17632233513761],[12.084581364655799,47.17524038951341],[12.083085280849607,47.17139901222167],[12.084271997710587,47.16937314617869],[12.089076363885614,47.16802790312738],[12.090749506602362,47.160976908959896],[12.090292098224184,47.15921506850551],[12.090768250398268,47.15737414111748],[12.09108212567773,47.15295929167187],[12.090447365445778,47.14676824315532],[12.093928580799172,47.145326213878526],[12.104709229192714,47.14166635099902],[12.107847926937872,47.14036437038877],[12.108977723376476,47.13923033500563],[12.110272486899396,47.13533847016406],[12.110511867174607,47.13306639854709],[12.111642063927677,47.131940081807386],[12.111724701963995,47.127991368409695],[12.1108000944433,47.125384554222016],[12.111799873150193,47.12240820038387],[12.113862305647308,47.121247316205846],[12.11598052580762,47.11874859180862],[12.117781530334891,47.11773908384699],[12.11963755475944,47.1154105427138],[12.122072567208324,47.1142218092973],[12.12502380809925,47.11039302416094],[12.125233570260988,47.10843971095959],[12.126575453896454,47.1060355937988],[12.125155258689748,47.10419142346443],[12.1230597271207,47.09794987418084],[12.122376492031496,47.09327552904435],[12.124843292051436,47.09084578247082],[12.126099967216497,47.090657546132455],[12.128611034633492,47.0877098564735],[12.132131032819222,47.08230933491904],[12.133192576151718,47.08138357679902],[12.132685396377896,47.080066554236474],[12.13072257755614,47.07807048708386],[12.127516299601288,47.07862039701555],[12.123383713029561,47.07724082258606],[12.121790032314745,47.07620906064563],[12.11922384087835,47.075623594179305],[12.116101438190022,47.073940735479546],[12.110649004709215,47.07578913085256],[12.108374399648154,47.076958905692806],[12.104026668305274,47.07828146372075],[12.10022870800232,47.078957396870614],[12.097023379502346,47.079008551714],[12.091001585563554,47.0776691603573],[12.089147017093795,47.07672236478186],[12.089203565116243,47.07444400475922],[12.084466730742067,47.071419035322684],[12.080233280077607,47.070565635148164],[12.077135604345337,47.06777878041689],[12.075445205624744,47.064618744096464],[12.075157025371425,47.06266863209681],[12.073556162842939,47.0595929747856],[12.070452500393351,47.06069368405278],[12.063381109833582,47.060098403613864],[12.059711853647835,47.06015033275653],[12.05667317419931,47.05923526238568],[12.053297655657769,47.0618211598503],[12.050118911507404,47.061623808341565],[12.048117854364286,47.06263097070479],[12.045663876392487,47.061718341615844],[12.04194928923064,47.06220968793176],[12.037048080876623,47.06107638912425],[12.032856941937172,47.05902058741918],[12.029687253532025,47.05565240107299],[12.028299430528499,47.0514271770636],[12.024892857112578,47.05065604679594],[12.017121405985966,47.04778411332054],[12.013004135520912,47.04780270164868],[12.006858788758482,47.04834887401201],[12.00458912040257,47.04902223362875],[11.997018719742519,47.04954590567094],[11.995511241680562,47.05002448079956],[11.991542377401359,47.05021673312305],[11.98749912785565,47.049373336496885],[11.98648971961464,47.04857171050809],[11.98255757896867,47.04781431363391],[11.978548048454641,47.05032803882597],[11.976302948360514,47.05071756822536],[11.974301183365883,47.04946869546969],[11.97072307195258,47.048001934875664],[11.968131717970923,47.044980425388175],[11.965749871340293,47.0412877847221],[11.960812511412817,47.04101572401818],[11.958489886480429,47.04142475076038],[11.955882098385036,47.043534094289484],[11.953856946731781,47.04415748309074],[11.952070919469405,47.0429544728614],[11.95049912984317,47.04060951989442],[11.94876647094338,47.03964927325848],[11.947374579461142,47.037870445838514],[11.946799314461593,47.035914019849606],[11.945364933215222,47.034624205098716],[11.943604219596864,47.03420402711474],[11.940338416086078,47.036343757791876],[11.935744083583291,47.037814627534665],[11.930119197765997,47.03827692143187],[11.923590369301778,47.035614075238044],[11.918240447439093,47.034677461454194],[11.912750477308462,47.03321094481475],[11.911576263665083,47.02938830208927],[11.906663677597908,47.02827211668758],[11.905413658843687,47.027129435691535],[11.89973059493654,47.02509064220998],[11.896694398975946,47.0229413302125],[11.892434874568178,47.02119507871542],[11.890476279330255,47.01881717001375],[11.889874025198983,47.0170813772959],[11.888288792516096,47.016854694352276],[11.87764843524011,47.016916601039895],[11.87579054664037,47.016154836637426],[11.873674226978228,47.012304643783935],[11.871221080459375,47.010795853416134],[11.866919371093203,47.01258943133542],[11.864324045779279,47.011880231407396],[11.861344996660725,47.00987854518359],[11.857342152656402,47.00863230217955],[11.855146055922598,47.00578882124303],[11.852390473117156,47.00395007829906],[11.849536512874465,47.00083053106693],[11.84510677442523,47.001466261121315],[11.84241063874927,47.00242039745722],[11.840529352564765,47.000840765171574],[11.83732342054145,46.999330777326676],[11.837375903306201,46.99817143753296],[11.835352948709783,46.99619630274256],[11.83407814299307,46.99413309340331],[11.828826230844676,46.993088103926596],[11.82457761484448,46.99387589869799],[11.815229826613008,46.99106768702156],[11.812863364807972,46.99063843211881],[11.809091722208757,46.99107781100842],[11.806786182812587,46.990914912678356],[11.801113072996504,46.992452227732166],[11.798459294875654,46.99159833637656],[11.794876258052469,46.992012705626586],[11.791881102698133,46.99165081033521],[11.78871294163513,46.990725989130304],[11.786334915370434,46.99090502270827],[11.783842442346279,46.9921990241522],[11.778952562606685,46.993178230718776],[11.777707010058915,46.98945892172032],[11.775693194138361,46.989282736097636],[11.769209308576837,46.98510824408778],[11.767466625634773,46.982358240988205],[11.764628969359515,46.979502820121965],[11.76289936045662,46.97444928405933],[11.761502559228102,46.973467443400445],[11.755215161091431,46.97352718811828],[11.749145061290756,46.9723116637501],[11.748148410929312,46.970998109621206],[11.744196814930488,46.96958796331621],[11.739433608401134,46.97076638585783],[11.735755990062177,46.97103688322604],[11.733113406854974,46.97247147855528],[11.724943884085782,46.973044875192244],[11.723775115805049,46.97598301331789],[11.722042231539517,46.978144109962344],[11.721186318113311,46.98089064983572],[11.717160346187809,46.982978058205646],[11.714390418871005,46.98579890228599],[11.71393570754507,46.98849603468598],[11.7111767115918,46.99060715149634],[11.708564156894194,46.99396640682449],[11.703552218749433,46.993080748337704],[11.700762169037773,46.99365428257368],[11.69729280575432,46.99329170725356],[11.691988529358992,46.99429101235565],[11.689010330574968,46.995680704342526],[11.685701009226355,46.996217284618204],[11.680766980142959,46.99512322221427],[11.67565226525499,46.9934054061061],[11.673073605226513,46.99319260279135],[11.671551419053355,46.994419790747926],[11.66852640620405,46.99381254890738],[11.666305488636157,46.993877801114174],[11.66241380045453,46.99251977079006],[11.661565928376545,46.99265408144388],[11.658294783843985,46.995340499704874],[11.653208425804076,46.996784375848456],[11.646726171603543,46.99929071909623],[11.645004873127782,46.99923175727439],[11.641805610277608,47.00147599050439],[11.638025107691169,47.00270104154139],[11.63626996503579,47.00248736472855],[11.63200805638316,47.00388349447669],[11.63020805828693,47.00741411445323],[11.627181919378716,47.00863617140368],[11.625384279441963,47.01111196094921],[11.62437336198879,47.014017249269244],[11.621533465743042,47.01347742887855],[11.618777199092468,47.012121240123946],[11.613401108434298,47.01331321054484],[11.606481710934958,47.0115824890483],[11.604796158628185,47.00978574256923],[11.601982682150451,47.008665507098875],[11.601161039403491,47.007618518636114],[11.596509357775734,47.00621962953381],[11.5889314759506,47.00645731021687],[11.58707436084756,47.006113145263335],[11.58184504132223,47.00364878702658],[11.578411723491286,47.002809368897736],[11.577635192041928,47.00140496484845],[11.578566454607733,46.997846859118205],[11.576922093006093,46.99771551143621],[11.574400163178915,46.99627255811558],[11.570512836225934,46.99528185794829],[11.565388947521333,46.99349083903075],[11.562384995823315,46.993589749203394],[11.55874565817098,46.991258154839606],[11.550811500415238,46.99121300894909],[11.546439244496089,46.98976340046641],[11.543448996843875,46.98826034956143],[11.539444848230504,46.98697250970925],[11.540068952035167,46.98569254923808],[11.535699669879767,46.9847991350959],[11.532747365499839,46.98590564609944],[11.530624094007853,46.988004380274816],[11.531329315996905,46.990329799473585],[11.529749241846094,46.992388267382644],[11.52536387187984,46.994544385290276],[11.522363592871509,46.99705616209271],[11.519032759617119,46.99742655514548],[11.519056774087678,46.99874664536327],[11.51683542948963,46.999079701373844],[11.51664141307922,47.0000644663944],[11.513604601992892,47.000409075291685],[11.511986883264766,47.001736336526356],[11.511710468240404,47.00356399859162],[11.509940080761622,47.005314227421046],[11.504524759919672,47.00572047801105],[11.503303997314374,47.00712052372243],[11.4979884281839,47.008025970257975],[11.498672381467124,47.010476640427584],[11.49601402137383,47.00992426046755],[11.493357485122324,47.0100087093856],[11.489876548352244,47.0109816443867],[11.485437309541755,47.01143091229357],[11.475939460574509,47.0116969716107],[11.473149077317759,47.00908620999748],[11.471327811717801,47.0057449533153],[11.468782859575809,47.00483188094726],[11.467011921701795,47.002943227154994],[11.465708230334762,46.99924360745956],[11.467025502069333,46.99594231528032],[11.460730305137169,46.99376697857068],[11.459153868351908,46.99387580011023],[11.457640886633861,46.99212985142623],[11.45624786908705,46.992830738964805],[11.451764533897023,46.99363399917999],[11.44977826262064,46.993031525418],[11.448254128162203,46.990262630475314],[11.443234947483324,46.985635318749395],[11.44040820113402,46.981073325113684],[11.440069902013168,46.97779070301359],[11.436777295958999,46.97558895319953],[11.43205135015384,46.974812456332245],[11.425380511105875,46.97152326852547],[11.423573268446123,46.96993155905298],[11.417039218659017,46.969883636697936],[11.414923189048487,46.967284990452434],[11.411515757994922,46.96788547098727],[11.407022943492485,46.967706528668224],[11.40397590053978,46.96674139968491],[11.402772333873349,46.96553168904936],[11.398692874663546,46.96569498502723],[11.395978718067862,46.967545657193334],[11.393981047613543,46.96807066118872],[11.38965136793944,46.97021759681532],[11.386444425861097,46.97007965397843],[11.384588717767112,46.97072618895928],[11.379418422373803,46.97129867890103],[11.377910877178488,46.972632718336705],[11.377806476418009,46.97569753150105],[11.375028659794358,46.97703583982681],[11.374792101204546,46.97821012530348],[11.372678457853832,46.980454861253044],[11.365434034986938,46.983083735250794],[11.363107172284215,46.984560268704655],[11.362058278872851,46.98769257653809],[11.358610854663777,46.988831839714145],[11.356262359666182,46.99091703234566],[11.352478087324712,46.991276547997124],[11.347762677624843,46.99005866369028],[11.345314189051741,46.990319599333844],[11.342896270727508,46.991400626782976],[11.339243462425225,46.98875980381583],[11.338458147894913,46.986513730674154],[11.33401391576783,46.9856097430766],[11.332572167730367,46.98642241025555],[11.331055433996884,46.98913434364783],[11.326825513587735,46.98911881374732],[11.325156400878582,46.989579401500905],[11.323743342214666,46.990987241533006],[11.317672499645997,46.993090697138044],[11.314116030145922,46.99191852233566],[11.309838071043979,46.98925327939146],[11.306900806647228,46.98601963592798],[11.304794183554336,46.98478607462879],[11.302526528968537,46.984933746505796],[11.299000603894502,46.983807353238845],[11.294756457176359,46.98589522561946],[11.291654316159978,46.98659700356328],[11.287061106345684,46.98625050267337],[11.285239192855858,46.986672110771515],[11.282071672295297,46.98383373327967],[11.276179220298005,46.98241091494824],[11.273493246722094,46.98120577273137],[11.27006689848763,46.981032394778666],[11.26852588237349,46.980354868560326],[11.26069878734268,46.98148606822773],[11.256177809500024,46.979144009889744],[11.253799527010168,46.974884932116716],[11.24645582377226,46.97489913417677],[11.241594727603266,46.97270854842173],[11.238903187061762,46.97040406122016],[11.237083870567343,46.97066301226818],[11.23338099615415,46.96983577708965],[11.227134660806849,46.96960924110803],[11.222909558455768,46.9704064818939],[11.21794673967397,46.96991130069955],[11.211037821449429,46.96694642709607],[11.208976874418758,46.96556714831447],[11.205719967958888,46.96438459514313],[11.204496996117562,46.96331509529875],[11.202753348594218,46.96400697089849],[11.200675816593119,46.96724699512757],[11.200187680833809,46.968753082844934],[11.195716857107266,46.97011573612179],[11.192812830827863,46.97041124632141],[11.192454442666186,46.971170580838745],[11.18944653270969,46.96953940477877],[11.187214683051439,46.971233475709674],[11.184014478505087,46.9701961993326],[11.17974408391599,46.966575781991146],[11.17554424420165,46.965002973353485],[11.174418896312497,46.963680528222554],[11.171632194308918,46.9633848992929],[11.16253592979364,46.966358765256494],[11.161450501034402,46.966442235048454],[11.161788130732283,46.96457831197981],[11.16106360396675,46.96074176699938],[11.161054346581526,46.957594368717196],[11.16303901600796,46.956001395132404],[11.161662600264181,46.95482586383116],[11.159942194559083,46.95146279596294],[11.16122012403642,46.94857254985634],[11.165285506501807,46.945761336781175],[11.163396921518808,46.94287244530794],[11.16117908701637,46.94056248031172],[11.158824188362344,46.939916616680165],[11.155761774748438,46.937639043584575],[11.154719291771542,46.936340746485364],[11.152137670378973,46.93474335229433],[11.148532744464706,46.93385800091494],[11.14706636793077,46.93234767190054],[11.143172951859265,46.93103531980562],[11.141599168124062,46.931143270587974],[11.13596997925645,46.92822204591206],[11.13088598407495,46.92934681503743],[11.126981355489752,46.928417588497254],[11.124767642617261,46.93002167526045],[11.12041851602615,46.93022764977796],[11.11606028034584,46.93171112842342],[11.112563878850608,46.93220792675269],[11.109077189703054,46.92981055982332],[11.107371272685427,46.928112445314156],[11.108049478232562,46.923874258724624],[11.108231999720017,46.919790712078395],[11.106100301665366,46.91659059683158],[11.104061506570632,46.9166617004929],[11.094798725447827,46.914676745030484],[11.093104572806007,46.91262126845115],[11.092046899026595,46.90864508584635],[11.094855366863047,46.905487473620575],[11.095278188720913,46.90241486610757],[11.096373197862569,46.902159772538624],[11.096455842243707,46.89776919610438],[11.095318323070039,46.89675990387174],[11.094055644117038,46.89395610035743],[11.09479849095063,46.89153459851433],[11.098871756351672,46.89060842728847],[11.097948306827112,46.8889185437526],[11.09640852106058,46.88796550492858],[11.093671512466617,46.88430480076978],[11.089547251583548,46.88217428044853],[11.088224935079078,46.880371091926996],[11.085979944825635,46.87948656252451],[11.085794142734105,46.87786637620189],[11.083851589515954,46.875617581426134],[11.083721881630415,46.87390803816576],[11.079323921459666,46.86968070889273],[11.078589308294694,46.8679340050578],[11.078734552889555,46.865230208647056],[11.077272599969909,46.86364382667247],[11.0751224392708,46.85966566390753],[11.0716503161342,46.858318518548366],[11.070115835158381,46.85881410178591],[11.069056213028512,46.85672201174444],[11.06872796154548,46.85176059816316],[11.071212958734357,46.84933355913631],[11.071981756833997,46.84793395106213],[11.070348358139217,46.84660067892277],[11.072000806765702,46.84413232330276],[11.067478688992976,46.83909049354203],[11.070648963347914,46.83710152656686],[11.073903524442608,46.83599037322645],[11.075465208340772,46.833931538820956],[11.07605097006481,46.832091772659666],[11.078571724965268,46.82863427041513],[11.07796548843243,46.82735468108968],[11.080594534498601,46.82325010558045],[11.078419904136137,46.82140630911965],[11.070845065450632,46.82075537957326],[11.070198082914477,46.819549372237326],[11.063760027672874,46.81604943780588],[11.061888109588963,46.815600058711],[11.059315864156806,46.8135738935225],[11.057704412590226,46.81351602694516],[11.056058830565194,46.810240620726695],[11.054173451889014,46.808845123847924],[11.047448498070723,46.809270639670856],[11.04463581108043,46.8079699336162],[11.039845781184757,46.8064911878542],[11.03653557557715,46.805810128443],[11.040042696608342,46.80329507355348],[11.041357940779637,46.80162310330358],[11.038107271904517,46.79984202135753],[11.03454907987638,46.79488679877637],[11.033221878969464,46.79460921420747],[11.032114590605419,46.792317540379116],[11.032490396217021,46.79114028765653],[11.03062318575645,46.78542922388015],[11.029277909443898,46.78364261961902],[11.02642788992089,46.7810335224636],[11.024994354442473,46.777078972309184],[11.022331975847255,46.77276640905495],[11.022578346453725,46.76789528589796],[11.021902750972021,46.76713568215962],[11.01914495199923,46.76662828387846],[11.015558852450248,46.769033197845445],[11.01100949228666,46.77284672045652],[11.00255686552547,46.769759645619004],[10.993468681121037,46.76776248537032],[10.990010306974144,46.76781383034977],[10.988895762260514,46.76881450860732],[10.983015797460107,46.76832210247165],[10.978570332583628,46.77026539055108],[10.975014104229034,46.76976926680041],[10.97492145792815,46.7707216275624],[10.972004488030484,46.77329012346519],[10.970444681462816,46.772813205744065],[10.947715323707705,46.77565519219967],[10.941698846115978,46.775508664925866],[10.94089570241332,46.77612397946347],[10.938342869981577,46.774855566694505],[10.93518632122654,46.77448989142456],[10.928974831945329,46.77457422240993],[10.92584278016896,46.773626280166006],[10.924371382966449,46.77391901971364],[10.920405696399566,46.776061771030456],[10.917975180994187,46.77538135603687],[10.915267525310016,46.77569752888964],[10.912508490711629,46.774646733036846],[10.909857747474186,46.772630097438835],[10.906639715145328,46.77153663663349],[10.903224207109329,46.768878131126286],[10.899474087052743,46.76889685424598],[10.896036230374033,46.769623005672685],[10.893556745423895,46.77076916565956],[10.891363759511384,46.76997221164284],[10.888234828622236,46.765511687494694],[10.884824709377897,46.76396890269393],[10.880113888722828,46.76356772659452],[10.877516301492411,46.76501551969562],[10.872590911815177,46.76605378600528],[10.865708377547564,46.766536642718215],[10.864510581298825,46.77307966177306],[10.850155074866233,46.77475151366131],[10.847758683836613,46.77572090420183],[10.84317560393311,46.77907708263845],[10.839344311242353,46.77904000664245],[10.837813666372144,46.7825163721708],[10.83563069928108,46.78189256739829],[10.833770873299246,46.782753340984094],[10.829226958611303,46.781159406706635],[10.82606750685517,46.775633104867914],[10.823118735489151,46.77473738712027],[10.822615708203339,46.77382345161331],[10.814725652397481,46.77548890804166],[10.812533220407476,46.77651126341329],[10.811257430012954,46.77584840928493],[10.793090242425658,46.792036941378946],[10.790851250315699,46.79173258381358],[10.783915604044013,46.79690791935372],[10.78051803338108,46.79643320193011],[10.779900480789852,46.79503060684694],[10.77740485285255,46.79249419607031],[10.775465906122706,46.79153740758793],[10.769974628919018,46.79096503317783],[10.768060861710495,46.78949102995071],[10.763722117487031,46.78828980318309],[10.759423826788309,46.78821835675763],[10.75746087453575,46.78679913313775],[10.754299379687561,46.785885690400185],[10.751866254379374,46.785805063166734],[10.747709991629232,46.78822171032785],[10.741568283823367,46.78795113964322],[10.739280733110686,46.787357359063215],[10.734725628415807,46.787912609016914],[10.732042476975568,46.788987896157415],[10.728727250669914,46.78878051944023],[10.727253579546616,46.78916448536915],[10.725351121812954,46.791602989499],[10.725833996263292,46.79346501736403],[10.72318420592386,46.79740720421059],[10.723995854787633,46.798832355178995],[10.728044151816514,46.79895365914619],[10.732910231170916,46.80008131868693],[10.741099274640508,46.803708415369194],[10.74313970249567,46.8054452408442],[10.743222150448766,46.807584299256426],[10.744456708750828,46.81056528591701],[10.747815089655797,46.8140173931389],[10.748484383453333,46.815800826955524],[10.75276547292726,46.81652044447681],[10.759984244329276,46.82123264516076],[10.761011171375584,46.823350473631386],[10.758797672711452,46.826145096103815],[10.756767575219685,46.82702069080934],[10.754436582274465,46.82886295247753],[10.754045981371247,46.831950908166256],[10.751672501694774,46.83387848862631],[10.746346177591494,46.834546614292776],[10.743864748420181,46.834283175142566],[10.738289951822788,46.83460322418746],[10.733491310278145,46.83527024197739],[10.730767720901865,46.836439247115436],[10.729752659649359,46.83846549415561],[10.726096599345498,46.83884157936403],[10.719577940724003,46.83854460902384],[10.715548408096467,46.84297348104351],[10.713445490765443,46.84352713341327],[10.713954620885904,46.847745072277796],[10.710930420408028,46.84792076092539],[10.70952554514807,46.847478941924706],[10.703007314081404,46.8474984939271],[10.700568567302975,46.84800918101503],[10.699191877924807,46.85008916813669],[10.697318321980008,46.85120965257793],[10.69127276896304,46.85287124599388],[10.690062340553695,46.85451035428532],[10.691045663052394,46.85620254882703],[10.690405965741926,46.858465651230134],[10.69287629421739,46.860094747000154],[10.694021505780029,46.86322072045146],[10.690814201694435,46.86463926310339],[10.687581058987373,46.868369540081794],[10.68417912395387,46.86839644334992],[10.682772930851307,46.869354420982916],[10.67942068000203,46.86903338732513],[10.677582521764236,46.870688461644605],[10.675272253655498,46.87147065850616],[10.67287086816655,46.87066639883499],[10.668765426460938,46.87134830838815],[10.664533079139378,46.876212266836106],[10.659764920066722,46.87498291048267],[10.657499085408936,46.87289524415463],[10.653165093608006,46.87020518932625],[10.653136597100865,46.86911981517124],[10.650999948062791,46.86751637285707],[10.644072811942834,46.8659438379839],[10.642340939646358,46.866272285641664],[10.632075523654649,46.86548017263976],[10.62943848624899,46.865604247375124],[10.62373467034092,46.86501966498241],[10.621446193557658,46.865129833771505]]],[[[10.451606268660269,47.5565158960459],[10.44839344672034,47.5553884234814],[10.44524595190092,47.56188844970068],[10.443168222415583,47.5655205467801],[10.442385355653432,47.56796157025332],[10.43992072993712,47.568245378637066],[10.43579924148373,47.56809746720177],[10.432499184274674,47.568724666026796],[10.431939411314136,47.5702810907721],[10.430403947275382,47.57023389373824],[10.429074440567335,47.57306176187743],[10.430722776333512,47.57353364364486],[10.42882894301092,47.57608172422227],[10.426187474782646,47.57832030235301],[10.432505605042442,47.58016873616956],[10.430121206051275,47.582293702576635],[10.43211614062269,47.58434362891172],[10.435932287632534,47.584945453003556],[10.439419493868833,47.58428431546639],[10.44635119459671,47.58478826149011],[10.447687046021791,47.58399740053859],[10.452991523319549,47.58337485499875],[10.456575641713096,47.584381712508296],[10.459411356538077,47.58642734956958],[10.461067060533283,47.5863773067583],[10.466845068726881,47.58784816659636],[10.469563126555892,47.58765039298168],[10.469833405533105,47.58536695796684],[10.471357290439752,47.58568144591708],[10.474251316518611,47.585245581627106],[10.479186279886274,47.585203424637626],[10.476216319093357,47.581360503303614],[10.470318572524405,47.58006907314318],[10.46789182967887,47.5804441997541],[10.467593211803045,47.57867533112102],[10.468434944136614,47.576002178461756],[10.470509231738493,47.57185872906852],[10.470337662342654,47.57080979114065],[10.467932741253678,47.57084611624962],[10.46442200613567,47.56850298478208],[10.460157531705406,47.563943229509356],[10.457377110994237,47.56230420195183],[10.454459907287994,47.55990871345062],[10.45307428476723,47.557219008315194],[10.451606268660269,47.5565158960459]]]]}},{"type":"Feature","properties":{"name":"Wien","iso":"9"},"geometry":{"type":"MultiPolygon","coordinates":[[[[16.362860914712996,48.12936740383815],[16.355367035948476,48.13008026682222],[16.34810587584767,48.133280856036066],[16.343181162497814,48.134036757139285],[16.33829034860876,48.13520451463083],[16.321827213952385,48.13848672084602],[16.322254684276057,48.137004433955596],[16.319948573669507,48.133412690630976],[16.316272504466557,48.12647715063179],[16.31550712181364,48.12556768506248],[16.311149574229173,48.126284605980295],[16.309429782935833,48.12022714306248],[16.306878128561195,48.12032734325253],[16.302037226362646,48.1224489106661],[16.298051009195053,48.12519587447568],[16.29577743156106,48.126017999864594],[16.295080095194596,48.130186359275314],[16.285052896842068,48.13153527785636],[16.281106691236474,48.13085089109566],[16.277991275325665,48.132666920816725],[16.275035759367675,48.13299901062038],[16.271210189857353,48.134215298432984],[16.26836587673504,48.13454448872623],[16.264424575994266,48.13427342400874],[16.26133512600281,48.133116335983814],[16.258967948086188,48.13153126428988],[16.254447165332632,48.13032591886145],[16.25080692453412,48.1305214148705],[16.247401277645462,48.13170933361515],[16.241658791607673,48.131890443441996],[16.233277686765547,48.13070412384979],[16.226346919323102,48.12784698736299],[16.222751181809326,48.12616536751681],[16.21843076462859,48.125405467206306],[16.21613475852249,48.12445729479323],[16.21399347471111,48.12536829971673],[16.21280281637583,48.12689715301274],[16.215319946458333,48.12876260702782],[16.223089803923354,48.13008273173518],[16.229346679943543,48.13170163731876],[16.23583930877932,48.13274259194817],[16.235919671993503,48.13466595272695],[16.233913016511266,48.13515220325929],[16.23565795676397,48.13785240282892],[16.230094640422333,48.13750091848953],[16.222036820212484,48.13664192753924],[16.219768043828484,48.136179788847485],[16.21596518623722,48.14122400495522],[16.21362797532731,48.1416676935293],[16.21320506628596,48.14279083644514],[16.209786662202973,48.14654284993353],[16.20708090134603,48.14831773880361],[16.2076828071812,48.149970530412],[16.20994733954141,48.15141900308464],[16.214118723058736,48.15193162296874],[16.216187115474433,48.15274966962712],[16.21668236031291,48.154035449267475],[16.219847827441974,48.153065385935676],[16.22042735257546,48.15387843224085],[16.200683146158408,48.15620187755454],[16.195449764713647,48.1548332323236],[16.195198488648696,48.155241722116926],[16.193921801133712,48.157251174150495],[16.194670594313596,48.16161121530866],[16.19342166551304,48.164646266705155],[16.190954190587004,48.16704939705835],[16.18179613392682,48.16963761567828],[16.179122869495856,48.17172505807664],[16.184777966875888,48.17456327361473],[16.185014489180908,48.17780016490158],[16.18733545049532,48.179582016703584],[16.190471280928943,48.18132901474786],[16.193134978651425,48.18450812805586],[16.197036539291,48.18685956072124],[16.20028260447406,48.191644836791184],[16.201162552362472,48.194567768050575],[16.201185709825822,48.19707355391574],[16.202499440677556,48.19843350120996],[16.20461564491174,48.20303439441751],[16.203119701569264,48.20311186728542],[16.199488284094134,48.20476871867529],[16.200313315898104,48.206618556816665],[16.202611527389166,48.207132258050585],[16.204759368487544,48.209233394569026],[16.20684527350569,48.210322071676345],[16.20566254204069,48.21168015088954],[16.202304902406386,48.21280487466789],[16.199038117690552,48.21312853753803],[16.195108012783766,48.21487207589778],[16.19331924316411,48.21754648885204],[16.19226282741909,48.22025074059754],[16.195453058496575,48.222504085130964],[16.193321524415694,48.22403570803854],[16.189668821892347,48.22419737338638],[16.187197532813897,48.22377857072302],[16.18239186839708,48.22390134272117],[16.183627891002924,48.22526339858865],[16.187917759334677,48.22630689254793],[16.190426413085746,48.22781791776295],[16.191704842073168,48.2293229662233],[16.196152370791093,48.230523688487814],[16.195278128412525,48.23207738073161],[16.190817011441514,48.23410330268634],[16.1902169275368,48.23543264176015],[16.1912950109321,48.23834362128349],[16.1917061478275,48.2411930370852],[16.190765921782706,48.24398133419841],[16.193500634761786,48.24834311747025],[16.1935404286642,48.250611784028436],[16.195054632944938,48.251651290346665],[16.197724182424416,48.25455822646992],[16.200059995243432,48.25538992829446],[16.202939521087803,48.25727890267806],[16.202074301656424,48.25829842972248],[16.203232992515,48.26377526610896],[16.205295593469874,48.264791213360155],[16.20718225642251,48.264446030771985],[16.212552705837556,48.26063634017922],[16.218567035913612,48.258886893441804],[16.220840505174667,48.25695741124183],[16.227167253349727,48.25373634272474],[16.2310602053596,48.25097255934359],[16.233488965292537,48.250679943143254],[16.238269435518237,48.24907172558543],[16.23453266342397,48.24347197927541],[16.234989233273563,48.241479393645555],[16.238761362149564,48.239011958901656],[16.243054096985773,48.23963688524035],[16.247327974232615,48.24099163353443],[16.253842706615437,48.24057601187154],[16.254019483406466,48.243598431429554],[16.25539187448021,48.24466171711639],[16.255937136765272,48.24676388728586],[16.258234110065835,48.24618077897322],[16.260885333418884,48.24751716634109],[16.26256655316761,48.24899451123956],[16.261944158712616,48.24999030824581],[16.26757752254829,48.25256926929195],[16.266541510613592,48.25469490452592],[16.269487217059133,48.256882904137726],[16.27274634190552,48.25771308627463],[16.277283266332027,48.257460321812914],[16.282784673675316,48.25901822523876],[16.283506063749623,48.260378835224216],[16.286722179986135,48.262429212783616],[16.289322351699344,48.26292244183169],[16.291305760601237,48.265218628965286],[16.288539799711515,48.267389709637555],[16.284025606744898,48.26710661420134],[16.28322132746788,48.26831480926743],[16.284952476892958,48.269234270709816],[16.28624185195569,48.271205267703756],[16.29170786913146,48.27286846457839],[16.29450824591732,48.27268513811938],[16.297569302368423,48.27400237840451],[16.301734387350074,48.272476657840365],[16.305590722088198,48.27313353802526],[16.30881726513261,48.274607666479476],[16.311804873544666,48.27467785173231],[16.315312417586174,48.27790224377396],[16.317943842980178,48.27889366497292],[16.32230084681217,48.27814284466056],[16.3261873871381,48.277894931432535],[16.327538702856483,48.278712289589244],[16.32895272792346,48.281223006156566],[16.33390001375684,48.28251837678462],[16.341700947175422,48.28580864296009],[16.3403819248931,48.28830749636387],[16.338427715701506,48.289662284793934],[16.345350017416408,48.29117155014308],[16.350732596400462,48.284382536617144],[16.353184316827658,48.284042653322786],[16.360411753940745,48.28299603442784],[16.364113968118364,48.28172973081649],[16.366455011434415,48.282751592889156],[16.36506241909377,48.283902176736305],[16.3639901901061,48.28654649536922],[16.364896604526596,48.28787671491256],[16.36789384660376,48.2885102962251],[16.37507395498617,48.28900878699374],[16.376175963301193,48.290537712306055],[16.375677787647223,48.29354540174456],[16.372787126162105,48.296619284860704],[16.37495220672601,48.299239417441775],[16.377045795184216,48.30270128214784],[16.381608325479615,48.301998177956264],[16.381126810231116,48.303411704112534],[16.38209405337591,48.30459815281562],[16.380295039415447,48.30600089417305],[16.38106502478186,48.30787766719905],[16.37967927652496,48.31113796345473],[16.37780978937434,48.31356234756722],[16.377649766396964,48.315751251599266],[16.378914974312043,48.31779980502046],[16.382408786475413,48.32015026783323],[16.386606259332993,48.31973653701957],[16.388549136651015,48.32161616591123],[16.38823721275019,48.32305109595433],[16.39239950424916,48.323256351480374],[16.392523205818485,48.320969979329575],[16.39134623825305,48.319955569312945],[16.39421626715406,48.318940417669694],[16.40010610530025,48.31745526040222],[16.401447089619236,48.32001742137274],[16.41009707979401,48.3223681134972],[16.41404789167938,48.32322166429504],[16.41712738217217,48.32334782689964],[16.42204357026664,48.32251093037333],[16.425226930412876,48.32107384619422],[16.434987484050755,48.31750416651291],[16.435524896455558,48.315180203028696],[16.435085690441348,48.312628482515045],[16.435321075335363,48.310100285062305],[16.436770669437717,48.30718232179684],[16.43745273719385,48.30445161937736],[16.437630624152003,48.29261407533503],[16.45785711190365,48.28315694199398],[16.464548591532974,48.27951643258435],[16.471936075452582,48.276008516001454],[16.475344933216018,48.27467790006255],[16.478463690037366,48.27412547568351],[16.478953241279026,48.276859055732764],[16.480689545806946,48.28062401829184],[16.479883147532487,48.28243754811535],[16.478149147580343,48.29129894417894],[16.478608738740245,48.29386326000429],[16.492434872898826,48.29334738669993],[16.493379055878755,48.292583077101575],[16.4994138251528,48.291052237931495],[16.50499010058677,48.289150685575876],[16.510443350613716,48.287869446076314],[16.512124331592528,48.28622670147884],[16.510048351476332,48.28197158746151],[16.508782490141517,48.281392963228946],[16.50608876206744,48.278041693414785],[16.503905100948554,48.27429456418365],[16.50652285894748,48.27380202878306],[16.51134732934983,48.27171948398948],[16.51007824579736,48.26853175106686],[16.516397201481702,48.267678456453076],[16.518046652881957,48.26528362729321],[16.521763618555102,48.26423017112548],[16.529856741768306,48.262794941583486],[16.53026618606623,48.263590085378],[16.535828750561876,48.2649343311153],[16.54420825354776,48.26369178826104],[16.53991108127995,48.25519352335217],[16.53836546973825,48.24845015478671],[16.536642054824277,48.243530825875844],[16.545430421309295,48.2433878992736],[16.545074900467675,48.240974705052096],[16.549971211397587,48.23969285403885],[16.547163746744573,48.233372671016014],[16.544126983788253,48.22406771478497],[16.543817304109208,48.219413416048305],[16.543216655932003,48.21691450973785],[16.541460922924212,48.21331732478387],[16.53527636009834,48.205422224651045],[16.53350027525358,48.201134401858994],[16.535271142255688,48.198981898963105],[16.538995894395168,48.192132635047535],[16.536919661410717,48.189530986577594],[16.53586250367868,48.18736460276124],[16.535209103903597,48.184076519691786],[16.538408027584623,48.1833448865013],[16.538387721071196,48.18149337287654],[16.534917376729002,48.183214304361165],[16.533509707881418,48.177768384145324],[16.53634042524182,48.17545092338024],[16.533606408447053,48.17530502040078],[16.533911172240874,48.17414968447545],[16.536200610733108,48.17351555081873],[16.538159505256832,48.17414160234907],[16.54197767263267,48.173550042095755],[16.54102157294062,48.17572727810044],[16.538352698278523,48.176508831626414],[16.538891672939304,48.17764052728801],[16.54127639705807,48.177516587301724],[16.542982535565205,48.178582157560065],[16.546677240216205,48.17775077321999],[16.54818548532779,48.17374527368154],[16.547872410501085,48.17241891858864],[16.544804831897256,48.17202493163727],[16.544617201942543,48.17067087990003],[16.545566939090453,48.16776351297557],[16.54744830863109,48.16673582277857],[16.546999352965738,48.165341828961395],[16.550278259444433,48.16275200232795],[16.552480351268017,48.16270643212561],[16.55144217975035,48.16485427454789],[16.555088201850534,48.16479625478614],[16.558844279369016,48.161059567089026],[16.5608987811199,48.16268790663471],[16.565369815470728,48.164305038155426],[16.568312727001388,48.164417347942255],[16.57028468422565,48.163886802569905],[16.572384215774022,48.16251497149362],[16.573598390251085,48.15961101296077],[16.571922619912506,48.15705143484843],[16.570536055954005,48.155865545649746],[16.573190187600453,48.15396311878347],[16.574680004356818,48.15201347151685],[16.574217561105915,48.14513007099916],[16.573692586419227,48.13772285843162],[16.57325705011586,48.13591277512623],[16.563515974381808,48.138580468879134],[16.556426035136703,48.14036508303817],[16.545553840426052,48.14261660253692],[16.54055899753159,48.14390363000495],[16.537430934140016,48.145341115278384],[16.523992063968752,48.15449919245959],[16.522403699759053,48.15540312249012],[16.51379222944392,48.15913956983313],[16.511013602174128,48.1596215500773],[16.495654616200007,48.1569016422635],[16.490662721411276,48.1595090217773],[16.48536561696423,48.155872039426875],[16.477281965403947,48.157248216599676],[16.4757103554131,48.15725530904309],[16.474064925186653,48.15462331537247],[16.463302149489365,48.14723330307846],[16.459142522885845,48.14359556304821],[16.458240736410634,48.14348219754779],[16.45356687354168,48.14068478191816],[16.450602077089048,48.139603986968346],[16.43344804359402,48.13867258550262],[16.4303509264911,48.13856930386962],[16.43003104369896,48.13230186940585],[16.43112893079508,48.131731655515125],[16.43137761125914,48.126130998814524],[16.431720901733982,48.12486707861119],[16.434246243952863,48.12062596106924],[16.42486491405272,48.12230726771741],[16.420130498661283,48.123759871092815],[16.417718826159387,48.121327781603064],[16.40892925727312,48.12105470445306],[16.410046375913776,48.118937473447055],[16.40551616564338,48.11859752369969],[16.404494293979166,48.12071173427448],[16.402072428963656,48.12162976785466],[16.402346059392283,48.12267766601159],[16.395300520158944,48.12404848556242],[16.388242857533225,48.12519141498595],[16.38556577135256,48.12606494554488],[16.38171146725224,48.12688419061092],[16.373521854871758,48.12775849839814],[16.368780032496517,48.12798666848083],[16.363113841196046,48.129094678210095],[16.362860914712996,48.12936740383815]]]]}},{"type":"Feature","properties":{"name":"Oberösterreich","iso":"4"},"geometry":{"type":"MultiPolygon","coordinates":[[[[13.691787532748462,47.57998041592989],[13.699623912620815,47.58225294793946],[13.70493330847562,47.5805933199322],[13.71010849267887,47.58027142952194],[13.70952325113264,47.57848584968491],[13.710345208530164,47.576051170413926],[13.71406279254798,47.576739694467946],[13.717880036364397,47.57680658774573],[13.727171815195454,47.57771780492746],[13.732654022442613,47.57773034335252],[13.737747278324,47.56969171335537],[13.75312701986833,47.55343755235648],[13.754232990995485,47.545546005770866],[13.744763733567117,47.5445720375824],[13.743416783219988,47.54351084962474],[13.749210314697098,47.52697456005653],[13.757865107283767,47.5210073854116],[13.752511422717983,47.51248453910643],[13.74632626158727,47.50232005685372],[13.744224322951712,47.50089935477982],[13.738472214246679,47.49849070237894],[13.734099952145675,47.49621208474534],[13.726010442602943,47.49097216625228],[13.722985900185712,47.487781099574086],[13.719929147357934,47.485557652073005],[13.716660932034603,47.481072500251415],[13.714954988192245,47.47667329163474],[13.7144581128225,47.474364296999674],[13.716054230401642,47.47024818869729],[13.719754990487411,47.46281999761018],[13.717829558889704,47.46276304919535],[13.714018355691362,47.461820341242934],[13.709753249879906,47.46193027138547],[13.708237822208417,47.46317645354358],[13.702782050206947,47.46460635440626],[13.664854359061792,47.46340526622812],[13.657586687453708,47.46429650668993],[13.636815747964226,47.46722907099855],[13.630917119066254,47.4667142507318],[13.627584594201776,47.467075299626664],[13.623547651541504,47.4681706143738],[13.622802495611731,47.47022644429696],[13.619186004516786,47.47176249517612],[13.609729927666159,47.47399676085609],[13.607149735728925,47.47585508982954],[13.605942430202054,47.47584573560712],[13.602876972006017,47.475896454616894],[13.599716771226968,47.47482380041247],[13.595867918363307,47.47499132040013],[13.593396408646322,47.47631212112547],[13.59015435410774,47.47472104669853],[13.586868430966309,47.47373406655791],[13.584643041831216,47.474190018008485],[13.582856450628059,47.47550827496876],[13.57851776979307,47.47640912085617],[13.572418223256138,47.47888264806378],[13.570416365875033,47.48110000219974],[13.565423379269378,47.483211408142246],[13.5587689285232,47.48416701240108],[13.555962729122548,47.48666974092033],[13.552394945591018,47.48680582989836],[13.544894264898875,47.49076413999867],[13.541080670791155,47.490919404903714],[13.537327492848595,47.49180277517484],[13.532339606212897,47.49415988132432],[13.531503124230039,47.495640685409754],[13.517486097121978,47.49504751404844],[13.51336171370177,47.49721345287628],[13.513283821245908,47.498891768303224],[13.510628680807567,47.50375045171706],[13.503713219951285,47.50868657160071],[13.49918992469601,47.5124243358086],[13.493529480012421,47.5132294779207],[13.492142726735167,47.513880210902016],[13.487245414899526,47.513968420675695],[13.484161084138995,47.520323489233206],[13.480474087240214,47.522021591042424],[13.478556884058763,47.523508152332155],[13.478570150125023,47.52499017706444],[13.476811060855445,47.52620991631425],[13.476331212352987,47.52804570318344],[13.47393478304975,47.531024630060806],[13.473400640536246,47.533079734360555],[13.475277092812094,47.53608882492933],[13.474393893740535,47.53729672735078],[13.473951596431355,47.540323068307224],[13.474223573300453,47.54294149045199],[13.472696900018573,47.543777410226696],[13.475514284836546,47.54551618226536],[13.476099538882357,47.54811558352308],[13.480657454349698,47.549920423406554],[13.481959842857483,47.553536641371565],[13.4808385506775,47.55468002771599],[13.480221179071702,47.5573325016826],[13.48131907204514,47.55913009426979],[13.478789228608283,47.56032898506335],[13.478469659926446,47.562433763605],[13.477779004747353,47.56490789725648],[13.475518641362283,47.56884415167152],[13.479862496878825,47.57210180139341],[13.487789800855015,47.577539491304776],[13.496295028121509,47.58184836516697],[13.50245909417898,47.5826974986154],[13.504268870724047,47.588146240664685],[13.503145028369389,47.59079831645001],[13.502409460705426,47.59555767693576],[13.503731125598934,47.597501998036925],[13.50351744683649,47.60146037016943],[13.511275586774834,47.60974959028546],[13.511731983464891,47.61152240830857],[13.514638530893102,47.612687214199276],[13.517800632601613,47.61580563534881],[13.52049244471069,47.619037111381076],[13.51747441347207,47.62388895672504],[13.517488374527815,47.62505964629921],[13.515046307455453,47.62622804517286],[13.515612092568437,47.629334948061874],[13.51197709287622,47.63175676452182],[13.508440401748583,47.63258815751126],[13.502583261830138,47.62970571497898],[13.499284975986775,47.62949703304354],[13.497833264709351,47.63084662882765],[13.495209845198785,47.631618809142495],[13.493315627609448,47.631039801690335],[13.489197651428695,47.631542836012585],[13.487057210977767,47.63103549735677],[13.48499975985338,47.63357165467807],[13.483148028715588,47.634569083534856],[13.483103628427877,47.636079221931745],[13.48144230224201,47.63850304980686],[13.481288216952892,47.64224965462557],[13.48481291513415,47.64265262254162],[13.487821391331416,47.644637694004174],[13.486913876567197,47.64715828725009],[13.489206789944687,47.65004803725471],[13.491691190077526,47.651755975216574],[13.497582978037558,47.65961583960368],[13.498279986171829,47.66552835871053],[13.496613742517622,47.66764559639667],[13.497235281918648,47.669706301242655],[13.503070573806362,47.67306875338298],[13.5062769611164,47.67704588977894],[13.508799692852078,47.678155717942396],[13.510028881514241,47.677394840115],[13.514140817579701,47.67624104126502],[13.516415352293013,47.678415986260205],[13.51998341850287,47.68036053446862],[13.526043578917259,47.68125760690924],[13.52983265867043,47.68344035013371],[13.530892356004843,47.6850880524328],[13.530718070560855,47.69116495929238],[13.532593396528691,47.694679023870314],[13.532819529233983,47.696004434436496],[13.53596161936802,47.699192970706],[13.540180187078455,47.70102597412302],[13.541206115982163,47.702490187457336],[13.543601686527076,47.70367298516346],[13.543919564423446,47.70615611984539],[13.545128510133322,47.70915161247389],[13.546403240507518,47.710360523145305],[13.5460943319121,47.71162805391346],[13.547684789389523,47.71318760782394],[13.548063967268417,47.71482345429212],[13.544946984061417,47.7146980599049],[13.539334870583417,47.716150025728155],[13.534844605361089,47.71652785382422],[13.52763954341283,47.718209564192435],[13.522497902482755,47.717637928291204],[13.518372110493386,47.719359111683765],[13.51450475133812,47.7196298760925],[13.511990731776823,47.719270514939915],[13.50994048993955,47.71959505692976],[13.507302668917154,47.718320791034685],[13.503498416166632,47.718475928979196],[13.501277047686008,47.71928280802115],[13.503380980740536,47.720574467487715],[13.503152607402761,47.722140638234876],[13.495007185712696,47.72355591746649],[13.48324323864538,47.72281154015617],[13.473791613082538,47.724899357797426],[13.433469015572669,47.73925871047796],[13.43355430489293,47.740819691009044],[13.435785995438145,47.744142348765195],[13.435432189911316,47.74813539983945],[13.438525267230938,47.75024147919565],[13.438160378160207,47.75215293292761],[13.441632674585891,47.75810681639854],[13.442272155692121,47.76008030579388],[13.440372741174507,47.76252411275574],[13.441024709936437,47.766084371624956],[13.443508076496789,47.772711616148],[13.449163948697452,47.775811851500784],[13.450677604866115,47.776281569709965],[13.454964705940508,47.77865146588582],[13.457031026970705,47.78168524018],[13.461195895582442,47.78475597590396],[13.462474874718307,47.7868595313544],[13.465283862989839,47.78694441995545],[13.469157555082274,47.78633145354597],[13.472786482416423,47.78477623695253],[13.475239204614534,47.78303774819792],[13.478643767222128,47.78302800748248],[13.481866485230205,47.78230216373116],[13.483764288056193,47.78282673072727],[13.486811309343285,47.781437192062185],[13.491056246240317,47.78056640228617],[13.496143888413316,47.77864451449726],[13.49777755611958,47.77683832276611],[13.50260895722097,47.77510859587129],[13.505368695918113,47.77451286755329],[13.508817405313172,47.77485871418959],[13.512427952755662,47.77272062353967],[13.516349267531188,47.773472615842756],[13.52127392472562,47.77503399643624],[13.524016286705038,47.77478260931699],[13.525904235543718,47.775525663586144],[13.532580670419073,47.77684447891034],[13.534139493817937,47.77990429722009],[13.53421695526137,47.781756342863716],[13.535888797252637,47.783053275771444],[13.533686105277244,47.7866009866157],[13.530904659863067,47.788636650510774],[13.528603813463253,47.792473944203934],[13.526268026326097,47.79417198447833],[13.524068580574134,47.79394119413628],[13.5266703981245,47.797732246245786],[13.51814806154041,47.798302970690834],[13.51348488249371,47.79685783207675],[13.508164450879745,47.79766756431328],[13.506455768232838,47.79618630554562],[13.506014525009475,47.79280650839618],[13.505091070987318,47.79164397321786],[13.500555903021867,47.79014422858215],[13.496043482545929,47.78994917147924],[13.492219036715772,47.792692247718016],[13.489781781134022,47.79202451677833],[13.48817612181338,47.790110638913745],[13.485346151067075,47.79031909183584],[13.483118097845134,47.79149115083524],[13.481316233434956,47.79421285787488],[13.481186748794043,47.79747553321508],[13.480491539456604,47.80066749631177],[13.478609528839113,47.8025837746716],[13.476140218221003,47.801237169917094],[13.46969156631364,47.80336490828894],[13.463250736306275,47.80444604077475],[13.457150124361222,47.804378369084695],[13.455879718728989,47.80362840976047],[13.451943125751292,47.803637397199424],[13.448517032853498,47.80490708714781],[13.44761088071781,47.804451135674846],[13.446428968130665,47.803741829730576],[13.442220441052385,47.80264540906778],[13.439381354376481,47.8031269626049],[13.432382284009286,47.80091460552771],[13.429546932322534,47.80066834469602],[13.428631468179681,47.80163500179813],[13.422318378142627,47.80180155948686],[13.42068294672505,47.80034956637052],[13.415315245330705,47.79949037479405],[13.405954810486875,47.79944980820232],[13.404366113446173,47.79907950618525],[13.402572137985983,47.80006197176178],[13.399147918581255,47.80040523622478],[13.395275767028675,47.79860057191996],[13.391932465128466,47.796768247290004],[13.390384575275172,47.795457297825166],[13.38649149012494,47.79498468119723],[13.384516349812516,47.797542107292585],[13.381638275581016,47.798583386238704],[13.379723092536013,47.79872012045779],[13.373836294060881,47.800433095116844],[13.372006435806874,47.800506153588294],[13.37090825455225,47.8015853231168],[13.365895926252575,47.803089504555835],[13.362863631712502,47.8062793232105],[13.348156258606874,47.810649045104206],[13.346871860412085,47.81324215875952],[13.345213454110976,47.81462496593946],[13.342473003863638,47.813638192995526],[13.341311446982788,47.81399797279711],[13.337812371044587,47.813454860781256],[13.3351330969124,47.81415902771177],[13.333100750485773,47.81360116080858],[13.32665708309119,47.81330121878439],[13.321396901549141,47.81342172879476],[13.319130469985001,47.81384135765939],[13.312828332698274,47.813103328522246],[13.309401296692693,47.8135364131342],[13.307903796455774,47.82046160160508],[13.30693576993199,47.821984352441135],[13.305214689984957,47.822402749029365],[13.302394702108767,47.82164604274317],[13.300926686865331,47.823248770033324],[13.29627640844262,47.824051332758344],[13.291035151317352,47.82546059297008],[13.286904990495865,47.82508061755144],[13.286185810016299,47.82976437387367],[13.283603307309056,47.830929271042244],[13.284404857366251,47.836371979614235],[13.285671655100327,47.83646292203938],[13.285114656669558,47.83959488700873],[13.285351245157605,47.84320049122791],[13.281384067630169,47.84285475496581],[13.281732216324814,47.846796168553524],[13.283991356383886,47.84687496964555],[13.288800512979911,47.84921073098836],[13.288139652789816,47.85303297218924],[13.285302982229648,47.85378809440518],[13.284647489846936,47.85478725885165],[13.285784356068909,47.85656393471231],[13.289202336543982,47.85713845551505],[13.292924051576971,47.85673765577137],[13.2928329483257,47.85770125343903],[13.290767282209938,47.86028857740874],[13.289534772652296,47.86263461956329],[13.290325527302539,47.86446689504523],[13.286085724919422,47.867830344669876],[13.285850303411618,47.86987535671568],[13.281920940187275,47.8721366020233],[13.282346714270071,47.873490236776995],[13.278044566642711,47.875058087115214],[13.276282047032312,47.876968740483484],[13.27309564757736,47.877749026528754],[13.27261403406781,47.8793041945705],[13.274042536758351,47.88301133956052],[13.273143129883683,47.88487334639353],[13.268719046298678,47.887049848646015],[13.268429360782154,47.88963241795779],[13.267308525551996,47.89213552582762],[13.271962797618736,47.894860608824644],[13.27519093154098,47.894436371235045],[13.277689260536762,47.895943073043114],[13.278385767879389,47.89792372026562],[13.27821555546759,47.89988173350943],[13.277257050149919,47.901325127257394],[13.278323565236123,47.90534293936875],[13.276515342701204,47.907626013496504],[13.279109396433695,47.91064134751772],[13.278549769398433,47.9131037848913],[13.27958933877672,47.91500963488516],[13.277193123571553,47.91747965697412],[13.275753989554767,47.92034118156046],[13.275571508709142,47.92197988737788],[13.279553119582333,47.92295152324457],[13.28001643326229,47.924592060535055],[13.27883365034472,47.92675156151755],[13.282396815070857,47.92858691998265],[13.281553635925297,47.93253382627376],[13.279311625062522,47.93602558212528],[13.279287601274067,47.93777753432446],[13.277925019331494,47.94088362649023],[13.278025833761877,47.94419849058875],[13.275360521698838,47.945217206387525],[13.275014810468697,47.94797253995079],[13.275263577822573,47.95042840854571],[13.278590341410476,47.95269818733623],[13.279270027714402,47.954614912727585],[13.27748367233546,47.95542212434089],[13.278329592447704,47.95603149107876],[13.283158654560781,47.95760650473512],[13.285128982723904,47.96020143648285],[13.288386459687771,47.961392504777024],[13.29197796337299,47.96094014591223],[13.29294257696078,47.96221103833248],[13.297933850082687,47.96409937026838],[13.302667583159193,47.96489841141169],[13.30473321992954,47.96472179538623],[13.308261008492286,47.961524849710344],[13.310330281762178,47.95847604744837],[13.315928979389138,47.95789539125322],[13.320575855877168,47.95775887653016],[13.323784547130748,47.95676660603238],[13.325859524199421,47.95690889414779],[13.329057183509532,47.95633336812245],[13.330929050440927,47.954778933191776],[13.334478364338214,47.95491226653583],[13.338293950343651,47.952509131293446],[13.335741160681716,47.949998061606564],[13.335086925023987,47.948384303809256],[13.336795868843872,47.94460091585533],[13.339061516497994,47.94396702165259],[13.343315874450953,47.94533731948252],[13.343963871179364,47.94428468085056],[13.348814584840035,47.94191050544395],[13.351002356973941,47.94217809734577],[13.353944704018847,47.94158923522672],[13.355740647248055,47.940468302241094],[13.355964985169646,47.9430625518253],[13.360320994161707,47.94478873157334],[13.35934288117501,47.94987803819868],[13.35836271976147,47.95115385501742],[13.357959463907855,47.95611490377157],[13.359641438625015,47.9575945198091],[13.361688557438539,47.958471804190516],[13.36435357596781,47.95864096240828],[13.36222010045887,47.96077446860749],[13.363689534533082,47.96230067839911],[13.368716999988083,47.96477862604701],[13.370627871230166,47.966515482717604],[13.369018453820976,47.9681622354434],[13.367655190439306,47.97126116842456],[13.368852912648117,47.9726880695492],[13.368761921083225,47.97753045394172],[13.366942602346272,47.97782383264719],[13.364798886769474,47.977026470245406],[13.360517671892795,47.978455283646326],[13.358181664404825,47.97884409728178],[13.355683656986539,47.97837392863029],[13.353516251553259,47.97896017364673],[13.351818107319765,47.978651170266424],[13.347891385063395,47.980215661320926],[13.346922162765203,47.981482461142036],[13.343275875828935,47.9840659495178],[13.3386918297726,47.98410774113357],[13.336367492215842,47.98488232368016],[13.332815724713146,47.988049515123144],[13.330710552135145,47.987705566124355],[13.327818833509168,47.98807980946523],[13.32732679674442,47.99007093182574],[13.323762098862616,47.9922818067373],[13.321257590087287,47.99302296317968],[13.31886566338842,47.99101608027478],[13.318482857082468,47.993122328564695],[13.312071921934221,47.993131336431546],[13.308295922356008,47.99367855652558],[13.305798118026729,47.99360476834274],[13.305683574210187,47.995564396265344],[13.302663187472,47.996259506069805],[13.29842439903478,47.99606607007996],[13.297078143458677,47.99962835530657],[13.297429822097907,48.00186115058399],[13.2954735186789,48.00319629508888],[13.300581764591607,48.0049498510881],[13.30002652381284,48.00768742539712],[13.301126898814976,48.00857637935583],[13.301354058687364,48.00914968042773],[13.297575703717785,48.01109563855917],[13.292366147921562,48.0110534476377],[13.292091221682774,48.00961701573866],[13.288674710689387,48.009081744878074],[13.287914562785872,48.01031906104146],[13.284944713489894,48.01027261734324],[13.284488729802684,48.00913566578422],[13.28056311885921,48.00756528611464],[13.279528005044497,48.00588647779104],[13.279669866324634,48.0036275898936],[13.277363260483018,48.001596145241614],[13.279272635272346,47.99975488559882],[13.277858370738667,47.99784269882357],[13.275087046682689,47.99697923641435],[13.272258853655243,47.99853243070906],[13.268667473645943,47.99762331086076],[13.26690454702376,47.996524146135556],[13.264232244359397,47.99678798057071],[13.264610864942533,47.995272875211576],[13.261984834098373,47.99427154110086],[13.256924111559364,47.993518670100464],[13.254172049395745,47.991907488049335],[13.251669138331895,47.99297766331474],[13.247846598795423,47.99324444480515],[13.244882458196997,47.99041281088138],[13.239888378958424,47.992691078549846],[13.236113538901328,47.991066314765334],[13.23388886938824,47.98948603578204],[13.231848922009064,47.99029825551781],[13.231101789864704,47.988505811564856],[13.2262959897958,47.987964765433254],[13.22282984639129,47.9889508414864],[13.221176270234546,47.987251567737964],[13.220884102318339,47.98470632437895],[13.218397696876876,47.98329264131361],[13.213890860086146,47.98283719882244],[13.213465525316844,47.982087098630856],[13.209901470411149,47.98317470618085],[13.20707267531659,47.979650150038374],[13.204512213345083,47.98004920230249],[13.203220911231227,47.97887536260823],[13.199880143587773,47.97857613082013],[13.195312128740348,47.97658844946087],[13.195874250533201,47.974880264576974],[13.190682558017814,47.97499607905842],[13.185093661014,47.97452135443657],[13.180951940433783,47.97367780043835],[13.178773236131061,47.973860782646604],[13.175913510177093,47.97489196564831],[13.17375561489997,47.97433592282578],[13.167343654642323,47.97424325900106],[13.164742001894874,47.97464812036242],[13.163876492833742,47.97659609461414],[13.157895725270919,47.97561532886607],[13.151826412519334,47.97345991243496],[13.149183739703286,47.971451360259124],[13.144699587401025,47.970578433531024],[13.143698050046421,47.97076302438607],[13.14501556712939,47.973939802698546],[13.142370975421642,47.97505273345684],[13.141064848591048,47.97890640448208],[13.139037618395331,47.97875809479001],[13.137510888411184,47.98163830977992],[13.138338623199802,47.98277584989997],[13.13753429695059,47.98572744530389],[13.142524196434056,47.98710805865175],[13.143661605181967,47.99044962086625],[13.148260057457087,47.9927897869509],[13.147306780661179,47.99522724488841],[13.144421830054997,47.99588003109771],[13.138609573623011,47.99378184305824],[13.137139374037393,47.99276269505276],[13.128661920053698,47.99027181495445],[13.128666143653755,47.98912488382349],[13.123283429598368,47.98952765020823],[13.120400987123551,47.99022572463698],[13.118749781307317,47.99155764232157],[13.12069830887636,47.99468771367531],[13.12144503777586,47.99688921221891],[13.11918352599786,47.9954364766389],[13.118099996599806,47.99628794871732],[13.115767842737432,47.9952842895508],[13.115070128625403,47.996010418528435],[13.110594859875638,47.99454603989656],[13.106794476278916,47.996956521644755],[13.103710699440636,47.99626278030307],[13.101131942650055,47.997459459925935],[13.09995818793229,47.99826928865161],[13.0992824501125,47.99866943108814],[13.095544836200721,47.998446636239144],[13.091234967003125,47.99653410317354],[13.091122645786582,47.9978929385858],[13.086815460030442,47.99994320254298],[13.088611646232511,48.00134233065298],[13.08695285141041,48.00429166659525],[13.084646022168942,48.00314340604104],[13.082639922131971,48.00418229496788],[13.081238363131511,48.00316042823484],[13.077586466724767,48.003696256942035],[13.075101361035593,48.00584634748079],[13.072288548206103,48.004748261719755],[13.070672714057503,48.00726698855135],[13.074021992423637,48.00982874595047],[13.073106649482918,48.01126645722609],[13.075029781952244,48.01180765292453],[13.072214616656796,48.014065256217066],[13.070281758241366,48.01653503654872],[13.06798295889613,48.015249544356216],[13.0665359471307,48.01579985391464],[13.060634150479899,48.01643583669837],[13.060331654042045,48.01520497784511],[13.056714721995057,48.013926675994156],[13.054856938977494,48.01399941780563],[13.055448055931224,48.016298928774226],[13.058311739426134,48.01858405410635],[13.058185786200625,48.0197623528922],[13.060270059870893,48.02072654723255],[13.056954020586987,48.022595217633494],[13.054966926310124,48.02306978508425],[13.052909736668145,48.02635079153533],[13.053420415652491,48.028379322759065],[13.055938978355524,48.03039881460914],[13.050576379806442,48.03065134598224],[13.044399891734093,48.027968838524316],[13.041302113606285,48.028829486137006],[13.042470280515815,48.03291976031998],[13.043836064781203,48.03285435568748],[13.045586231801328,48.03568801514598],[13.044189302795095,48.03806907306838],[13.044412767567918,48.04068823955531],[13.039344472722199,48.042174181940034],[13.035462072585402,48.03898709661986],[13.03418953817501,48.03962740992006],[13.032723124092882,48.038499185584065],[13.031692447180518,48.036467867913586],[13.02825062738499,48.03538903910619],[13.026207414581561,48.03321466160038],[13.019384243901033,48.03324389540386],[13.01761178449342,48.034520865275354],[13.016877657957995,48.036028339021705],[13.015034348722306,48.037393598054784],[13.012641430067681,48.03776511803918],[13.009492383988002,48.03721884633031],[13.006760962638271,48.036245805401855],[13.007383443614534,48.034557077490426],[13.0051994081691,48.03209773983009],[13.002937193434676,48.031024635024735],[12.998117281241875,48.029801980604184],[12.99203954247978,48.02971228475076],[12.990350352088825,48.02874560327106],[12.988022373729804,48.029206769658956],[12.986804806863335,48.02854596229712],[12.985649954936827,48.02910513100401],[12.983205808983016,48.028601184931624],[12.98141500021209,48.02722050765462],[12.979330154596665,48.02679286755455],[12.974619221335434,48.02425116116638],[12.970061240897751,48.024210342493596],[12.968485783772248,48.02462948019343],[12.962800032736267,48.02946610436332],[12.958621393636216,48.03346392629955],[12.955965345833674,48.03407695474951],[12.953329404358907,48.033891391460955],[12.949665675183613,48.03612659105096],[12.947384340765238,48.03484875160346],[12.94630074261409,48.03742517349404],[12.94037855939314,48.03757132980071],[12.936698792726006,48.037115468453756],[12.935265163581597,48.0366690206478],[12.931646896901512,48.0354695790263],[12.923422745693976,48.02881846617069],[12.919648202591674,48.02498577661996],[12.915827889098914,48.02342309986316],[12.909353893235542,48.02363395906024],[12.906956924817385,48.021776606950326],[12.906251601844033,48.017986740797134],[12.902203846573482,48.014996310963774],[12.90156297472906,48.01051842526834],[12.899427296624214,48.007380707851674],[12.89510329894257,48.006317351780666],[12.894207536834728,48.00446383096264],[12.894463364990713,48.001696687363],[12.891051853175423,47.99901028821721],[12.890873567886599,47.99534752609901],[12.889476761024271,47.99562507557185],[12.889187330800945,47.991719778098854],[12.887152122875074,47.991628741432855],[12.882393096592004,47.99366185839809],[12.878828873380124,47.99444816227838],[12.879413685631356,47.995861811435574],[12.874006120335816,47.99732031954138],[12.868570936460808,47.996999065285586],[12.859545685531529,47.997501756692245],[12.857373111808512,47.99734890974755],[12.856578363899958,47.999832970882395],[12.854725446092413,48.00756826418799],[12.854022628764003,48.00917958123905],[12.85098175917127,48.01320418066829],[12.84572846117743,48.01842213473494],[12.835869042122452,48.02584901679396],[12.83118509068697,48.0287719771843],[12.812693410052644,48.039884552098115],[12.801580073424354,48.046447945402235],[12.784655099433188,48.05627098060013],[12.767673450093653,48.06665677116696],[12.759388016710426,48.07317040015555],[12.755949456953795,48.07669723618607],[12.753398249308265,48.080464648018435],[12.750168449644915,48.08754802226635],[12.749379637168683,48.090935091886735],[12.747826656014277,48.100304100647094],[12.746468366442402,48.10858209040036],[12.746934204564035,48.11160031626083],[12.748043644365486,48.112952637956084],[12.754744510088658,48.11811455883754],[12.756080393378735,48.11988021898108],[12.756427605461605,48.12159840324083],[12.755167313675843,48.12636537928799],[12.755807815942823,48.12744755778931],[12.75874864456783,48.128916361822455],[12.761959888929042,48.129613117243345],[12.765582155221617,48.1294476298447],[12.770769746049929,48.12838974414796],[12.774377211518736,48.126776082257436],[12.777649765161245,48.124581088744335],[12.780165566767009,48.123640143499046],[12.783666958266506,48.12413688892845],[12.785336568439874,48.125555183985966],[12.790346772329324,48.13315744537651],[12.794713010995764,48.13948687050577],[12.79516302191238,48.140979416457235],[12.794801171092834,48.1451901213813],[12.797211296861851,48.14789286944688],[12.80708628301356,48.15177353762836],[12.811366877789482,48.152698197855926],[12.814816056029885,48.15300708738804],[12.821276880834642,48.152960079304854],[12.825116499980211,48.15378306152153],[12.830227464567574,48.15701919004486],[12.832042464408284,48.15931541760515],[12.832222243653908,48.164800464048575],[12.833446549781481,48.166148374442024],[12.83677943958391,48.16701133236352],[12.84060105283497,48.16632087630873],[12.843360292027366,48.16698069341409],[12.845252918438023,48.16856968273441],[12.846649522774461,48.17289265967433],[12.849121914530267,48.17765513633633],[12.851242593712552,48.18003822228389],[12.856626169370678,48.18429610517507],[12.858679561982004,48.18764806982068],[12.860161921583096,48.19141966390872],[12.861164504241694,48.19589401570943],[12.862529043263775,48.19875453597055],[12.8640105376469,48.20013903398643],[12.867912281543102,48.202332403212885],[12.870881070167139,48.203182106974296],[12.877260370617954,48.20384994666798],[12.881965933376687,48.20397004017272],[12.898903496131435,48.204942548148324],[12.903192561659974,48.205485453517944],[12.90933795165612,48.20663517361052],[12.914844031820804,48.20718963266937],[12.9197878712184,48.20687437788342],[12.926855075504365,48.207531498703474],[12.937425857824882,48.20720119078028],[12.945351713872755,48.20781701503033],[12.952378942158441,48.20967364184935],[12.959932903836204,48.212956085137584],[12.963698370883035,48.21531084329971],[12.969750587512781,48.2202254225299],[12.980095679538765,48.227473733726406],[12.990829896355306,48.23446667634119],[12.995747211418609,48.23789682957202],[12.999677907467808,48.241184245219834],[13.001973440384129,48.243674555696174],[13.006247189689523,48.24959399133836],[13.008245988390229,48.251979076352704],[13.010898166174899,48.254293700728354],[13.015391671626906,48.25703851753609],[13.020271216293521,48.25899889050513],[13.030266752507396,48.26137511179342],[13.033946710519821,48.26245256452017],[13.049432953361423,48.26537930642642],[13.057027905620101,48.26790818212629],[13.061375271190983,48.27004501197854],[13.068031612955982,48.273974069289565],[13.072681290618815,48.27623781188843],[13.079019216727877,48.27812824455787],[13.084750394983963,48.27893804401977],[13.088543948233267,48.27906238020795],[13.100449701567687,48.27839574325575],[13.110507451461045,48.2780411890911],[13.11590382272161,48.278075842765325],[13.123289369354247,48.278821600096805],[13.128657585222397,48.279902310306014],[13.134680442010692,48.28172843298338],[13.139822670863945,48.28359704154739],[13.163579416909448,48.29222508213253],[13.169190385527582,48.293973695736675],[13.176617312454649,48.29549870772092],[13.185697226862295,48.296295200327265],[13.192688191200137,48.296170250328196],[13.24496562887225,48.29365027241047],[13.25088294137018,48.29386175367304],[13.254580508231786,48.29451969569515],[13.258877993668264,48.29587953349722],[13.311682411530184,48.31712769524386],[13.322206697524997,48.321546037094784],[13.327622781453599,48.32463354653482],[13.338548653413923,48.33239741106821],[13.341050019387982,48.33418792108856],[13.34634826061306,48.33801574770098],[13.351101327008088,48.3421021119881],[13.357193384210698,48.34804575432215],[13.360092344584547,48.35058549773385],[13.364636274349467,48.35374511835882],[13.37125457639638,48.35717518435716],[13.395589981722893,48.3685228159764],[13.405037671422647,48.37286534715562],[13.409198566157013,48.3760452964953],[13.411809691143388,48.37935801726491],[13.414699323435212,48.3844688347781],[13.415732488008286,48.38851437646447],[13.41623935095928,48.39473964862881],[13.417363959519246,48.40073697627005],[13.41989188753243,48.40686591376815],[13.422082434383462,48.41044860768203],[13.433191830057275,48.42644131393122],[13.436252888214337,48.431024434605995],[13.43719332793784,48.43518078025909],[13.436437145350974,48.43853773841607],[13.435087537201438,48.44128527711186],[13.431445079844236,48.44582856081033],[13.42644589072698,48.450781981410714],[13.424685563085838,48.45344093461016],[13.424110671372476,48.45600242637836],[13.424789064828914,48.45902957426173],[13.429247753475794,48.46784518570009],[13.43101059469719,48.47036678709685],[13.433411636065047,48.47273067718194],[13.434782776741713,48.474887373633834],[13.436763053259218,48.479597690391955],[13.440462322656579,48.48596381248104],[13.443803120474344,48.49171167933233],[13.445092532826292,48.49692957931258],[13.446965588993535,48.49977649001721],[13.450459900598176,48.5060718305796],[13.454687780608811,48.51085100148056],[13.455291300878901,48.51309870014718],[13.454455173726831,48.51439845108663],[13.44878375156778,48.51963083461654],[13.444227214998987,48.523430064695575],[13.44213347706727,48.528795266536655],[13.443431328152942,48.53178123867026],[13.446521901273572,48.53347649322666],[13.447803142346036,48.536073873363286],[13.44735304183483,48.53837217338212],[13.446363458176027,48.53994992275106],[13.441346134307844,48.54328390417368],[13.439132679356334,48.54525486472284],[13.435963348442423,48.54905317517814],[13.434198937224977,48.554058107338925],[13.434052521070178,48.55580643671702],[13.434845085371816,48.55784788080528],[13.436218278142784,48.559328019560745],[13.440960775969302,48.56108003262522],[13.445423190324547,48.563245763485234],[13.447180565526471,48.56465146835146],[13.449758312710182,48.56355019774879],[13.452684603664384,48.561574280140135],[13.45315382461164,48.55889074532907],[13.456048985552595,48.556866561706336],[13.459175056843279,48.55622716256643],[13.460765108311433,48.55468338089447],[13.46549979003925,48.55460553137165],[13.468787880860374,48.55595961660568],[13.47228162522768,48.55669015613033],[13.472431396813528,48.558765208411096],[13.473622110604891,48.55965546735448],[13.4717086233274,48.56307922684746],[13.476143868754074,48.56537585260535],[13.478474349451096,48.564541558285036],[13.482094615731112,48.56224294843684],[13.483451331559504,48.56374746632813],[13.485366584309936,48.56346886726744],[13.48892277349804,48.56502026437667],[13.489022622381002,48.5662665424706],[13.490603544440562,48.5676896384208],[13.48966323913336,48.57002605182532],[13.493134551198972,48.570113184117645],[13.494251466128603,48.57078207407655],[13.497581601110932,48.57128812613325],[13.501246204296223,48.573222321575194],[13.504035198407518,48.576982410596464],[13.502419047793381,48.57836041027408],[13.502308321649977,48.5798917270543],[13.498851326366845,48.58159898856919],[13.502844090374468,48.58908739950011],[13.505854593835206,48.5911721334196],[13.508662244547365,48.591828028544256],[13.513000698825788,48.59151303383889],[13.516739035050703,48.59074471162623],[13.523421944225081,48.58853471615026],[13.525531385123923,48.587535622906984],[13.5302169942407,48.58439095843887],[13.539730933212267,48.57619449239933],[13.545106691602035,48.57361372172023],[13.548703234276186,48.57148084298868],[13.556274928080091,48.56750876310034],[13.558836558904396,48.56551496570756],[13.564218082523727,48.562746479247444],[13.570676292224825,48.56110676061034],[13.575810341832632,48.56022612163022],[13.579382151669462,48.56060837592703],[13.58103450844097,48.56175047838353],[13.584360658547642,48.567024865152064],[13.58671499861689,48.56912001714696],[13.588946440319043,48.5700896782676],[13.59371873833799,48.570665926304414],[13.596983352399114,48.570095124575126],[13.602939890943674,48.56757585005404],[13.605565511925237,48.56572199787682],[13.608897193126744,48.56224332664875],[13.610950337572149,48.56083285189403],[13.619618235594645,48.55618863725624],[13.622639354387182,48.55488593667741],[13.628572932852899,48.55368304850593],[13.638347253103191,48.55319978445303],[13.647830830354696,48.55081410567199],[13.65023842635157,48.549968166374235],[13.65243122495215,48.548378665361824],[13.654994207949565,48.54422220602988],[13.657105794166077,48.539082231972856],[13.659317303198824,48.536124768430376],[13.661710745993068,48.534703524527224],[13.668181959579679,48.53251320077567],[13.674360798678439,48.531203739405335],[13.68231990694868,48.52944630248906],[13.695367694311823,48.52378671717141],[13.700704823884188,48.51963216678766],[13.702886851840738,48.51835239058307],[13.721485928553701,48.514527985900706],[13.724293960302278,48.51372234135987],[13.725551931067146,48.51506289080368],[13.727635494216262,48.51542312264042],[13.72944613401505,48.51729657480195],[13.727935163257616,48.51886465679097],[13.72860940770133,48.51978269175938],[13.728208835734106,48.522106505586976],[13.730623745856173,48.52276408976973],[13.730596835079728,48.526037530040256],[13.73197900131719,48.52676029359113],[13.738220508892143,48.5275145170569],[13.740417817868439,48.52898278092183],[13.742737900480282,48.52894472540074],[13.744246335194115,48.53028913614074],[13.74630537551669,48.53332739069166],[13.746158086363785,48.53854394627498],[13.745561194638675,48.5403061646752],[13.742235309472306,48.54114667757804],[13.741103900581471,48.54306481231477],[13.741430305972548,48.54535228965375],[13.743638545859813,48.54726989288962],[13.747413802206946,48.548495555436546],[13.7489821783578,48.550299203414696],[13.75179068626282,48.552217932453736],[13.748762358488321,48.553448901622964],[13.743867409025365,48.55311118341421],[13.744928524676022,48.55671084757413],[13.746791683102213,48.55749091745719],[13.748783218917954,48.55983488086469],[13.749280764343116,48.56146233929112],[13.752879393051641,48.5656814768386],[13.757480777576369,48.56615830741666],[13.761501495250306,48.56131120555194],[13.76354248220173,48.55901151632926],[13.765366268342136,48.55430813653357],[13.767783874785307,48.55445514154689],[13.770413194672352,48.555760765278734],[13.769350461197023,48.55693426502699],[13.770600020797096,48.558633664106694],[13.772194118148022,48.558584430425995],[13.77279457404842,48.560404424347965],[13.775229855376677,48.5621816085223],[13.776657912636352,48.56247697400008],[13.77861935984796,48.564075995673],[13.778421505579894,48.56611440646216],[13.779899508364196,48.56648194628411],[13.781857671534945,48.56811051520481],[13.785374226056925,48.569028247007665],[13.78704602605561,48.57076540587151],[13.787711930651069,48.57261582131348],[13.79633043368634,48.573743010514676],[13.798201945685692,48.57439244049023],[13.799404298602113,48.57542604484295],[13.80110689466751,48.57928552088248],[13.80315040048205,48.580542913745326],[13.802035959229645,48.582280213124676],[13.804418162472132,48.58470016842289],[13.802948926828389,48.587675784589074],[13.80330298762968,48.5893338843762],[13.801169770996939,48.59165699806086],[13.799132357384455,48.59282555474068],[13.798101742635456,48.59545208436804],[13.799018961178668,48.598848322727925],[13.802259058866484,48.599282756676324],[13.805642390825376,48.600572586999064],[13.805842575930633,48.6057630178415],[13.807386481667818,48.60669153600398],[13.808502320496737,48.609344415439864],[13.810650288192415,48.609432184914276],[13.812015421357893,48.61071780649416],[13.812013413225301,48.61414879534562],[13.813199722080906,48.615252641468444],[13.814766926995825,48.61526275741289],[13.816921617635353,48.61401710020415],[13.81981995783022,48.61494371829549],[13.819381630415707,48.61637407052273],[13.82134526523189,48.618562259334226],[13.822976306837825,48.619325703855495],[13.822309942925182,48.62059449435663],[13.821657308418754,48.6246009248834],[13.820919345081505,48.62635675990033],[13.82438497034256,48.62878344369327],[13.823461137178281,48.6302386802413],[13.822549441762293,48.633704200144],[13.823707128538201,48.635549696827084],[13.821736738442311,48.63758976275267],[13.819507130230607,48.638165568648425],[13.818953059517021,48.63993590426526],[13.820893045249354,48.64169813111163],[13.820892953730292,48.6433068828469],[13.815608352565583,48.64624990234358],[13.815698374649243,48.64715117486044],[13.813467354743754,48.64835437391524],[13.811310739060556,48.65030147336598],[13.81250378166764,48.65527554207314],[13.81380684963382,48.656975540031056],[13.814563703814196,48.6594152652378],[13.815052063333477,48.661389304465814],[13.814595293932843,48.662936508096635],[13.815590635457301,48.6642835652921],[13.8147302477107,48.66682363947254],[13.816968288828843,48.670775314538794],[13.816518227633813,48.675654879247574],[13.815453762921072,48.676303577957434],[13.813483971345756,48.6817509267022],[13.810675988022863,48.68385434328711],[13.811568112995635,48.68592970579603],[13.811602611512397,48.68801719457672],[13.810824868561895,48.690100256526456],[13.811363070236812,48.693649057121604],[13.813844798092996,48.695492789699664],[13.820948241540023,48.69477967866016],[13.822249213520696,48.69339678358118],[13.826709436492774,48.69264115813224],[13.830810367795081,48.692603328274984],[13.831689263668313,48.69376113774381],[13.832214326772688,48.697441655646315],[13.83344721332564,48.69851025455009],[13.834546973023194,48.700829893613104],[13.82714735661444,48.70137391982579],[13.825121943657038,48.700724900402236],[13.822637818526212,48.701338676182274],[13.821849127637595,48.700571923803444],[13.817656402256128,48.699775022366275],[13.813651687925125,48.70229020579513],[13.811296609055034,48.701607852429646],[13.80941013358881,48.703014310777014],[13.808541930241718,48.70532650527596],[13.81011026508719,48.70579248825948],[13.809739065201546,48.707936194636666],[13.807057584012943,48.70995884141265],[13.803234227096011,48.709473902462776],[13.802085782059137,48.70863894104315],[13.800293805701449,48.708821104079554],[13.797357494061526,48.71157940967802],[13.796861305592763,48.71258640811554],[13.793351744255,48.71410071607059],[13.79277523654229,48.71638087425036],[13.798259455296646,48.71730116945503],[13.79906233408278,48.71797942974684],[13.799816758317574,48.720938020067585],[13.80082136500695,48.72229636854229],[13.805311913846872,48.72512683487892],[13.805346761791302,48.72674454556909],[13.80716925117448,48.728330588219315],[13.807613958388417,48.72964472702781],[13.81043759233051,48.72998268107641],[13.815201336130988,48.73156092079047],[13.816595670018433,48.73328113656826],[13.815357007431027,48.734820884980245],[13.815086153366774,48.73663050290205],[13.817644902725434,48.73990449074442],[13.817978375787035,48.74440642213996],[13.818678251292342,48.745466199368245],[13.817877091461492,48.74791087402685],[13.819280970806933,48.750008460172474],[13.818538915947917,48.7517750531193],[13.818321368921968,48.7552369829344],[13.820208189939128,48.75734748379607],[13.822391514882177,48.75758213247191],[13.824321004229013,48.75920638438973],[13.830109062276197,48.761697946042794],[13.833349343807376,48.763443032791976],[13.834390430801626,48.765073233637324],[13.836761999842771,48.767066816896545],[13.836772184490663,48.772321593818944],[13.841301638308074,48.77325664794405],[13.845689116976496,48.770475733501335],[13.84837125964474,48.7707275992482],[13.85237074496345,48.77208382103705],[13.854524515157967,48.77198426115176],[13.85908829271967,48.7702371963474],[13.865627071178869,48.77032592064898],[13.873332648321428,48.76730710195192],[13.874166490423294,48.76667507631359],[13.8801140751488,48.76260724623524],[13.886426462060953,48.75916800505673],[13.892685556746741,48.757780977968864],[13.898069758147027,48.7543698851773],[13.901728042319547,48.75055455042013],[13.907415919249043,48.74818892493939],[13.913487774294635,48.7433000501845],[13.91694993942984,48.74148121098226],[13.918061075388085,48.73772311203693],[13.922943969769399,48.73633265257337],[13.923547047315743,48.73539194920978],[13.924354152313759,48.73247548737609],[13.929866881940917,48.729617666006924],[13.932520371806778,48.72754703415273],[13.934511265341186,48.726629933753856],[13.936370544696262,48.72393317870001],[13.940008267355681,48.72211470616531],[13.94137869142469,48.72314755354842],[13.94477604911384,48.722566718705586],[13.947316725551792,48.72166874539901],[13.949913046898457,48.72176782486629],[13.95176139678087,48.72043530640539],[13.953138342328174,48.71746308567357],[13.953104185927744,48.71511581410108],[13.955331708989132,48.71455028404288],[13.961967656615807,48.713787957933675],[13.966684693273066,48.71358721507304],[13.967398721230362,48.71391558815731],[13.971238770038708,48.71218425329356],[13.973700672480517,48.71179319563461],[13.975187134789719,48.71057181453538],[13.97850555264688,48.710499293094905],[13.980641408932748,48.71154088095983],[13.983667859041333,48.71132016777576],[13.986025085187539,48.710615907612166],[13.989889524191073,48.710819013147585],[13.991969099613172,48.71018579803609],[14.000496542507,48.70928357147841],[14.002447119026485,48.70791071192573],[14.007055010520416,48.705510155007254],[14.005472965972967,48.70449752958035],[14.005975131621922,48.702987464569865],[14.008030184240223,48.70032823514354],[14.010575280131354,48.699127190418416],[14.00715352025611,48.69606685396508],[14.00946189668993,48.695454579468645],[14.011787968916781,48.69718587191681],[14.015388001669232,48.69694347697805],[14.015669760016126,48.6948127161448],[14.0137283182263,48.69333190641135],[14.014968937691348,48.69179511118867],[14.022587930265509,48.689788026257496],[14.022824034114716,48.68777262867062],[14.024093719740709,48.68739820540414],[14.025127647766336,48.68536343843414],[14.02320080435298,48.684600139544045],[14.029145543978338,48.680702653908355],[14.031946040778903,48.67797395927211],[14.034308977718062,48.678147203203],[14.03783825536144,48.67772186350485],[14.041190413628401,48.678098402089326],[14.047026989847987,48.67583529997721],[14.049955777232956,48.67634817496294],[14.053064710077821,48.676249717421875],[14.0570485808532,48.67387829630898],[14.055983342520957,48.67200331338916],[14.056937702171203,48.67027335882427],[14.056109343352853,48.66807843209481],[14.057431504649426,48.66630320975849],[14.057271189620051,48.66466619892135],[14.05556917147085,48.66333909690817],[14.05493684250529,48.661227311587126],[14.055060253195919,48.65843982022575],[14.052807950310905,48.656992932859914],[14.051377583506365,48.65429735301416],[14.050157753800272,48.653354500351675],[14.045588934338285,48.653889800948896],[14.042235703833796,48.65520537127296],[14.038133639244306,48.655433465073294],[14.031909785700481,48.65484842175159],[14.029841973373388,48.655056798747886],[14.026628651384348,48.65360252633056],[14.021821813221749,48.65331121019314],[14.021234249276693,48.64998765173875],[14.021442031781485,48.64834068896818],[14.020071187878592,48.64626182369274],[14.014945630349919,48.64434577812815],[14.011711022664388,48.64135843806057],[14.0087412216783,48.6401447450845],[14.00777687982591,48.64035473646379],[14.012818285051486,48.63805503709288],[14.01547225669328,48.637599262404784],[14.017576182047245,48.63471515607395],[14.020566403500766,48.63306512043582],[14.020188980188511,48.63141357151955],[14.024902851194412,48.629826335554526],[14.027109320534045,48.62965040462081],[14.027667215536653,48.627303116384034],[14.028940160024622,48.62812618121863],[14.032189503131399,48.628677975569715],[14.035411150574234,48.62833797879553],[14.038695386796839,48.62956844816635],[14.04279795610586,48.6293100055556],[14.045350930104856,48.628067973503235],[14.042860558484238,48.6246475517357],[14.043613015545773,48.623153812813115],[14.042737782553035,48.6195676159318],[14.038113257764111,48.61811912309843],[14.039902937527225,48.616940702943985],[14.03940102613522,48.613557738746344],[14.046196372149168,48.61160735188775],[14.048768460542245,48.610189452696304],[14.048026589338004,48.6083852231206],[14.050319109930399,48.60717433297158],[14.051454082360857,48.60483334534369],[14.05525406207204,48.60557917689858],[14.057575942995406,48.60703640541196],[14.061661831803915,48.6072466264436],[14.064925974297022,48.60679733874239],[14.066059530061763,48.6050616248123],[14.063948545689795,48.603090117354476],[14.063418049982749,48.60022251009968],[14.063556236789895,48.59676941987713],[14.06453108127369,48.59586299574285],[14.066256779675317,48.596087948793496],[14.06892598816895,48.60034840659672],[14.073301301275393,48.60055640078196],[14.078989138469202,48.600074284837035],[14.083455596382914,48.60079391072068],[14.085283363835352,48.60019026506664],[14.09142745868274,48.59965829188889],[14.094300972290721,48.60053792481366],[14.095477031884608,48.598478827196104],[14.093067517564677,48.594721950319574],[14.092791744772713,48.59293951082102],[14.10356260575336,48.590179347709125],[14.11061782639057,48.590269162535066],[14.113142757416915,48.58987199382205],[14.116578278014828,48.59217215517348],[14.117271726557004,48.593663295916556],[14.119547236695949,48.59351168073924],[14.125134602696686,48.595876362122645],[14.125824718317098,48.59775729427737],[14.130039808618433,48.598203327156746],[14.133465869356858,48.59626521994344],[14.137546696449606,48.595375768574435],[14.139094947771873,48.59444795474208],[14.140405070532635,48.59539144835149],[14.145174754239838,48.59501479266449],[14.147569061733343,48.59555132814675],[14.149065038987912,48.59661674763882],[14.151695788012711,48.596570956406694],[14.15487208199108,48.594103463947356],[14.155468328110528,48.59297568271936],[14.159232263358808,48.59361280756986],[14.160742302808048,48.58993624174441],[14.165933839967048,48.591171533986945],[14.168207062073947,48.59088505898404],[14.17125490617134,48.59198526491974],[14.174699606812762,48.59180576386146],[14.175162932704957,48.593765224259876],[14.177096937482117,48.593220354035374],[14.178939397280484,48.59460148654032],[14.180937028061216,48.59444636714741],[14.183688004061,48.593386828443094],[14.186483513243964,48.59322194847963],[14.18818600329882,48.59371952196253],[14.192474872345892,48.593208538099326],[14.19458421633147,48.591630412485415],[14.198546145866473,48.590695085240455],[14.20100447616903,48.59117878987519],[14.20522631310505,48.588849483649454],[14.209497753697626,48.58898120564018],[14.211621764203409,48.58780282562634],[14.215353825998962,48.58698548814828],[14.220122432376332,48.58708510161944],[14.225410042836158,48.58591556043355],[14.228502376121801,48.58437122831197],[14.23260341777812,48.583037007916545],[14.234522812989821,48.582039128817364],[14.235892118480407,48.57923545897396],[14.238310343631492,48.57833350787207],[14.242002825226567,48.57926193662917],[14.245537320444528,48.57890047104813],[14.246680273380273,48.58085519179059],[14.249252730540048,48.58158201104218],[14.251702125738255,48.581363227165404],[14.253065462934547,48.582296337219255],[14.255965557245514,48.58200529268294],[14.257692804913948,48.58251254938918],[14.262357900709736,48.58173751155868],[14.26383386052243,48.58232708503406],[14.267600759754272,48.58169515407956],[14.268726134198968,48.58170568518712],[14.271813685911406,48.57804736733659],[14.276063700654218,48.574933138193344],[14.283171748658534,48.57317412620115],[14.28627392265786,48.571452400731786],[14.289412826765332,48.57067708322804],[14.292813924307175,48.56876744364216],[14.297968104635174,48.56746075884471],[14.301605863725317,48.567918775851226],[14.30623791245259,48.56510823614569],[14.31252442609388,48.564070592986326],[14.319209679756371,48.563764222494214],[14.321269510645308,48.56478009186871],[14.323336315506147,48.558392439793955],[14.324307581974233,48.55832754964816],[14.324326924031698,48.55477268378017],[14.326618883290905,48.553538212014026],[14.330418283185368,48.55252643335807],[14.33470841301154,48.555073229437205],[14.335905940736232,48.55469777891828],[14.33862381175925,48.55538478799617],[14.342218670169851,48.55795365321101],[14.34322043062515,48.56108658166583],[14.345326094916096,48.562575039536426],[14.350336095657877,48.56317186256826],[14.348702230773355,48.565707327474],[14.350382249227817,48.566953825260896],[14.349921241283242,48.5697467910041],[14.351374981807197,48.57133866377405],[14.355125081703914,48.57418344910404],[14.35523952068508,48.57537490169175],[14.358857159972382,48.57540676429768],[14.363061229417351,48.57653945901981],[14.363314496773844,48.57537554049265],[14.365592186882997,48.57298882614995],[14.365709094753731,48.570529035455344],[14.373351140732327,48.569893613707606],[14.376895317639525,48.56996334733884],[14.381072826531646,48.570831273557395],[14.385295423597055,48.57257979086493],[14.386722847967064,48.57448431321175],[14.390866619742345,48.57817399588618],[14.39069941714713,48.57955199902124],[14.388196765294289,48.57995335464832],[14.388673257880843,48.58280611154284],[14.386114609104505,48.583056361297395],[14.38495229230849,48.58393643454115],[14.384054405648547,48.58732801064816],[14.384809552300666,48.58961816011811],[14.382997460087786,48.592621700815755],[14.388275815061833,48.59399373901817],[14.389137273481154,48.59499933370984],[14.390723429823787,48.59385068021354],[14.392812723200873,48.59386309588118],[14.393065707989773,48.59272709453601],[14.396087905070846,48.59357004492628],[14.396998858609996,48.592952820725586],[14.40126848066331,48.59401672683534],[14.404390359401255,48.592723621854994],[14.40659738101815,48.593500898210074],[14.40877359050596,48.593071662992195],[14.412658418995823,48.59320583000044],[14.414903156609379,48.59225873192859],[14.417226279249672,48.59197999493622],[14.422003897518092,48.589031480429774],[14.42492121341862,48.58962784525347],[14.427565085434097,48.589226907319635],[14.431566891695475,48.594783741855224],[14.432479143835277,48.59648340558627],[14.432289535685696,48.59795054495055],[14.43332103800355,48.599305565937655],[14.436517636839081,48.600510314975125],[14.438591258538578,48.60199075087141],[14.440767624693814,48.60484441715599],[14.441926387555412,48.609114744638916],[14.445176265267484,48.61312685947056],[14.445820618706293,48.61493599184173],[14.444780806285328,48.61785839028023],[14.444520774492547,48.62050695393813],[14.447332069727786,48.62286810868483],[14.449119411655838,48.62541354061761],[14.452795505091586,48.62517105403697],[14.453156820567752,48.62622503064704],[14.450439872760896,48.63170450582758],[14.44625090476512,48.635870710857745],[14.444318327467721,48.63689951764242],[14.441536665733189,48.64045781450036],[14.440978283345755,48.644127807199084],[14.450539353816371,48.64459950149829],[14.450653306858777,48.64541567477941],[14.45635565833632,48.6440253714808],[14.45646263239142,48.64490942730401],[14.46027336598643,48.64545984580247],[14.46384603073699,48.64684759792679],[14.46578858066443,48.646907909853006],[14.467087719916359,48.649192513947824],[14.468392830193425,48.64627080838901],[14.470570439576376,48.64432725408158],[14.471901256140397,48.644650018063714],[14.47485847673199,48.643295966734506],[14.473062709737427,48.642460379845694],[14.473796793405354,48.64017819236724],[14.476886224947517,48.639217578159545],[14.480947448795439,48.635853582549245],[14.481439259928063,48.636260907270945],[14.485523667479507,48.63418070672005],[14.489692022691822,48.63401587938543],[14.491292880271404,48.63257636881521],[14.491849792001343,48.629855949705494],[14.493120925025025,48.62850350093939],[14.491978170630114,48.624363224822496],[14.493705458548526,48.62216217198219],[14.49615464024279,48.6213010932387],[14.499561008034059,48.61855751640714],[14.501203068003178,48.617915201286756],[14.50446402895611,48.618331853277226],[14.509243194586311,48.620181729249026],[14.513456328362311,48.62048944729836],[14.518018917709036,48.61930112992125],[14.521757631535754,48.61615343440571],[14.523634937667811,48.6154386127653],[14.52883054772295,48.615082033082984],[14.53285143603426,48.615628391288844],[14.535959429368155,48.615094963598644],[14.538026283367616,48.61552239673275],[14.542547523342067,48.61441754976329],[14.544774627556338,48.61432626632948],[14.548539904487264,48.61183620972398],[14.549260575235786,48.609444234762044],[14.548722471582426,48.60840360534737],[14.550757792366259,48.606527955803344],[14.552094269195178,48.60645558813764],[14.554048994004646,48.606693209614235],[14.556244053569367,48.60493551988688],[14.559274703305933,48.60402699402911],[14.560725133076849,48.60546720808099],[14.561555262982374,48.60919524215816],[14.56496327247764,48.60946016102233],[14.565885218927592,48.611397536851676],[14.568208783741182,48.611228692701744],[14.569058710826656,48.61215944469703],[14.572397278918988,48.61292239966307],[14.574390767292615,48.61408999503007],[14.5755416856041,48.615704374614396],[14.578112235929817,48.61759753496384],[14.580170633612537,48.61688869138225],[14.581645531048679,48.61830275061662],[14.58359536815841,48.61871677911326],[14.5870115868238,48.61833476947283],[14.589963857238846,48.62005223156362],[14.592402907243455,48.62094228262261],[14.592499791227194,48.62245754069438],[14.594272135871694,48.62411273105899],[14.596011686026015,48.6247689863939],[14.596310200956625,48.626069243372775],[14.599180072580461,48.62604349031261],[14.600704239859454,48.62845136277203],[14.603578015697249,48.629287997532494],[14.604483020491365,48.628800275697806],[14.608311756289796,48.62855044162519],[14.611206376521654,48.626585686475565],[14.611769450130502,48.624764065045],[14.614971162323727,48.6226186542833],[14.616468309458519,48.619881693080984],[14.616345255337608,48.618661952061544],[14.617681117672038,48.6170593126683],[14.619991554480276,48.612092469438146],[14.619874305757941,48.60960344324277],[14.623950449236242,48.60505470425649],[14.627907604429927,48.60386791811267],[14.629776600617381,48.60567300384758],[14.631850253590335,48.6053357384592],[14.63377657642174,48.60685722593712],[14.635393656113935,48.60694243517754],[14.640610331021648,48.60997661389098],[14.64417035717394,48.61045935938021],[14.646856667923824,48.60778556615218],[14.651070219088943,48.60477205097877],[14.65302863737531,48.60091207542375],[14.654888000541845,48.5987953842507],[14.656755854321322,48.59327203624268],[14.660677838975612,48.582655936795206],[14.663644131828589,48.5828768358379],[14.665893530555595,48.582212220093595],[14.668335631846013,48.58222694442515],[14.673551929677567,48.58379146304903],[14.679569387939404,48.58336593183172],[14.684948834296241,48.5857981079275],[14.688226952664776,48.58500109238852],[14.688091241534279,48.5828507756514],[14.688888364658684,48.58127580160693],[14.69767619833705,48.5806940736887],[14.700415327452367,48.579953634084816],[14.70454146897328,48.58070930088053],[14.709062560731075,48.57939904590949],[14.714383331832455,48.57301164252372],[14.717108707355319,48.57161599857437],[14.718817795990132,48.569974960658826],[14.718171707461249,48.56849366214951],[14.718633829060803,48.56630190993116],[14.720912264254162,48.56454254805497],[14.721563011843877,48.562994695033986],[14.727866439658634,48.56255119732208],[14.728829359810923,48.56056374110995],[14.732546981637972,48.559126103300144],[14.735410615882301,48.55687934626092],[14.733512866405684,48.553484172246414],[14.736646074185163,48.55223392738966],[14.740436241102561,48.552868928149444],[14.74153121920232,48.5544912582898],[14.740158284831653,48.557093938450485],[14.740530074181333,48.559132651142654],[14.742318915212085,48.55913802181711],[14.744817751991082,48.560510328893166],[14.746856238776848,48.563411108405575],[14.750901912369057,48.563371705896266],[14.752355188058944,48.56437617878825],[14.760148103413414,48.56453708068807],[14.76146131431357,48.563305566607156],[14.763884428713023,48.55889470802338],[14.766469890394964,48.55724887997335],[14.770502420539849,48.55610364993627],[14.772046938999836,48.55626287401479],[14.775268228026418,48.559749097139544],[14.780047619607478,48.560980721757105],[14.781784240697132,48.56068243985534],[14.784743017565352,48.55887865431883],[14.786065913676458,48.55965188452695],[14.78932466380681,48.55998407567513],[14.791498917808555,48.55885628052049],[14.79235628647892,48.55759958949939],[14.7973879870229,48.55640731889512],[14.799539324484039,48.55639594300064],[14.802219417072914,48.55716898099243],[14.805108351921882,48.55668144914191],[14.808355569985297,48.55445214731674],[14.809620888839984,48.55382096450508],[14.809538935520777,48.551725070906535],[14.811173493789576,48.54982979191769],[14.815316341201585,48.548710387202874],[14.820608828045529,48.54821286094777],[14.824180120683453,48.54855539645278],[14.825733956806431,48.54793771822563],[14.82852756052517,48.54788819316827],[14.829441996532166,48.54695910075544],[14.83262343378989,48.54624259768067],[14.835005836543958,48.54471197049624],[14.836771698124576,48.54254088070539],[14.838626179698746,48.54171711180844],[14.840552312854816,48.539717337815304],[14.845834236305429,48.536768466016824],[14.846559213369472,48.535294902020304],[14.844271754139855,48.53386208784457],[14.844158270196129,48.53273914486967],[14.841719890328257,48.53191051273436],[14.842002239410107,48.530773645147846],[14.846814938084258,48.53061736176837],[14.8513480233864,48.52959468444506],[14.85444563325457,48.529250728258205],[14.85559086780543,48.52966151864512],[14.863881834401054,48.52779556197607],[14.86523360261223,48.528254563146504],[14.869829130138404,48.527909996541695],[14.872313402415301,48.52844246254901],[14.879266480982261,48.527540653016565],[14.882076717351952,48.525515238145495],[14.886732122719712,48.52394537609101],[14.888672284958632,48.52449326885582],[14.894730640009444,48.52340459993126],[14.898906499073123,48.52111204707503],[14.903853847897917,48.51890334714696],[14.90965685981515,48.51465577812112],[14.909738551160343,48.51295942739384],[14.908099459749403,48.51234980292631],[14.909392601057135,48.50810909016637],[14.911653317580246,48.50709043837281],[14.91330300048925,48.50717439793937],[14.91817106851184,48.506423610629525],[14.918827416362326,48.5048678885594],[14.916954784896477,48.50289411949101],[14.915211687107256,48.49996981772288],[14.905406381731487,48.50206537533712],[14.904327878641524,48.50180342127135],[14.898861811224426,48.50257991071601],[14.89429905183426,48.50096925393275],[14.889484648826423,48.49966332656134],[14.88826077034475,48.49813882929701],[14.888409071317403,48.4944343577898],[14.88453793197285,48.49311702615292],[14.885817252407918,48.49017346136151],[14.886796463762614,48.48949931114619],[14.88695904553519,48.48730124652097],[14.880090704219095,48.48532628347641],[14.8767018643678,48.48229454816895],[14.869762707869207,48.48164174592001],[14.86384804711205,48.48050830103122],[14.865998575479571,48.47907093237523],[14.867902408869881,48.47501830163268],[14.871178880303141,48.473683164636256],[14.87114679885103,48.472464856422036],[14.873186748876325,48.4709893947997],[14.87440066167696,48.46885205018617],[14.873782266617228,48.467631577359036],[14.874229757250031,48.46507772877569],[14.872916010152787,48.462741787165754],[14.871188702967551,48.46097228982047],[14.870906483602555,48.45960693875079],[14.87246828966168,48.45660883355048],[14.877288732202903,48.45428791166209],[14.880514745952569,48.453577677876346],[14.885436829729002,48.453675551344894],[14.887383936493446,48.45303618696283],[14.890580467228018,48.451098858828544],[14.895676135417853,48.45125506882383],[14.897510358903036,48.44969931246084],[14.89761338272944,48.44738448804878],[14.899179725938522,48.445750420882106],[14.904352620090078,48.44170644767403],[14.905995777892729,48.43958777215211],[14.906861820153523,48.437163858953305],[14.908937674498883,48.43537910048248],[14.909977823771003,48.433018931071054],[14.908930825724802,48.4308657047775],[14.911399747360285,48.4305647010707],[14.91254107890512,48.4291959068414],[14.914923305216343,48.428949709771324],[14.917447714304862,48.42972669702491],[14.918474435822983,48.429307819834406],[14.92330241321514,48.425511966967285],[14.925412208947593,48.424502749993884],[14.928734879736279,48.42413160460898],[14.932363079888145,48.42471612152871],[14.936160057372888,48.423874845970005],[14.9400082946791,48.419924292990075],[14.938075904859653,48.41916169371658],[14.937926524302291,48.417984820873464],[14.939574725598371,48.41601822563858],[14.942005066994296,48.414339963606004],[14.946590123776547,48.4143441329698],[14.94589688142799,48.41225270818074],[14.944768966760025,48.411466502528654],[14.944714969564188,48.40840232624626],[14.939844621794206,48.4069098192455],[14.935801689963279,48.403530736496826],[14.935791434082297,48.402410421564255],[14.933462950232338,48.40115027181511],[14.930756491389083,48.40049182813554],[14.929201471591277,48.3991062013367],[14.927404428021482,48.39872861948372],[14.923492795266316,48.39915987525299],[14.921042669588653,48.39646606977414],[14.916303004159499,48.3948885877329],[14.916185345130025,48.39360410014543],[14.913520546944815,48.39026024790296],[14.914119211788963,48.389181160740264],[14.916700556939885,48.388580964833956],[14.920518856379068,48.388922758485805],[14.923991762988017,48.3917450523237],[14.925770528790267,48.39205104960242],[14.928615061448902,48.39361567067702],[14.929729665771998,48.39490180306196],[14.934357695384868,48.395900975166704],[14.939339528794422,48.39416096919846],[14.942852608558763,48.394334942039215],[14.9468030361722,48.39163817222166],[14.948536198888878,48.39090307186178],[14.95241241152861,48.39088944856444],[14.95359394767566,48.392005112113246],[14.953821488448867,48.39133843349603],[14.957668259152971,48.39048923720491],[14.961078608326611,48.389017932735015],[14.961981026049653,48.38373019018813],[14.961283568720553,48.38249889775136],[14.961661862276186,48.37921100464351],[14.95856149538103,48.37609994494317],[14.956127385059386,48.3743844906147],[14.95576558636135,48.37173048572879],[14.954833837634789,48.37120858194898],[14.952489877089812,48.36720999682488],[14.95247793065908,48.36496794493353],[14.951026691880653,48.36188522697876],[14.951346520968018,48.35818366565677],[14.949449004387402,48.357496893599084],[14.949295415345635,48.35562558391303],[14.951237851506834,48.35414094279586],[14.949497516658734,48.353269621226396],[14.949392180774302,48.351075726766375],[14.950213028353263,48.349110282114985],[14.949076880302274,48.34755984306786],[14.948596285249488,48.345129576138994],[14.949994745112425,48.34136319009255],[14.948389063366449,48.341324549394564],[14.946435611464455,48.33887302058857],[14.946855469221347,48.337756702259],[14.944665903671181,48.3355943389844],[14.944696456681836,48.334060909925796],[14.94239425431555,48.32853867157007],[14.940889553009654,48.32605880390562],[14.940899818669662,48.324346429341],[14.947896481219487,48.3232843496639],[14.950898185885304,48.32389381920516],[14.95213246653635,48.3253139574743],[14.957468935707764,48.32614378516649],[14.96570205329304,48.3238330291071],[14.967542966845693,48.323925075683945],[14.971361761906829,48.322872296369454],[14.975460371835307,48.32431881525098],[14.979394985752634,48.32354799871485],[14.980541421107718,48.32169321679536],[14.983661450777536,48.32000642906198],[14.984387808636892,48.317874863347825],[14.98249761591125,48.314856271828184],[14.983185651652242,48.31154319595278],[14.982345078466878,48.30994936778309],[14.984009943488477,48.306980890549774],[14.982438968167124,48.30334334123506],[14.98229724223215,48.299809064582774],[14.98457560556074,48.29620241969099],[14.983979495192967,48.292976617290456],[14.985299087326647,48.29167820985696],[14.984767968750893,48.28983203109685],[14.985780708807319,48.28346158542181],[14.98751925655221,48.28019469153581],[14.98738535333926,48.27817776757769],[14.986379483557705,48.27653996542223],[14.986780236333242,48.27363297883214],[14.986233139142733,48.27137440197139],[14.987748062397891,48.26827585150616],[14.98604981916438,48.26216384747763],[14.987817747278978,48.260956004692446],[14.989077353439082,48.25873137178284],[14.989257710600386,48.25662772166145],[14.985001737545504,48.25617682033936],[14.977008209443127,48.252970635904575],[14.974704890660384,48.249673665690715],[14.968523556327495,48.24796062695698],[14.967176679359643,48.246454313680665],[14.966971385608884,48.24070486548719],[14.96753531746318,48.23869824680923],[14.969752824428548,48.236814750554196],[14.971098251283417,48.23645858132077],[14.969828765682756,48.234021225456445],[14.96763289954264,48.232504187507885],[14.964757635541272,48.23187416891649],[14.960401045181348,48.23304254028378],[14.960020006315114,48.23137839319615],[14.957068067765924,48.22803445406587],[14.95524415493351,48.22788131602327],[14.952068807052989,48.22363954258149],[14.950865934474379,48.222665665803525],[14.950899412318128,48.22085382779288],[14.9493765953804,48.21983256245666],[14.952081599284002,48.216213828688865],[14.953708105529246,48.216633660363584],[14.961158847514133,48.21561620487569],[14.962889919945198,48.211238128359405],[14.965600098689654,48.209972917186924],[14.96293970741314,48.207214805289716],[14.963165956927954,48.205610336216],[14.9619840990414,48.20467334573306],[14.972002113514398,48.201781482004435],[14.9713677938265,48.199533558138796],[14.96745306986527,48.2011589443848],[14.959655590894204,48.2030813602234],[14.956460973849612,48.205325032748334],[14.953672762229937,48.20904043002137],[14.95252411217166,48.212069890455126],[14.949503021287672,48.21719049248643],[14.947213469413072,48.219992181694295],[14.942469871427745,48.22708028079826],[14.941654295692935,48.227976825078045],[14.93725372582918,48.230903931577096],[14.934230385260841,48.23184039556818],[14.931178510477903,48.232273497294855],[14.91740644161521,48.232974362584315],[14.912571434357977,48.23356657478467],[14.907097285436397,48.23246224327177],[14.899786797254409,48.23157234776701],[14.897679994301042,48.23083756338098],[14.893994470841914,48.22882257420256],[14.890516593865105,48.22867864948665],[14.888749868340023,48.229510169421665],[14.886361414927412,48.23249501275019],[14.882880860379144,48.23345935719385],[14.878311153113392,48.23321426603543],[14.872166521600185,48.230689254006386],[14.869600513084702,48.22894308377979],[14.863694011384862,48.22797739770644],[14.858245903437666,48.22773822712769],[14.854514455251113,48.22620864073137],[14.85347217360045,48.222799545487426],[14.853555604237355,48.2208303960407],[14.854925904550166,48.21374205215966],[14.853860494650831,48.21202671893576],[14.852151792701457,48.20946738210754],[14.847393721836518,48.205103347548636],[14.845531967361861,48.20291254786234],[14.842418178293661,48.19644249366678],[14.837515898992754,48.19443533879205],[14.829546574690042,48.19079636516485],[14.82605454055755,48.18977754023102],[14.82350504820389,48.18959298955767],[14.813164873387818,48.18949547763303],[14.806348798446102,48.188901198494264],[14.80326959684799,48.188370858761],[14.789413065068526,48.184115324323976],[14.77461087388707,48.182048484609766],[14.7662172367989,48.179814509183586],[14.75880317196169,48.178278333262355],[14.753316933524683,48.177193633709514],[14.747026280197886,48.17640701203134],[14.742749617903632,48.175454280675396],[14.74010549871213,48.17564100261662],[14.736521752636405,48.17281948487824],[14.725557758776318,48.177493745162955],[14.72290595214495,48.178882450436916],[14.719916136275623,48.179487432131886],[14.71249549298957,48.17936993754109],[14.708696683596058,48.176506948162576],[14.704100533922094,48.171483241157645],[14.702746394462606,48.16950555074748],[14.703921192776976,48.16750449769941],[14.70234398360942,48.16325802054753],[14.699325878547267,48.16137484314463],[14.691638993987766,48.15840898256581],[14.688557444148215,48.15779504574687],[14.685579357914088,48.15799181197546],[14.677972288852724,48.15966627015414],[14.670213260960804,48.1622531961332],[14.658198514119078,48.168002463209845],[14.659625332267641,48.17056687909785],[14.658602110097789,48.171719023020906],[14.649867507326913,48.17309334559989],[14.643023453041122,48.17460773426513],[14.640839520032836,48.17594383171885],[14.638194483255232,48.17761741538449],[14.631677052536949,48.180837138528624],[14.630247805013209,48.18202144758732],[14.62723873216969,48.185768392736385],[14.622569096865405,48.19019604198158],[14.620464597522956,48.191385824204254],[14.618059477000495,48.19264393905134],[14.61254335645279,48.19420359706199],[14.608686893011448,48.196452921247335],[14.603467438922454,48.201602745777336],[14.599890271982362,48.20575647552193],[14.594447261243799,48.21077613078009],[14.590897179802996,48.215014369387355],[14.588665087604864,48.21883124740722],[14.584441901329367,48.22224343845745],[14.580540483243437,48.22438321262361],[14.569694121588663,48.22800606876327],[14.567201197458534,48.22835499538497],[14.561441643092982,48.23012075559827],[14.55807323829416,48.231687424757496],[14.552916689009306,48.23250148692046],[14.550694851196877,48.23338133912995],[14.546148662482477,48.234169722268646],[14.543904934122216,48.23560835762935],[14.538220285799461,48.23664263552607],[14.534890425846168,48.23760122113535],[14.530335678930646,48.2384238835835],[14.526662648620796,48.23864921702873],[14.518386993837433,48.238310752577775],[14.516263990001502,48.23663841789378],[14.512754675251516,48.23476123119458],[14.504025108091303,48.23096575825072],[14.498512034062164,48.22922913086862],[14.49396910700306,48.227362818774075],[14.48890218638054,48.22459982121143],[14.486802471695622,48.22257414989798],[14.485280905028043,48.21939133718785],[14.485320883746791,48.21782617503758],[14.483411054439726,48.21392008197419],[14.48250186480118,48.210817171463674],[14.478503603088908,48.203985883097786],[14.47815826291343,48.202624776750156],[14.477252568905847,48.198331714323636],[14.477387602296787,48.19546380146718],[14.47947069200142,48.192211868514214],[14.479824653610276,48.19012529978236],[14.476609357345739,48.185259320592394],[14.476247375015761,48.1832012151858],[14.479323305252938,48.17919735664716],[14.480780120483068,48.17743618061748],[14.481113618516188,48.17529482723301],[14.480047265119381,48.172261697684455],[14.4786039566732,48.16881545833013],[14.475224007938444,48.16186254535015],[14.473427399215662,48.159666743124134],[14.468658718067624,48.156452531218655],[14.467479764550095,48.15515827299217],[14.464680512041477,48.15008112114117],[14.46511946673231,48.148296658581444],[14.470482751874918,48.14447972509625],[14.47341942519629,48.14209250145897],[14.474584163077104,48.14044984813957],[14.475072364059184,48.13647125674759],[14.474414069043988,48.133466145481925],[14.472041632774815,48.13134920440533],[14.46683500445672,48.12782782850883],[14.465547142736312,48.12622124903885],[14.464875242541046,48.12320181697877],[14.4665888281018,48.12150835209878],[14.468538542087218,48.121182586613465],[14.473047923903879,48.12145676770133],[14.47640138769979,48.120674244762185],[14.481323106925569,48.11868205116034],[14.486713349205596,48.11719213954206],[14.491265392589513,48.11431771623525],[14.491885402465961,48.112519253571286],[14.490160602378694,48.11066844412551],[14.480495495596742,48.1065080176041],[14.476249613684136,48.10511664536289],[14.468410588618056,48.102114905100805],[14.465355037101032,48.10041503296417],[14.461774081605835,48.09742491319956],[14.459606438264244,48.094965275511704],[14.456200419488182,48.09182186731013],[14.45511611401903,48.08939123399559],[14.455430801360523,48.08726392754909],[14.456794917944825,48.08641598129771],[14.465637072505995,48.08815119956916],[14.46714430471359,48.08634076965805],[14.465168494769102,48.08356103995277],[14.46295435497645,48.082756808988876],[14.454413178864781,48.08234399993067],[14.452040425216884,48.0812399691397],[14.451441643491549,48.07993570372354],[14.452658525284658,48.07769127857442],[14.456054223911236,48.07471409261751],[14.456042774338606,48.07168735596357],[14.44984254492119,48.064643791948484],[14.456720147411517,48.0629846703896],[14.457569823676232,48.061589542258936],[14.455717927919766,48.05894348431435],[14.455435198878895,48.05507211029235],[14.455996975530564,48.053622916039075],[14.455291075351507,48.05098651883931],[14.452911829124389,48.049202844918135],[14.453126960381292,48.04728871596441],[14.455148100363536,48.044760513849404],[14.453328788357997,48.04373968089135],[14.455814177990323,48.04336212717316],[14.456235946986094,48.04180379758847],[14.45970747749349,48.04075099103476],[14.462304625290685,48.03919989014576],[14.466056998442188,48.039094693439694],[14.467090564330137,48.03786286575239],[14.464733247695591,48.0347824630243],[14.46935850994066,48.03229923709386],[14.469679954868067,48.03080085319732],[14.471103265570264,48.030247859803396],[14.47023307372638,48.027718768945945],[14.47288450862937,48.0252287503735],[14.474707263016388,48.02464289694835],[14.47521315211376,48.02267176278535],[14.478786198624716,48.020735638717305],[14.480192265431956,48.01854458468806],[14.481593684232644,48.01792500355053],[14.48159929315214,48.01610427946976],[14.48481030007833,48.01267027777945],[14.486321935874857,48.012817720368915],[14.489303378556682,48.01155203960905],[14.489632026993315,48.01037965998871],[14.488148470154831,48.00856182899146],[14.49083512623465,48.00562673118341],[14.49036822078661,47.99873834849343],[14.496473069906514,47.99717163909798],[14.499250418752418,47.994874489116235],[14.503170168700706,47.994063321988435],[14.507617046866917,47.99442153842132],[14.511270767612388,47.99358958161329],[14.518206272491687,47.99338642147467],[14.526150217161556,47.99073273903175],[14.529174334263908,47.99062324732252],[14.534288596464688,47.988210813257375],[14.53667022154596,47.98644885795794],[14.540506904337853,47.985967929130815],[14.54299725615282,47.98431339292223],[14.54788804836463,47.98358536878087],[14.54852072680334,47.98285443496703],[14.551245886014023,47.98264664004418],[14.552335912421619,47.98056368741308],[14.553057730794707,47.97900726491317],[14.554735234613496,47.97811600620092],[14.557085331903032,47.97586997425567],[14.559246337168076,47.975016449031],[14.565577306439934,47.97477174955546],[14.566780784639084,47.97377208226338],[14.57038160079181,47.97320376835568],[14.572003273539229,47.97152755066208],[14.575571070192561,47.971348027215875],[14.577732346092791,47.96902656770577],[14.580627655395412,47.96807979535038],[14.582328315133708,47.96819514503177],[14.58369363781346,47.9671368624873],[14.586933781836862,47.962652786010615],[14.589480971187413,47.96004357482747],[14.592164333164483,47.95966322127918],[14.594433013421995,47.95754063417839],[14.598151690345905,47.95582494276734],[14.600020874237371,47.953301897654484],[14.605042110988638,47.949964190182904],[14.608223128185292,47.9497450663922],[14.609585571339526,47.94900419827276],[14.613423048698143,47.94880206559831],[14.619405854430651,47.94803286422245],[14.621137172405588,47.94502808786592],[14.623191960198215,47.943968561764216],[14.627106302047912,47.94338316209603],[14.629775876767162,47.9435328476481],[14.6324232883771,47.94445921889195],[14.638014408464585,47.944154846688015],[14.64495609135691,47.944130191971546],[14.646271824385098,47.942846942149735],[14.648262498748936,47.94148230947614],[14.652732181564001,47.941868668848905],[14.654095262474108,47.94093686633093],[14.65663049944927,47.94120299701643],[14.662784913211345,47.93987323840605],[14.663986427694365,47.938101795726524],[14.667816193597279,47.93544154897088],[14.669529264761653,47.93602217826393],[14.671976254851389,47.935918013529125],[14.673816069679516,47.933735877421434],[14.677813270186316,47.9328047878375],[14.678913660571874,47.93138490857082],[14.682027932030513,47.93007686053333],[14.687948041714284,47.929532628732176],[14.69207730815319,47.92799276693211],[14.695150480322285,47.92807500590014],[14.698591547121303,47.92671820255754],[14.700963700669716,47.92630009758521],[14.70383855800249,47.9280918831911],[14.704670284040372,47.930816101920875],[14.706191744739188,47.932470018089646],[14.711733867461147,47.93275461107401],[14.715403322663704,47.93332264490334],[14.720244579362616,47.935201353411486],[14.725084760353196,47.935665590452615],[14.726866461943253,47.931419439256054],[14.726370068931027,47.925060224200045],[14.7278710000724,47.92372077896203],[14.733356137689007,47.92105594500592],[14.736571336184133,47.91994952025872],[14.737797039782222,47.9182162920015],[14.740680940985948,47.91816203657873],[14.742176436391109,47.914305372859005],[14.74376826298211,47.913027495586974],[14.745133001163488,47.910149830221236],[14.75082189340818,47.90734486864895],[14.752325611280822,47.90444038693449],[14.754660890172504,47.9033535098655],[14.7568553111183,47.90119179597983],[14.755942629533468,47.89748919240559],[14.759400593812382,47.89481785913818],[14.760541820848855,47.89336182365029],[14.764034873181453,47.89130132749527],[14.76635200758744,47.887266382722714],[14.767393974201381,47.886754143691284],[14.769154822185065,47.88372059951884],[14.767747698484925,47.88272067295859],[14.766758218261662,47.88031598057858],[14.765544408601237,47.87784351699743],[14.763272286330446,47.876892326175934],[14.762498835118038,47.87470222564137],[14.759948034358755,47.87294189127239],[14.75826560268285,47.872333882039456],[14.756181751073228,47.87046404352451],[14.75536800103863,47.86876398001249],[14.749990609972464,47.86661116621929],[14.744594797343558,47.8664089387435],[14.74130971018824,47.865621771645976],[14.737770805628605,47.86551677599154],[14.732038855514139,47.86426482876778],[14.72848333560099,47.86130871272726],[14.725990261191816,47.86043235596499],[14.720307943237346,47.85976905875086],[14.718163711076208,47.85732564932088],[14.71238347691747,47.85508254352699],[14.710299008985531,47.85322189131018],[14.707199855307106,47.85134395356477],[14.708626448998084,47.847789372108636],[14.710612943713029,47.84594140897316],[14.716250877983338,47.84520082708706],[14.718900946487349,47.84455986315915],[14.722165965077997,47.84181640774338],[14.719784515762296,47.83968685407371],[14.718578097322828,47.839744806674226],[14.718459699932835,47.83594605577464],[14.720000010945062,47.83289446388347],[14.714985737656383,47.8294392450561],[14.713642489691999,47.82926069756564],[14.7106234987014,47.826267478025535],[14.707368567629876,47.824085653686794],[14.70664976153184,47.820911128196634],[14.708499365892099,47.81788146134386],[14.708556529521987,47.816102116897504],[14.710312912097425,47.8141598725848],[14.713454048958123,47.813140621383525],[14.719057719060054,47.8102676949181],[14.722571714432949,47.80675489767619],[14.727217024348418,47.80494175141213],[14.728211571068606,47.8036249821114],[14.727719248655234,47.80147406513632],[14.728663698012086,47.79980903455055],[14.725428273894256,47.79909562882392],[14.722722209874652,47.797583191385144],[14.7220108028581,47.79632958355489],[14.714989169727179,47.79416485627904],[14.70908265136549,47.7907888318586],[14.712032656311182,47.78564259506003],[14.714715176352838,47.782726179873414],[14.715897274554788,47.778005562663395],[14.715597785025572,47.776451018452825],[14.718681838078128,47.77435742870232],[14.719825336849224,47.772449089218405],[14.719632978208484,47.768702722629534],[14.722653566266692,47.76622726138149],[14.724496646204933,47.766746807379036],[14.730386855020773,47.76270628589262],[14.73312833206981,47.75961591564265],[14.740991780366144,47.75854206099369],[14.743569846213228,47.75662951110659],[14.739947740376055,47.75478729635397],[14.73566808338259,47.749426793777985],[14.731053104922045,47.752316653113844],[14.72856434571088,47.75286198347555],[14.725368191694027,47.7542401476374],[14.723202571918948,47.75571466972194],[14.718893647564359,47.75616142916392],[14.713508476093716,47.760093007569125],[14.712859622301721,47.760988910559675],[14.710122902537654,47.76190681245629],[14.70345621818682,47.76136640743101],[14.701078040872433,47.76217679725344],[14.699349839178863,47.76530421867385],[14.695742245763267,47.76542837291164],[14.6941683957161,47.76650462689978],[14.69236430525777,47.76582937008018],[14.69137703014764,47.76396974054919],[14.687730754844441,47.76105737905675],[14.685879447164544,47.76059466638131],[14.683761382086448,47.757325804999326],[14.683637544472866,47.75573663914354],[14.681455345892601,47.75395472587162],[14.68014063429941,47.751640373754064],[14.677120411555972,47.74934267993864],[14.674233861737328,47.74803495780691],[14.674326565229572,47.74694482205908],[14.66725320723254,47.74174303033347],[14.664473515949465,47.74131223815657],[14.660985009476157,47.739766215829675],[14.658081314769051,47.73964776918826],[14.655070574489088,47.7406525554424],[14.652860567444687,47.7396144936586],[14.649457478377428,47.73909267335134],[14.649142420382805,47.73777083851472],[14.64641892435379,47.73478789116365],[14.644103446791963,47.73012980814753],[14.645744410009465,47.727513597083124],[14.643463521446574,47.726160420642856],[14.640859192663937,47.72822686646563],[14.631967020549839,47.729002473641856],[14.631139736840575,47.72727371200331],[14.628493248462382,47.72683570133987],[14.627993802335839,47.72924320531358],[14.626587042794716,47.72903829163035],[14.624578699706682,47.7303769985479],[14.622126404582904,47.72967751517582],[14.619840375815764,47.729924259193936],[14.615507739793534,47.73131502966752],[14.611202553881993,47.731171685497124],[14.608124909828941,47.729019886097674],[14.604161129899502,47.729230085939136],[14.601249515090593,47.72867623177661],[14.600652836570521,47.7304189912544],[14.598837362364458,47.72841843246813],[14.597132801199592,47.72834033800606],[14.594433806122181,47.72654133742507],[14.592747616686092,47.72444460810413],[14.591519698858137,47.72504525354868],[14.589145227680511,47.724364019835875],[14.588737564703798,47.72223195242957],[14.587319997200272,47.720980918503166],[14.583222130495654,47.71892307883861],[14.581157745605717,47.71942714714448],[14.577785733149867,47.717958990166714],[14.575942169299013,47.71872836088133],[14.56828595185304,47.71702671054218],[14.566515660748673,47.71792246614322],[14.564097582595597,47.71755927144099],[14.561340475129537,47.71861360281019],[14.556751461709883,47.719613298729186],[14.551079653309715,47.72035468852612],[14.547912632531196,47.71982640265513],[14.54352809213438,47.71815827807164],[14.541970900469178,47.7171490431989],[14.538371717339757,47.716229930854944],[14.53418490432899,47.71441289681819],[14.528885381761471,47.7143019672102],[14.527513207297652,47.711798653945834],[14.524848871465869,47.710277618943074],[14.523957141207857,47.70880559210544],[14.52133004466348,47.70813413606357],[14.518578208377736,47.70395881216473],[14.519889711780836,47.70267270262914],[14.519802460678525,47.70137941398595],[14.522060035232126,47.6996551209445],[14.522877279272976,47.69782384862148],[14.524816980625344,47.69598175973524],[14.523066156719729,47.69397081566954],[14.52088889872052,47.68841253070542],[14.51815587590789,47.6865386116364],[14.517570401756396,47.68532540210305],[14.515418456957077,47.68428945449344],[14.514397099179869,47.68255027163477],[14.510636418809387,47.681378136998106],[14.507264704051797,47.67958680354815],[14.503472763309192,47.680060412156784],[14.500174876504053,47.67899147630755],[14.494755889637387,47.67972729978152],[14.494431915542544,47.68077146452552],[14.485769844431777,47.682746730614916],[14.484805534801165,47.68172683497075],[14.482007756661242,47.68160859310528],[14.480035773088039,47.68085984024379],[14.475839156114517,47.67831314667574],[14.474400646229533,47.67647086788155],[14.471802309335597,47.67580413236066],[14.470487336465462,47.67298897688866],[14.469499499575681,47.67234305568708],[14.46850236538859,47.669961140434836],[14.463168495054315,47.67018373520915],[14.459158890299387,47.66838980859668],[14.451416262901892,47.66545327726548],[14.446536176395563,47.66450005242976],[14.445043308871476,47.66107528337153],[14.444518934778813,47.657433553092815],[14.441435979634011,47.656118020052254],[14.433867675351072,47.653262777235305],[14.420618768657755,47.65362568502501],[14.41805486150295,47.65728031640895],[14.41024506731262,47.655606880061434],[14.394665556553603,47.65335634603324],[14.389827925255146,47.64909738112777],[14.389930606195996,47.645817499583586],[14.392181690435306,47.6385462353533],[14.388734994989315,47.636643741682384],[14.38491497420117,47.63502520940615],[14.382014094468223,47.635538418928206],[14.37805383787186,47.63469152445926],[14.372315857368061,47.632026443232476],[14.370644136481848,47.630574793679585],[14.367424298615662,47.62966875211233],[14.364014330391985,47.6308968361696],[14.361210363374624,47.62957289562238],[14.358530696418727,47.62983573184075],[14.35491326208205,47.62847813424807],[14.348215890199986,47.62519188575036],[14.343317120346764,47.623662851672364],[14.34235580417459,47.622971081754216],[14.33496205792281,47.6197133095253],[14.331689207344255,47.619058409690496],[14.330645977916555,47.61639536482633],[14.326435639444027,47.612067861044466],[14.323597311082393,47.60825952976716],[14.322108685289983,47.608873325794164],[14.318114870346806,47.609205290977286],[14.317120889546064,47.608698140046876],[14.311736318114052,47.60817052225857],[14.309845869528504,47.607066914334354],[14.307088265076594,47.607863427225176],[14.306363219078078,47.608837834667085],[14.30004807348633,47.61029987164975],[14.297598637581476,47.61017136797599],[14.293679975539165,47.60859385378541],[14.289741210989812,47.60979383407456],[14.28452694497647,47.61189314541602],[14.279155411881716,47.615228103578815],[14.261611978484815,47.61117896452449],[14.259749852792819,47.61186802592342],[14.252530327461194,47.61354761571128],[14.249770305402881,47.61781923721441],[14.247365175672751,47.619911759519674],[14.23858868201378,47.62468834871884],[14.231765794461275,47.628632894976704],[14.226558931087498,47.634852954430386],[14.220298104880642,47.64285137735884],[14.224886732385796,47.64653417030139],[14.229754900473345,47.651335265305775],[14.215718804990212,47.65091472370876],[14.202993128424746,47.65324349425967],[14.196572700402353,47.65015117247354],[14.191379519428528,47.64629614624023],[14.18950350362509,47.64527783665401],[14.184073957151123,47.64496347063148],[14.179520598079135,47.639853492897196],[14.174786412508292,47.63865431978715],[14.172971796516533,47.63839100589986],[14.165968536922744,47.640624522132924],[14.16103857857917,47.63945562551714],[14.157235963738588,47.63731596481048],[14.154343970863154,47.63695804484202],[14.150413464518602,47.637887083598],[14.147829260265333,47.63750260723541],[14.142810797498283,47.637739347385995],[14.136805825699756,47.6349229547876],[14.133381026557643,47.634489504817104],[14.129893742988063,47.63054857995942],[14.119869302613536,47.62827836007807],[14.113325402006131,47.62798142755973],[14.107783743613316,47.627977440418654],[14.099360213431716,47.62523629978289],[14.098746021676014,47.623969395135965],[14.092713702153064,47.623864390462],[14.091707729650064,47.62328709348567],[14.090321147711409,47.620244800293115],[14.083711316871177,47.62029815875809],[14.077182021844136,47.62002490350502],[14.067874015625016,47.61738427804198],[14.061879706224492,47.61661096799214],[14.05725453903862,47.61872062749847],[14.052209355170016,47.618474831364665],[14.04797578242021,47.61786314553959],[14.047908212977456,47.621278041296705],[14.049283366692508,47.6219433033688],[14.051646049559015,47.62587720961793],[14.049871366286215,47.62695827909154],[14.04351505020337,47.62715097905576],[14.045938276604826,47.63762832958257],[14.052627135407647,47.66859366683909],[14.044951031916998,47.675115718437056],[14.039708930685046,47.6777784372765],[14.034129834184403,47.679918418026716],[14.023433294384953,47.68775181150786],[14.017035264310566,47.69151925341316],[14.014258267971021,47.694258327820584],[14.007797462698619,47.70159791563943],[13.998914905060195,47.7037548448882],[13.993042372444176,47.702448881388534],[13.992500205892503,47.70053385130623],[13.9835799192119,47.69934047299854],[13.980569141252294,47.69796835833755],[13.97158542871041,47.701358176002046],[13.9709924925757,47.700978179514614],[13.96629670168057,47.70433536047406],[13.96186102082949,47.706023098068606],[13.948899419161355,47.710360584777966],[13.943162087255903,47.70981315554602],[13.932439766404524,47.71036415984024],[13.917177397437962,47.7058123801153],[13.904073048751592,47.71180317238842],[13.90035139913734,47.71676311013539],[13.90060024770859,47.71835825646935],[13.893114702931202,47.71818645283093],[13.884798495808218,47.72195720254539],[13.884045004548279,47.72265332374757],[13.87975784728458,47.72326811501683],[13.87563961436792,47.72221621478544],[13.875090502860646,47.72609396962459],[13.87359174459604,47.72684795978789],[13.871499174001904,47.72634609670996],[13.87096029057718,47.724666687082674],[13.865471260574111,47.72416505834785],[13.857510045138977,47.7279221891866],[13.859509321272894,47.72667073941798],[13.852613841005672,47.717912927179285],[13.848063037639307,47.71509837215277],[13.837410531078445,47.719440328690574],[13.820572759423674,47.716550290911606],[13.797088078731285,47.71470532942079],[13.792851561461209,47.713988345230995],[13.79021087369004,47.71314584634986],[13.781083837421056,47.71666982610788],[13.779149770601679,47.7182532709602],[13.774852101100302,47.719032619853486],[13.776530337963015,47.717842057915334],[13.774614663703165,47.7152358529924],[13.768266249123903,47.711668565725134],[13.764311748385465,47.70670075863224],[13.757700506430611,47.70237712459356],[13.75400747815263,47.70149646909397],[13.751468960855963,47.69935334506153],[13.75054239597195,47.696352928667814],[13.749453690559069,47.69606293744175],[13.74855451210812,47.69249414492781],[13.746820611266484,47.688076048289055],[13.735646687911514,47.686659056873964],[13.733833212820011,47.68553894659678],[13.731382768935163,47.68564219764246],[13.73107903414326,47.6844378114881],[13.73236037775833,47.67920395595413],[13.733628312177165,47.67854572369116],[13.734460943834346,47.67619375172129],[13.734179160070966,47.67481339986621],[13.723100838287989,47.673214470267595],[13.720647430649722,47.67161515142495],[13.713666708219835,47.67033351788104],[13.71040628437823,47.6688275205843],[13.707677888388751,47.66642547041032],[13.705039705542891,47.66619282087415],[13.703701225093557,47.66509337031812],[13.70542168084386,47.66215518304424],[13.70598060175248,47.6583640290211],[13.70505213579654,47.65716240372051],[13.704477356596525,47.65561602600197],[13.702893467285877,47.65443998113781],[13.702477786786105,47.65098504565832],[13.701300890402164,47.6488272447413],[13.701783820489833,47.6460039036484],[13.70096903356311,47.64467852668539],[13.698221954997587,47.64269728419382],[13.697084071852265,47.64033489670648],[13.697705943406476,47.63834768935986],[13.697254483648353,47.63665215512934],[13.693422852747169,47.632985179186534],[13.69125418424792,47.62391914811907],[13.69320282950912,47.61412386463887],[13.695547167567845,47.604845701107145],[13.695703979460355,47.60275900602188],[13.69659646038031,47.59929573719307],[13.693051254727047,47.596260691785986],[13.691660340902231,47.59351474993657],[13.688858381187732,47.589443819600795],[13.690126163281281,47.588688968714166],[13.69056975799481,47.58474865533023],[13.692587890439148,47.58170962686011],[13.691787532748462,47.57998041592989]]]]}},{"type":"Feature","properties":{"name":"Niederösterreich","iso":"3"},"geometry":{"type":"MultiPolygon","coordinates":[[[[16.250379469394755,47.44879197302711],[16.249355991609644,47.446963088161446],[16.24583701911986,47.444354962220594],[16.240441179737694,47.44301028552028],[16.239246574135162,47.4401686029146],[16.239410446215267,47.438315522018804],[16.233674115680312,47.4358141071109],[16.23199398523696,47.43437141655333],[16.228719507333572,47.433711046168874],[16.22654609944335,47.43208456818905],[16.225939954938074,47.43069684300818],[16.22340962728262,47.42976559298003],[16.220341941571462,47.42783007034918],[16.21675513285996,47.42768289651108],[16.212044319574645,47.42639692858717],[16.206619975352456,47.425247268937575],[16.204232454542808,47.42534545906766],[16.19998837878725,47.42430335901836],[16.196832331099298,47.42304372717448],[16.188147966669824,47.423037345513045],[16.182947983685906,47.42417256639754],[16.174865161722426,47.424102652402965],[16.170642144277558,47.423053556323175],[16.168984537359943,47.42309851780552],[16.166417732202465,47.42449992235695],[16.164245597563582,47.42686162422034],[16.157674338078575,47.42720154407444],[16.156771032088013,47.429976358121124],[16.151458795406473,47.432311504250535],[16.149914895025823,47.43441227448481],[16.147181660651988,47.43519887378442],[16.145696344008876,47.43658210286906],[16.1412633290384,47.43867329695995],[16.13780465770163,47.44274566077392],[16.136942510204157,47.444954223673925],[16.137919196440297,47.44731545626139],[16.134796331273446,47.451108567966294],[16.130640244093534,47.45251134195227],[16.129362263253523,47.45352157386574],[16.13011691550684,47.45603215927922],[16.129997162922432,47.45921188466441],[16.13055449035315,47.460242289313314],[16.13519069023434,47.46213595254102],[16.133411750460294,47.463882252986856],[16.132496281464185,47.46733064386579],[16.131090395000935,47.468368679729934],[16.130210123021442,47.47020415403306],[16.125376723544967,47.46884564654394],[16.123077865233043,47.46937262488453],[16.119611032277724,47.472644690932334],[16.120576589598652,47.47478826773536],[16.11695618869798,47.475137761756955],[16.114941299122716,47.47465696370038],[16.112355450619507,47.47502646916307],[16.114638179125635,47.47737769968536],[16.117493498345397,47.47860893327181],[16.11625682464604,47.48076391264397],[16.11571183499943,47.483687243900114],[16.116628371238182,47.48473959774829],[16.117437796422585,47.488359189351925],[16.113146286165435,47.490181553627046],[16.11202422908271,47.49284533952075],[16.112952360309542,47.49529031690344],[16.11015061697493,47.49781645872783],[16.111172026335343,47.50025666730364],[16.112781191738375,47.50217898012412],[16.115356488632187,47.5026502876259],[16.115127484244724,47.50513692879374],[16.11574976508013,47.50847008573488],[16.117590493785244,47.50999931231535],[16.118029876008432,47.5124689102557],[16.114235574938625,47.5103745309625],[16.11120337144299,47.50745992800143],[16.1096542967447,47.508234816263204],[16.10805694708354,47.51109614671125],[16.11167242480249,47.51380673053943],[16.11321321385129,47.51568433447904],[16.108864176815818,47.51715638695722],[16.109051472304834,47.5193586871446],[16.108419408036877,47.52267217535619],[16.105613238898876,47.52563526900004],[16.098201893611655,47.52398760956375],[16.09499894108784,47.524777665070445],[16.094145114611482,47.523719577856774],[16.094489295962685,47.52199144367036],[16.09318912801845,47.51881614726844],[16.091145592119943,47.51830551907975],[16.09085089326901,47.51580437033621],[16.091720583819107,47.512662100746496],[16.088103560797386,47.50886473828469],[16.084613735772102,47.50785604821462],[16.081797823334835,47.50773751680253],[16.078597078204954,47.506680751948565],[16.07725504882988,47.504570002355656],[16.077181900929688,47.50163318308939],[16.07548688101363,47.49993690072364],[16.07249220441797,47.50166119284873],[16.071913752038384,47.503724089347976],[16.068928790437035,47.503967514166824],[16.064981689593985,47.50377977977293],[16.062398673173092,47.50259747459446],[16.062138316549728,47.49606485491265],[16.06267539488943,47.495521791464625],[16.06064340242838,47.4896216720755],[16.062303772060602,47.487035116629556],[16.059158338396873,47.48575730599319],[16.054889357543438,47.485291612573995],[16.051131692683466,47.48733228273232],[16.05061206204764,47.48829117176958],[16.046706812772808,47.490712407014925],[16.044077859343282,47.49186190928561],[16.039963881528784,47.49729982561254],[16.038067490614857,47.50156908517618],[16.035082025825826,47.502990287111786],[16.034524079420585,47.50413797177665],[16.030064057438352,47.504943419339455],[16.02931722801423,47.506774058391876],[16.026416685927504,47.50842385411724],[16.025910284520286,47.510578407329895],[16.023525609789367,47.51338095708516],[16.017461428106692,47.516228970894915],[16.012390222308376,47.51760149328955],[16.007754602582725,47.518264386919405],[16.003469816522202,47.51797346113677],[15.998798280141758,47.5160728756094],[15.997287113811915,47.516538148561374],[15.993182646311265,47.51730199003723],[15.982477865294378,47.51779995501887],[15.977969345669342,47.518769286570254],[15.973566929397952,47.520780827036425],[15.971258561068243,47.520925519793174],[15.96434768999354,47.520064342410066],[15.962528514854508,47.519158384851536],[15.955735933816998,47.518553434992604],[15.95344561832257,47.51779180062906],[15.948342981489873,47.519014887461424],[15.939795128927951,47.52422775047719],[15.93349509207887,47.52703891770839],[15.923885837107038,47.52977554311104],[15.917716205195124,47.53071767551388],[15.911075331820498,47.53112632814445],[15.909305479294078,47.53272745209048],[15.909367231855066,47.53647973586361],[15.90496313711329,47.54059078277804],[15.90125770862935,47.54315004536283],[15.899558316325509,47.547037421367456],[15.900182543617898,47.548006584556],[15.90015668260818,47.55554721971046],[15.902675954862149,47.55866941070999],[15.902627080805715,47.56050479117799],[15.901563086092755,47.56345495130785],[15.896430519481255,47.56556315434827],[15.893048739538129,47.56796794687585],[15.885125463822263,47.571919535523186],[15.881042696530344,47.572753007961225],[15.87155668128487,47.57404659875637],[15.866071376249451,47.57215727074475],[15.862212389684466,47.56780005629974],[15.861655000182338,47.56665098796157],[15.858930434700541,47.56753620097811],[15.852124328989833,47.567589294357134],[15.848791297510049,47.56675959759422],[15.846018165584072,47.567092303390844],[15.844224479544629,47.56848860973404],[15.843875892639701,47.56989567953122],[15.844601030540316,47.57233311454737],[15.842303569720208,47.576592669507306],[15.842986135418329,47.577647986028225],[15.843405147637856,47.58120097675927],[15.84246642775506,47.583525542554995],[15.841735481776178,47.58700725439843],[15.84350724643592,47.58811762026131],[15.846166470679844,47.59133641221413],[15.845210691025153,47.59746638409249],[15.848863572828618,47.599032952448994],[15.85102633555381,47.600783593730235],[15.853756773992796,47.60390722451546],[15.85382727155633,47.60678539197549],[15.857686221199316,47.61035199343582],[15.858169556086262,47.61328670885821],[15.859557560010275,47.61450781571435],[15.85778105484603,47.617376268322836],[15.857266257851782,47.61887289673911],[15.853958579110895,47.62151718980216],[15.852447494398941,47.62060126864627],[15.844157442275637,47.61813757566262],[15.841834977015266,47.61783067548533],[15.837512602790229,47.61880014884725],[15.831624621446077,47.62253754689015],[15.830205185837247,47.62307908026297],[15.82976003040811,47.626651665643436],[15.828813534362682,47.627620837567115],[15.827808174917005,47.631393262335315],[15.82680224157673,47.633524842662055],[15.821219987776761,47.637420821039605],[15.818994678872489,47.63865441800069],[15.816358177299524,47.63803124888377],[15.811229999975573,47.63739417595748],[15.807776755206726,47.6373566096897],[15.804476863289148,47.63588572524218],[15.802346433407939,47.63579910809454],[15.800016676735217,47.636671177183764],[15.793554787646173,47.63712503957646],[15.786637074264242,47.64058580483523],[15.783129634075564,47.63971861418108],[15.77898476808058,47.639912310756934],[15.778544678678688,47.64299940448292],[15.777303907440565,47.6432788321854],[15.767325078729854,47.64076377851944],[15.762401674733212,47.63786810710567],[15.761221662197345,47.63618626700397],[15.758663407311026,47.63533825108467],[15.751839254850143,47.6342152185983],[15.746973112256818,47.632911869793524],[15.741619225377551,47.63256774797022],[15.738161837129171,47.63396742613539],[15.74236151282653,47.63967485757547],[15.741307002815214,47.64167943661248],[15.739522772636551,47.642908508568475],[15.735369930923245,47.64413154291849],[15.734346853471482,47.64517710202582],[15.731692100058083,47.646268504486855],[15.726972896317042,47.64600341296456],[15.723736524792319,47.64636088598794],[15.72231622717731,47.6471548134285],[15.722002257240952,47.648550698884115],[15.722383633819442,47.65199785217234],[15.72328405002308,47.65450185258545],[15.725710975202952,47.657052848918696],[15.72616328088329,47.6592029492859],[15.725897642504657,47.664878064755015],[15.724242404191225,47.66827836573781],[15.721949862125419,47.67022826311931],[15.721367400424402,47.67362773378796],[15.719168150832378,47.67997734888428],[15.71801883810468,47.680831014288245],[15.717670067120629,47.68271735175516],[15.714974482120798,47.685145486009226],[15.715736874956164,47.68887610973226],[15.71665319671804,47.68992800633376],[15.716282580220126,47.6920137136032],[15.715088217803993,47.693719791622286],[15.712261074839299,47.69591986422022],[15.71144712562133,47.698709969175184],[15.712655250513688,47.70163882957089],[15.712915884802134,47.70356789027228],[15.715777176470754,47.7055380929999],[15.716360145031679,47.71058281328566],[15.714823524843641,47.71218002403772],[15.712645471184354,47.71334644672603],[15.706763606660134,47.71331047686098],[15.703654852400799,47.713944684632445],[15.701340236264508,47.71362157859652],[15.697288056136136,47.714075466468714],[15.69389987843398,47.71359936771647],[15.689460661629862,47.708885997412764],[15.68867746823119,47.70594822415913],[15.687284577653568,47.705062574887435],[15.685140234034082,47.70509346312128],[15.681776339690177,47.703116490702705],[15.68048815740123,47.7016702868831],[15.675945114743612,47.69969487804562],[15.67057729044362,47.70691201199369],[15.669923251066246,47.70829858584743],[15.66745600315387,47.71070036144918],[15.65931816695804,47.712677132143085],[15.657217997137142,47.71421363746685],[15.650681793151348,47.71681224535877],[15.648991120040744,47.71834392711157],[15.641582877461946,47.717523091902194],[15.639137672781269,47.718215070433565],[15.634811569965043,47.716201883714106],[15.63317312259398,47.716120757997125],[15.63083785139032,47.72057278311478],[15.62822960106105,47.723427194915416],[15.626178377176274,47.72500390937675],[15.62638151457159,47.72808974157753],[15.62384057758961,47.732000665457214],[15.621402591906572,47.73313902145194],[15.620113538168312,47.73474611467398],[15.619633433588069,47.73684609901694],[15.616969812320123,47.73813292776541],[15.61736205573754,47.73914566738728],[15.616689733509945,47.74204724147803],[15.61534737237557,47.74268304464414],[15.612797061223674,47.74750677839612],[15.610103344201692,47.747542588197334],[15.608925525753648,47.75178605106096],[15.603988900923547,47.75300425976867],[15.597844342097792,47.752204918886484],[15.592375570111388,47.75086086902598],[15.59016298566658,47.75098642569056],[15.583047387522578,47.74938068849139],[15.578373745516492,47.74946532436895],[15.576526940856468,47.75004126099764],[15.569632565015839,47.750424573396],[15.565808459787315,47.74985540475563],[15.561290835030066,47.748215408487305],[15.55853469219403,47.74617804161278],[15.551231580278053,47.74725148080801],[15.550433358449261,47.7493279794134],[15.548348257288731,47.75022756535235],[15.542068712699008,47.74975035741046],[15.536783213093235,47.748558054503995],[15.534916217737814,47.74885990700792],[15.532557564907085,47.747702957613306],[15.52553678709406,47.74661014671335],[15.521333297896481,47.74800226866891],[15.518206037875677,47.74841869137374],[15.515890491233023,47.746919023205486],[15.513607565189792,47.747472773564844],[15.51100145314899,47.74725153227008],[15.510032288015658,47.74927002000415],[15.508196438342186,47.750181255590924],[15.507095524242999,47.75269830439675],[15.505753736475167,47.753735357044846],[15.508972024660752,47.754668522683595],[15.510150573421518,47.756050227879115],[15.51154216301309,47.756143894337754],[15.51184676665269,47.75843233819389],[15.513283454088176,47.7588702976849],[15.513443660565851,47.76377698775134],[15.510356935847117,47.764938721939615],[15.509254362386873,47.766087571514696],[15.503824297663224,47.76849707072922],[15.498957003980227,47.76961839789007],[15.498131591531422,47.76904150831811],[15.49491442828392,47.769791610952495],[15.49251367214568,47.76981898919722],[15.488840381682007,47.768955341613456],[15.487959482055318,47.76969058432305],[15.481738209382918,47.77137326602293],[15.474912232734274,47.771116039255745],[15.471278156714712,47.771887442355265],[15.466345715101042,47.77200658576068],[15.46079757042956,47.77143379173574],[15.458173341840908,47.770446655783324],[15.452192983865437,47.77353090860166],[15.44906143412432,47.77369564762986],[15.447112600964203,47.774361608915],[15.444357919040062,47.776944035707054],[15.442745580573408,47.780663621699254],[15.439192732721269,47.78518105325571],[15.437666138227103,47.78771690868057],[15.437506280158942,47.79063036988197],[15.435901420646452,47.79152321663741],[15.430482299282032,47.79223575136655],[15.42980161433889,47.79100702472298],[15.425406220609501,47.789875843123085],[15.423504771802323,47.78791124946226],[15.420523541585899,47.78602117714127],[15.409162127939243,47.78507779813605],[15.407260134608874,47.785816293251884],[15.405618798614135,47.78879206037716],[15.40441615253765,47.794053023581455],[15.403533064151633,47.79486070612475],[15.40258892212494,47.79778006116033],[15.400332719250418,47.80107969592446],[15.400575502573595,47.80261658487154],[15.40217293895196,47.80550301424022],[15.401268870518651,47.80716136428392],[15.401803112981769,47.811415862994714],[15.403294172549149,47.81350643005004],[15.398286232160174,47.81549952481855],[15.3962219592178,47.81426883495965],[15.395477911913183,47.814992056448084],[15.390933135761832,47.814496529427934],[15.389025876025933,47.81349204959263],[15.38782967701375,47.81739177898874],[15.384904375483897,47.818299837106224],[15.383376022505491,47.81993052239555],[15.380682005678423,47.82115745185452],[15.376750891518832,47.82424031724305],[15.373097808578498,47.824683695990714],[15.370560306223648,47.82567973570217],[15.366119919661383,47.82521521564001],[15.361880813047286,47.82570006276548],[15.35853628110538,47.82459489840418],[15.356979879522568,47.82635872248973],[15.351560647315582,47.82728291501696],[15.343100790488187,47.826458307274905],[15.342419192626412,47.8263742451942],[15.340571604065111,47.82760391574539],[15.337887389696938,47.82852230850661],[15.335081104441738,47.82859327467923],[15.330449759687975,47.82805618007617],[15.32767066215365,47.82637209923294],[15.325579691975134,47.82430861257932],[15.322430108415851,47.82211800812744],[15.319136590193342,47.82150735060226],[15.316452893021767,47.82215857654677],[15.31384317073869,47.82367117417325],[15.310547779919274,47.82285511229834],[15.308751629657406,47.82331850365289],[15.30531230268594,47.82063112814086],[15.301579225646085,47.8216901678973],[15.297045639104294,47.8217441428425],[15.293364092848037,47.81800435405814],[15.29429834011335,47.81622166985914],[15.292769153921281,47.81296181961352],[15.289879799622526,47.81033242160788],[15.292455349036716,47.80637988565167],[15.291935272148212,47.80354934122429],[15.29227101538728,47.80106720884606],[15.291110988119836,47.80016589288983],[15.28854835878225,47.799921937364026],[15.288487292145831,47.79843758488858],[15.287006875308329,47.796660869397584],[15.288034432567402,47.79445221868418],[15.286082617985503,47.79187864761831],[15.28438489186853,47.790885759796055],[15.282253776995574,47.79087303679353],[15.279037728116606,47.79206060413812],[15.260054503941436,47.79419137299206],[15.258124749857213,47.79427860069795],[15.253353618897336,47.793449670037106],[15.250793260951788,47.79346088238319],[15.24870677332813,47.79450540926134],[15.241177596225,47.79709784639069],[15.239565203299383,47.79798469240763],[15.235922045581322,47.798149093452174],[15.231503333490279,47.7995014819649],[15.230377260005918,47.798968441543934],[15.222386067037466,47.797669659674796],[15.217694814268512,47.79643171539091],[15.214516325735632,47.79672841493683],[15.213417212071057,47.79593909888464],[15.213413637182247,47.79365717396876],[15.211634925053083,47.79090931089278],[15.208573081853704,47.79057660167903],[15.206571671632165,47.7898497764491],[15.205357752783302,47.788516437937716],[15.204527489113465,47.7820749975887],[15.203066154460586,47.78060418229216],[15.203739400796154,47.77844527286327],[15.198063517544064,47.775751671872634],[15.199481233656913,47.77120461539756],[15.202913480009835,47.770601175735834],[15.205303275483065,47.771284127949244],[15.20732954602624,47.76961508625149],[15.205022878848926,47.767854220819586],[15.206007728691208,47.76596875765383],[15.20750969153045,47.76533155890798],[15.207618599701137,47.76382453488053],[15.205097127567711,47.761024757946394],[15.203834547258381,47.760697077034315],[15.200140702129683,47.75699108178156],[15.198175463869305,47.75606375281147],[15.196587995010171,47.75412792009144],[15.191079649388502,47.75647207025806],[15.189026827092256,47.75692462520713],[15.184731762658549,47.75649499323266],[15.181140929661742,47.756683146226905],[15.180515725051498,47.75742986651921],[15.175677762656171,47.75672242157733],[15.172047688854308,47.75650477539721],[15.16575552393526,47.754430977608905],[15.162393011216354,47.75693189280448],[15.160528431644678,47.75698029485079],[15.156175694074012,47.759130810225095],[15.155642046693044,47.758488421224065],[15.152095256163554,47.75849813145337],[15.15080093640206,47.75915535360523],[15.146837500828983,47.75816868001737],[15.14540117645914,47.75875032216481],[15.142834956104561,47.75789973185478],[15.140595284310402,47.75886002235336],[15.137667448846178,47.76204559479021],[15.135980569050309,47.76193431531355],[15.132045631353076,47.75870100875711],[15.131756965759005,47.756804597536494],[15.129592723690301,47.75366459153248],[15.127313086531206,47.75369724154863],[15.129518071669512,47.75001663363941],[15.128781541883944,47.74849589848788],[15.123187029292932,47.746839910733925],[15.1194553119653,47.74718591552823],[15.116390271345628,47.7462293639251],[15.101705541225959,47.744172778932246],[15.095167632362173,47.74395621881477],[15.092494936484592,47.74311803600975],[15.086457681336192,47.74217222908681],[15.081621687956819,47.74237903073945],[15.081209927454964,47.7433017582467],[15.076275755436866,47.743552749715846],[15.07147175341152,47.742782050036084],[15.068239210361314,47.74304697906638],[15.06582497375219,47.74122485032898],[15.06103052156435,47.742449964135524],[15.055637768490048,47.74104877058703],[15.053087716691326,47.74158167834916],[15.031926069993437,47.75344200233826],[15.027991995217924,47.75340393381657],[15.025469470442863,47.75298522112102],[15.025133459008817,47.75199351607601],[15.022865167998209,47.75048078217357],[15.02039582819159,47.749967590821846],[15.0186283842002,47.748607980412416],[15.01366518220762,47.74751441242419],[15.011824028844746,47.746731981824794],[15.009292294784002,47.74655314814262],[15.007088840977092,47.74564048045334],[15.00037902389854,47.744839709117784],[14.999397267046273,47.74411654131934],[14.994433246734344,47.742132889980184],[14.990152612584534,47.741860608386745],[14.983629239736363,47.74082572583622],[14.979955426056149,47.741339874561035],[14.975336029735553,47.743441032691074],[14.970044350325894,47.744303408961784],[14.965259892906689,47.74052698397954],[14.964851420216293,47.73796151739975],[14.96063731532266,47.73691932770035],[14.955933426452122,47.736321054998825],[14.951398520530557,47.734020509653156],[14.949200929178799,47.73356282424593],[14.948250866908529,47.732301374166795],[14.943561258337146,47.728385781047095],[14.939597806762958,47.726509004541455],[14.94016592329119,47.72491106625118],[14.937299964209966,47.72262239917158],[14.933879072584533,47.72121067092253],[14.932812737069298,47.71938819585246],[14.928578218235108,47.718015963783955],[14.927239854583446,47.71356711253527],[14.92496449622092,47.71134249820518],[14.912298899290638,47.71147629342958],[14.910049474854363,47.709695039673115],[14.90719225219479,47.71120464841458],[14.904446349469705,47.710703858893936],[14.898419706847834,47.711530267676075],[14.895047668801903,47.71160388237535],[14.890995074033695,47.713803664196455],[14.880669452881149,47.71416126099081],[14.880107111235578,47.714656462306664],[14.873849998806982,47.716737743451766],[14.874564839127824,47.71871437313131],[14.873996402654717,47.72072069001173],[14.874269588790813,47.722528565704124],[14.873659192474728,47.72702502339043],[14.86838143394984,47.73360373195547],[14.867467992280423,47.73377662343133],[14.860337562683581,47.740420275386235],[14.857766046332385,47.74207023376723],[14.85526693611768,47.7411939788452],[14.84917074352898,47.738959584267086],[14.846649575780644,47.73849170343205],[14.844469478090327,47.73729508346807],[14.837182512736913,47.734661030786405],[14.835001686906269,47.73732149572315],[14.831612048767493,47.73727269766692],[14.82810809178759,47.73964104287945],[14.8278706344402,47.741319839798074],[14.83003383245241,47.743543726918226],[14.830080434197434,47.74441841232666],[14.818410354501767,47.74501501904494],[14.815521484791581,47.74490961049843],[14.806559869633526,47.737843061688935],[14.801041941419673,47.73932359800729],[14.79626135466786,47.73881401888974],[14.794550608447198,47.73684149214666],[14.789057405817386,47.736017342814634],[14.784050324850691,47.73299171713791],[14.774531528701232,47.73010811270232],[14.773143524116824,47.72912862852698],[14.768237398949166,47.72837786120836],[14.764254891795062,47.7270126926241],[14.758417077449835,47.733807307260925],[14.755130450958934,47.735727712836734],[14.747488472229897,47.73697290360638],[14.737459711382028,47.742145351197834],[14.733269803684248,47.74564741739423],[14.733242440241474,47.74737435482243],[14.73566808338259,47.749426793777985],[14.739947740376055,47.75478729635397],[14.743569846213228,47.75662951110659],[14.740991780366144,47.75854206099369],[14.73312833206981,47.75961591564265],[14.730386855020773,47.76270628589262],[14.724496646204933,47.766746807379036],[14.722653566266692,47.76622726138149],[14.719632978208484,47.768702722629534],[14.719825336849224,47.772449089218405],[14.718681838078128,47.77435742870232],[14.715597785025572,47.776451018452825],[14.715897274554788,47.778005562663395],[14.714715176352838,47.782726179873414],[14.712032656311182,47.78564259506003],[14.70908265136549,47.7907888318586],[14.714989169727179,47.79416485627904],[14.7220108028581,47.79632958355489],[14.722722209874652,47.797583191385144],[14.725428273894256,47.79909562882392],[14.728663698012086,47.79980903455055],[14.727719248655234,47.80147406513632],[14.728211571068606,47.8036249821114],[14.727217024348418,47.80494175141213],[14.722571714432949,47.80675489767619],[14.719057719060054,47.8102676949181],[14.713454048958123,47.813140621383525],[14.710312912097425,47.8141598725848],[14.708556529521987,47.816102116897504],[14.708499365892099,47.81788146134386],[14.70664976153184,47.820911128196634],[14.707368567629876,47.824085653686794],[14.7106234987014,47.826267478025535],[14.713642489691999,47.82926069756564],[14.714985737656383,47.8294392450561],[14.720000010945062,47.83289446388347],[14.718459699932835,47.83594605577464],[14.718578097322828,47.839744806674226],[14.719784515762296,47.83968685407371],[14.722165965077997,47.84181640774338],[14.718900946487349,47.84455986315915],[14.716250877983338,47.84520082708706],[14.710612943713029,47.84594140897316],[14.708626448998084,47.847789372108636],[14.707199855307106,47.85134395356477],[14.710299008985531,47.85322189131018],[14.71238347691747,47.85508254352699],[14.718163711076208,47.85732564932088],[14.720307943237346,47.85976905875086],[14.725990261191816,47.86043235596499],[14.72848333560099,47.86130871272726],[14.732038855514139,47.86426482876778],[14.737770805628605,47.86551677599154],[14.74130971018824,47.865621771645976],[14.744594797343558,47.8664089387435],[14.749990609972464,47.86661116621929],[14.75536800103863,47.86876398001249],[14.756181751073228,47.87046404352451],[14.75826560268285,47.872333882039456],[14.759948034358755,47.87294189127239],[14.762498835118038,47.87470222564137],[14.763272286330446,47.876892326175934],[14.765544408601237,47.87784351699743],[14.766758218261662,47.88031598057858],[14.767747698484925,47.88272067295859],[14.769154822185065,47.88372059951884],[14.767393974201381,47.886754143691284],[14.76635200758744,47.887266382722714],[14.764034873181453,47.89130132749527],[14.760541820848855,47.89336182365029],[14.759400593812382,47.89481785913818],[14.755942629533468,47.89748919240559],[14.7568553111183,47.90119179597983],[14.754660890172504,47.9033535098655],[14.752325611280822,47.90444038693449],[14.75082189340818,47.90734486864895],[14.745133001163488,47.910149830221236],[14.74376826298211,47.913027495586974],[14.742176436391109,47.914305372859005],[14.740680940985948,47.91816203657873],[14.737797039782222,47.9182162920015],[14.736571336184133,47.91994952025872],[14.733356137689007,47.92105594500592],[14.7278710000724,47.92372077896203],[14.726370068931027,47.925060224200045],[14.726866461943253,47.931419439256054],[14.725084760353196,47.935665590452615],[14.720244579362616,47.935201353411486],[14.715403322663704,47.93332264490334],[14.711733867461147,47.93275461107401],[14.706191744739188,47.932470018089646],[14.704670284040372,47.930816101920875],[14.70383855800249,47.9280918831911],[14.700963700669716,47.92630009758521],[14.698591547121303,47.92671820255754],[14.695150480322285,47.92807500590014],[14.69207730815319,47.92799276693211],[14.687948041714284,47.929532628732176],[14.682027932030513,47.93007686053333],[14.678913660571874,47.93138490857082],[14.677813270186316,47.9328047878375],[14.673816069679516,47.933735877421434],[14.671976254851389,47.935918013529125],[14.669529264761653,47.93602217826393],[14.667816193597279,47.93544154897088],[14.663986427694365,47.938101795726524],[14.662784913211345,47.93987323840605],[14.65663049944927,47.94120299701643],[14.654095262474108,47.94093686633093],[14.652732181564001,47.941868668848905],[14.648262498748936,47.94148230947614],[14.646271824385098,47.942846942149735],[14.64495609135691,47.944130191971546],[14.638014408464585,47.944154846688015],[14.6324232883771,47.94445921889195],[14.629775876767162,47.9435328476481],[14.627106302047912,47.94338316209603],[14.623191960198215,47.943968561764216],[14.621137172405588,47.94502808786592],[14.619405854430651,47.94803286422245],[14.613423048698143,47.94880206559831],[14.609585571339526,47.94900419827276],[14.608223128185292,47.9497450663922],[14.605042110988638,47.949964190182904],[14.600020874237371,47.953301897654484],[14.598151690345905,47.95582494276734],[14.594433013421995,47.95754063417839],[14.592164333164483,47.95966322127918],[14.589480971187413,47.96004357482747],[14.586933781836862,47.962652786010615],[14.58369363781346,47.9671368624873],[14.582328315133708,47.96819514503177],[14.580627655395412,47.96807979535038],[14.577732346092791,47.96902656770577],[14.575571070192561,47.971348027215875],[14.572003273539229,47.97152755066208],[14.57038160079181,47.97320376835568],[14.566780784639084,47.97377208226338],[14.565577306439934,47.97477174955546],[14.559246337168076,47.975016449031],[14.557085331903032,47.97586997425567],[14.554735234613496,47.97811600620092],[14.553057730794707,47.97900726491317],[14.552335912421619,47.98056368741308],[14.551245886014023,47.98264664004418],[14.54852072680334,47.98285443496703],[14.54788804836463,47.98358536878087],[14.54299725615282,47.98431339292223],[14.540506904337853,47.985967929130815],[14.53667022154596,47.98644885795794],[14.534288596464688,47.988210813257375],[14.529174334263908,47.99062324732252],[14.526150217161556,47.99073273903175],[14.518206272491687,47.99338642147467],[14.511270767612388,47.99358958161329],[14.507617046866917,47.99442153842132],[14.503170168700706,47.994063321988435],[14.499250418752418,47.994874489116235],[14.496473069906514,47.99717163909798],[14.49036822078661,47.99873834849343],[14.49083512623465,48.00562673118341],[14.488148470154831,48.00856182899146],[14.489632026993315,48.01037965998871],[14.489303378556682,48.01155203960905],[14.486321935874857,48.012817720368915],[14.48481030007833,48.01267027777945],[14.48159929315214,48.01610427946976],[14.481593684232644,48.01792500355053],[14.480192265431956,48.01854458468806],[14.478786198624716,48.020735638717305],[14.47521315211376,48.02267176278535],[14.474707263016388,48.02464289694835],[14.47288450862937,48.0252287503735],[14.47023307372638,48.027718768945945],[14.471103265570264,48.030247859803396],[14.469679954868067,48.03080085319732],[14.46935850994066,48.03229923709386],[14.464733247695591,48.0347824630243],[14.467090564330137,48.03786286575239],[14.466056998442188,48.039094693439694],[14.462304625290685,48.03919989014576],[14.45970747749349,48.04075099103476],[14.456235946986094,48.04180379758847],[14.455814177990323,48.04336212717316],[14.453328788357997,48.04373968089135],[14.455148100363536,48.044760513849404],[14.453126960381292,48.04728871596441],[14.452911829124389,48.049202844918135],[14.455291075351507,48.05098651883931],[14.455996975530564,48.053622916039075],[14.455435198878895,48.05507211029235],[14.455717927919766,48.05894348431435],[14.457569823676232,48.061589542258936],[14.456720147411517,48.0629846703896],[14.44984254492119,48.064643791948484],[14.456042774338606,48.07168735596357],[14.456054223911236,48.07471409261751],[14.452658525284658,48.07769127857442],[14.451441643491549,48.07993570372354],[14.452040425216884,48.0812399691397],[14.454413178864781,48.08234399993067],[14.46295435497645,48.082756808988876],[14.465168494769102,48.08356103995277],[14.46714430471359,48.08634076965805],[14.465637072505995,48.08815119956916],[14.456794917944825,48.08641598129771],[14.455430801360523,48.08726392754909],[14.45511611401903,48.08939123399559],[14.456200419488182,48.09182186731013],[14.459606438264244,48.094965275511704],[14.461774081605835,48.09742491319956],[14.465355037101032,48.10041503296417],[14.468410588618056,48.102114905100805],[14.476249613684136,48.10511664536289],[14.480495495596742,48.1065080176041],[14.490160602378694,48.11066844412551],[14.491885402465961,48.112519253571286],[14.491265392589513,48.11431771623525],[14.486713349205596,48.11719213954206],[14.481323106925569,48.11868205116034],[14.47640138769979,48.120674244762185],[14.473047923903879,48.12145676770133],[14.468538542087218,48.121182586613465],[14.4665888281018,48.12150835209878],[14.464875242541046,48.12320181697877],[14.465547142736312,48.12622124903885],[14.46683500445672,48.12782782850883],[14.472041632774815,48.13134920440533],[14.474414069043988,48.133466145481925],[14.475072364059184,48.13647125674759],[14.474584163077104,48.14044984813957],[14.47341942519629,48.14209250145897],[14.470482751874918,48.14447972509625],[14.46511946673231,48.148296658581444],[14.464680512041477,48.15008112114117],[14.467479764550095,48.15515827299217],[14.468658718067624,48.156452531218655],[14.473427399215662,48.159666743124134],[14.475224007938444,48.16186254535015],[14.4786039566732,48.16881545833013],[14.480047265119381,48.172261697684455],[14.481113618516188,48.17529482723301],[14.480780120483068,48.17743618061748],[14.479323305252938,48.17919735664716],[14.476247375015761,48.1832012151858],[14.476609357345739,48.185259320592394],[14.479824653610276,48.19012529978236],[14.47947069200142,48.192211868514214],[14.477387602296787,48.19546380146718],[14.477252568905847,48.198331714323636],[14.47815826291343,48.202624776750156],[14.478503603088908,48.203985883097786],[14.48250186480118,48.210817171463674],[14.483411054439726,48.21392008197419],[14.485320883746791,48.21782617503758],[14.485280905028043,48.21939133718785],[14.486802471695622,48.22257414989798],[14.48890218638054,48.22459982121143],[14.49396910700306,48.227362818774075],[14.498512034062164,48.22922913086862],[14.504025108091303,48.23096575825072],[14.512754675251516,48.23476123119458],[14.516263990001502,48.23663841789378],[14.518386993837433,48.238310752577775],[14.526662648620796,48.23864921702873],[14.530335678930646,48.2384238835835],[14.534890425846168,48.23760122113535],[14.538220285799461,48.23664263552607],[14.543904934122216,48.23560835762935],[14.546148662482477,48.234169722268646],[14.550694851196877,48.23338133912995],[14.552916689009306,48.23250148692046],[14.55807323829416,48.231687424757496],[14.561441643092982,48.23012075559827],[14.567201197458534,48.22835499538497],[14.569694121588663,48.22800606876327],[14.580540483243437,48.22438321262361],[14.584441901329367,48.22224343845745],[14.588665087604864,48.21883124740722],[14.590897179802996,48.215014369387355],[14.594447261243799,48.21077613078009],[14.599890271982362,48.20575647552193],[14.603467438922454,48.201602745777336],[14.608686893011448,48.196452921247335],[14.61254335645279,48.19420359706199],[14.618059477000495,48.19264393905134],[14.620464597522956,48.191385824204254],[14.622569096865405,48.19019604198158],[14.62723873216969,48.185768392736385],[14.630247805013209,48.18202144758732],[14.631677052536949,48.180837138528624],[14.638194483255232,48.17761741538449],[14.640839520032836,48.17594383171885],[14.643023453041122,48.17460773426513],[14.649867507326913,48.17309334559989],[14.658602110097789,48.171719023020906],[14.659625332267641,48.17056687909785],[14.658198514119078,48.168002463209845],[14.670213260960804,48.1622531961332],[14.677972288852724,48.15966627015414],[14.685579357914088,48.15799181197546],[14.688557444148215,48.15779504574687],[14.691638993987766,48.15840898256581],[14.699325878547267,48.16137484314463],[14.70234398360942,48.16325802054753],[14.703921192776976,48.16750449769941],[14.702746394462606,48.16950555074748],[14.704100533922094,48.171483241157645],[14.708696683596058,48.176506948162576],[14.71249549298957,48.17936993754109],[14.719916136275623,48.179487432131886],[14.72290595214495,48.178882450436916],[14.725557758776318,48.177493745162955],[14.736521752636405,48.17281948487824],[14.74010549871213,48.17564100261662],[14.742749617903632,48.175454280675396],[14.747026280197886,48.17640701203134],[14.753316933524683,48.177193633709514],[14.75880317196169,48.178278333262355],[14.7662172367989,48.179814509183586],[14.77461087388707,48.182048484609766],[14.789413065068526,48.184115324323976],[14.80326959684799,48.188370858761],[14.806348798446102,48.188901198494264],[14.813164873387818,48.18949547763303],[14.82350504820389,48.18959298955767],[14.82605454055755,48.18977754023102],[14.829546574690042,48.19079636516485],[14.837515898992754,48.19443533879205],[14.842418178293661,48.19644249366678],[14.845531967361861,48.20291254786234],[14.847393721836518,48.205103347548636],[14.852151792701457,48.20946738210754],[14.853860494650831,48.21202671893576],[14.854925904550166,48.21374205215966],[14.853555604237355,48.2208303960407],[14.85347217360045,48.222799545487426],[14.854514455251113,48.22620864073137],[14.858245903437666,48.22773822712769],[14.863694011384862,48.22797739770644],[14.869600513084702,48.22894308377979],[14.872166521600185,48.230689254006386],[14.878311153113392,48.23321426603543],[14.882880860379144,48.23345935719385],[14.886361414927412,48.23249501275019],[14.888749868340023,48.229510169421665],[14.890516593865105,48.22867864948665],[14.893994470841914,48.22882257420256],[14.897679994301042,48.23083756338098],[14.899786797254409,48.23157234776701],[14.907097285436397,48.23246224327177],[14.912571434357977,48.23356657478467],[14.91740644161521,48.232974362584315],[14.931178510477903,48.232273497294855],[14.934230385260841,48.23184039556818],[14.93725372582918,48.230903931577096],[14.941654295692935,48.227976825078045],[14.942469871427745,48.22708028079826],[14.947213469413072,48.219992181694295],[14.949503021287672,48.21719049248643],[14.95252411217166,48.212069890455126],[14.953672762229937,48.20904043002137],[14.956460973849612,48.205325032748334],[14.959655590894204,48.2030813602234],[14.96745306986527,48.2011589443848],[14.9713677938265,48.199533558138796],[14.972002113514398,48.201781482004435],[14.9619840990414,48.20467334573306],[14.963165956927954,48.205610336216],[14.96293970741314,48.207214805289716],[14.965600098689654,48.209972917186924],[14.962889919945198,48.211238128359405],[14.961158847514133,48.21561620487569],[14.953708105529246,48.216633660363584],[14.952081599284002,48.216213828688865],[14.9493765953804,48.21983256245666],[14.950899412318128,48.22085382779288],[14.950865934474379,48.222665665803525],[14.952068807052989,48.22363954258149],[14.95524415493351,48.22788131602327],[14.957068067765924,48.22803445406587],[14.960020006315114,48.23137839319615],[14.960401045181348,48.23304254028378],[14.964757635541272,48.23187416891649],[14.96763289954264,48.232504187507885],[14.969828765682756,48.234021225456445],[14.971098251283417,48.23645858132077],[14.969752824428548,48.236814750554196],[14.96753531746318,48.23869824680923],[14.966971385608884,48.24070486548719],[14.967176679359643,48.246454313680665],[14.968523556327495,48.24796062695698],[14.974704890660384,48.249673665690715],[14.977008209443127,48.252970635904575],[14.985001737545504,48.25617682033936],[14.989257710600386,48.25662772166145],[14.989077353439082,48.25873137178284],[14.987817747278978,48.260956004692446],[14.98604981916438,48.26216384747763],[14.987748062397891,48.26827585150616],[14.986233139142733,48.27137440197139],[14.986780236333242,48.27363297883214],[14.986379483557705,48.27653996542223],[14.98738535333926,48.27817776757769],[14.98751925655221,48.28019469153581],[14.985780708807319,48.28346158542181],[14.984767968750893,48.28983203109685],[14.985299087326647,48.29167820985696],[14.983979495192967,48.292976617290456],[14.98457560556074,48.29620241969099],[14.98229724223215,48.299809064582774],[14.982438968167124,48.30334334123506],[14.984009943488477,48.306980890549774],[14.982345078466878,48.30994936778309],[14.983185651652242,48.31154319595278],[14.98249761591125,48.314856271828184],[14.984387808636892,48.317874863347825],[14.983661450777536,48.32000642906198],[14.980541421107718,48.32169321679536],[14.979394985752634,48.32354799871485],[14.975460371835307,48.32431881525098],[14.971361761906829,48.322872296369454],[14.967542966845693,48.323925075683945],[14.96570205329304,48.3238330291071],[14.957468935707764,48.32614378516649],[14.95213246653635,48.3253139574743],[14.950898185885304,48.32389381920516],[14.947896481219487,48.3232843496639],[14.940899818669662,48.324346429341],[14.940889553009654,48.32605880390562],[14.94239425431555,48.32853867157007],[14.944696456681836,48.334060909925796],[14.944665903671181,48.3355943389844],[14.946855469221347,48.337756702259],[14.946435611464455,48.33887302058857],[14.948389063366449,48.341324549394564],[14.949994745112425,48.34136319009255],[14.948596285249488,48.345129576138994],[14.949076880302274,48.34755984306786],[14.950213028353263,48.349110282114985],[14.949392180774302,48.351075726766375],[14.949497516658734,48.353269621226396],[14.951237851506834,48.35414094279586],[14.949295415345635,48.35562558391303],[14.949449004387402,48.357496893599084],[14.951346520968018,48.35818366565677],[14.951026691880653,48.36188522697876],[14.95247793065908,48.36496794493353],[14.952489877089812,48.36720999682488],[14.954833837634789,48.37120858194898],[14.95576558636135,48.37173048572879],[14.956127385059386,48.3743844906147],[14.95856149538103,48.37609994494317],[14.961661862276186,48.37921100464351],[14.961283568720553,48.38249889775136],[14.961981026049653,48.38373019018813],[14.961078608326611,48.389017932735015],[14.957668259152971,48.39048923720491],[14.953821488448867,48.39133843349603],[14.95359394767566,48.392005112113246],[14.95241241152861,48.39088944856444],[14.948536198888878,48.39090307186178],[14.9468030361722,48.39163817222166],[14.942852608558763,48.394334942039215],[14.939339528794422,48.39416096919846],[14.934357695384868,48.395900975166704],[14.929729665771998,48.39490180306196],[14.928615061448902,48.39361567067702],[14.925770528790267,48.39205104960242],[14.923991762988017,48.3917450523237],[14.920518856379068,48.388922758485805],[14.916700556939885,48.388580964833956],[14.914119211788963,48.389181160740264],[14.913520546944815,48.39026024790296],[14.916185345130025,48.39360410014543],[14.916303004159499,48.3948885877329],[14.921042669588653,48.39646606977414],[14.923492795266316,48.39915987525299],[14.927404428021482,48.39872861948372],[14.929201471591277,48.3991062013367],[14.930756491389083,48.40049182813554],[14.933462950232338,48.40115027181511],[14.935791434082297,48.402410421564255],[14.935801689963279,48.403530736496826],[14.939844621794206,48.4069098192455],[14.944714969564188,48.40840232624626],[14.944768966760025,48.411466502528654],[14.94589688142799,48.41225270818074],[14.946590123776547,48.4143441329698],[14.942005066994296,48.414339963606004],[14.939574725598371,48.41601822563858],[14.937926524302291,48.417984820873464],[14.938075904859653,48.41916169371658],[14.9400082946791,48.419924292990075],[14.936160057372888,48.423874845970005],[14.932363079888145,48.42471612152871],[14.928734879736279,48.42413160460898],[14.925412208947593,48.424502749993884],[14.92330241321514,48.425511966967285],[14.918474435822983,48.429307819834406],[14.917447714304862,48.42972669702491],[14.914923305216343,48.428949709771324],[14.91254107890512,48.4291959068414],[14.911399747360285,48.4305647010707],[14.908930825724802,48.4308657047775],[14.909977823771003,48.433018931071054],[14.908937674498883,48.43537910048248],[14.906861820153523,48.437163858953305],[14.905995777892729,48.43958777215211],[14.904352620090078,48.44170644767403],[14.899179725938522,48.445750420882106],[14.89761338272944,48.44738448804878],[14.897510358903036,48.44969931246084],[14.895676135417853,48.45125506882383],[14.890580467228018,48.451098858828544],[14.887383936493446,48.45303618696283],[14.885436829729002,48.453675551344894],[14.880514745952569,48.453577677876346],[14.877288732202903,48.45428791166209],[14.87246828966168,48.45660883355048],[14.870906483602555,48.45960693875079],[14.871188702967551,48.46097228982047],[14.872916010152787,48.462741787165754],[14.874229757250031,48.46507772877569],[14.873782266617228,48.467631577359036],[14.87440066167696,48.46885205018617],[14.873186748876325,48.4709893947997],[14.87114679885103,48.472464856422036],[14.871178880303141,48.473683164636256],[14.867902408869881,48.47501830163268],[14.865998575479571,48.47907093237523],[14.86384804711205,48.48050830103122],[14.869762707869207,48.48164174592001],[14.8767018643678,48.48229454816895],[14.880090704219095,48.48532628347641],[14.88695904553519,48.48730124652097],[14.886796463762614,48.48949931114619],[14.885817252407918,48.49017346136151],[14.88453793197285,48.49311702615292],[14.888409071317403,48.4944343577898],[14.88826077034475,48.49813882929701],[14.889484648826423,48.49966332656134],[14.89429905183426,48.50096925393275],[14.898861811224426,48.50257991071601],[14.904327878641524,48.50180342127135],[14.905406381731487,48.50206537533712],[14.915211687107256,48.49996981772288],[14.916954784896477,48.50289411949101],[14.918827416362326,48.5048678885594],[14.91817106851184,48.506423610629525],[14.91330300048925,48.50717439793937],[14.911653317580246,48.50709043837281],[14.909392601057135,48.50810909016637],[14.908099459749403,48.51234980292631],[14.909738551160343,48.51295942739384],[14.90965685981515,48.51465577812112],[14.903853847897917,48.51890334714696],[14.898906499073123,48.52111204707503],[14.894730640009444,48.52340459993126],[14.888672284958632,48.52449326885582],[14.886732122719712,48.52394537609101],[14.882076717351952,48.525515238145495],[14.879266480982261,48.527540653016565],[14.872313402415301,48.52844246254901],[14.869829130138404,48.527909996541695],[14.86523360261223,48.528254563146504],[14.863881834401054,48.52779556197607],[14.85559086780543,48.52966151864512],[14.85444563325457,48.529250728258205],[14.8513480233864,48.52959468444506],[14.846814938084258,48.53061736176837],[14.842002239410107,48.530773645147846],[14.841719890328257,48.53191051273436],[14.844158270196129,48.53273914486967],[14.844271754139855,48.53386208784457],[14.846559213369472,48.535294902020304],[14.845834236305429,48.536768466016824],[14.840552312854816,48.539717337815304],[14.838626179698746,48.54171711180844],[14.836771698124576,48.54254088070539],[14.835005836543958,48.54471197049624],[14.83262343378989,48.54624259768067],[14.829441996532166,48.54695910075544],[14.82852756052517,48.54788819316827],[14.825733956806431,48.54793771822563],[14.824180120683453,48.54855539645278],[14.820608828045529,48.54821286094777],[14.815316341201585,48.548710387202874],[14.811173493789576,48.54982979191769],[14.809538935520777,48.551725070906535],[14.809620888839984,48.55382096450508],[14.808355569985297,48.55445214731674],[14.805108351921882,48.55668144914191],[14.802219417072914,48.55716898099243],[14.799539324484039,48.55639594300064],[14.7973879870229,48.55640731889512],[14.79235628647892,48.55759958949939],[14.791498917808555,48.55885628052049],[14.78932466380681,48.55998407567513],[14.786065913676458,48.55965188452695],[14.784743017565352,48.55887865431883],[14.781784240697132,48.56068243985534],[14.780047619607478,48.560980721757105],[14.775268228026418,48.559749097139544],[14.772046938999836,48.55626287401479],[14.770502420539849,48.55610364993627],[14.766469890394964,48.55724887997335],[14.763884428713023,48.55889470802338],[14.76146131431357,48.563305566607156],[14.760148103413414,48.56453708068807],[14.752355188058944,48.56437617878825],[14.750901912369057,48.563371705896266],[14.746856238776848,48.563411108405575],[14.744817751991082,48.560510328893166],[14.742318915212085,48.55913802181711],[14.740530074181333,48.559132651142654],[14.740158284831653,48.557093938450485],[14.74153121920232,48.5544912582898],[14.740436241102561,48.552868928149444],[14.736646074185163,48.55223392738966],[14.733512866405684,48.553484172246414],[14.735410615882301,48.55687934626092],[14.732546981637972,48.559126103300144],[14.728829359810923,48.56056374110995],[14.727866439658634,48.56255119732208],[14.721563011843877,48.562994695033986],[14.720912264254162,48.56454254805497],[14.718633829060803,48.56630190993116],[14.718171707461249,48.56849366214951],[14.718817795990132,48.569974960658826],[14.717108707355319,48.57161599857437],[14.714383331832455,48.57301164252372],[14.709062560731075,48.57939904590949],[14.70454146897328,48.58070930088053],[14.700415327452367,48.579953634084816],[14.69767619833705,48.5806940736887],[14.688888364658684,48.58127580160693],[14.688091241534279,48.5828507756514],[14.688226952664776,48.58500109238852],[14.691421293848869,48.58604497138816],[14.693733836865723,48.585402115267726],[14.697322937325833,48.58356936092699],[14.703419064786395,48.58580407155538],[14.704970091507548,48.58781312546457],[14.703215703189104,48.59159375822925],[14.705401014562675,48.59433687278501],[14.708718925015198,48.594772546414994],[14.708495400397883,48.59712351572036],[14.71133453448023,48.598386289784244],[14.715623242140545,48.601454634973805],[14.717605756002335,48.601996219878345],[14.718354997522574,48.603076705437715],[14.711312696257899,48.61814568211054],[14.719335904651496,48.63908058379089],[14.717270259423854,48.6395899271885],[14.715829104864792,48.643875888140705],[14.715192281815192,48.64747329276089],[14.71595585172794,48.64947876155402],[14.715030511387875,48.650256061546486],[14.711263969261646,48.6499727919418],[14.709576326093602,48.65080290214058],[14.715466327347864,48.666787591850486],[14.7196790707219,48.673785968574485],[14.720672548060689,48.67639835335183],[14.721490248705434,48.67653035052997],[14.724235748265446,48.679415463620934],[14.723074711932068,48.6836611255969],[14.72326654563792,48.68592389166963],[14.725074325120085,48.68910711489888],[14.728256739827847,48.691447870232935],[14.728889027360655,48.69308382859877],[14.730652225643032,48.694904389479085],[14.730875107171766,48.696550877232646],[14.73378616614883,48.69962843430407],[14.738011793297394,48.70201358776005],[14.74548121978624,48.70391911714163],[14.747878739668396,48.70344454015347],[14.75288392110644,48.7041653164211],[14.753788257967678,48.70590372070831],[14.754265907789486,48.71002708587995],[14.759488085514336,48.71098350644293],[14.763307822598305,48.71101870447378],[14.769760086025101,48.71181431856985],[14.772637023767002,48.71375257692815],[14.777628427815914,48.715617363219195],[14.78278605341768,48.71903467236522],[14.784039787231695,48.72216841954438],[14.787917609861394,48.724354788345295],[14.79030554408699,48.726911772351],[14.790315702802886,48.72892444928266],[14.791912453432861,48.73068094801797],[14.79441568594064,48.73100134780733],[14.79723389494045,48.73326526611403],[14.798939186308237,48.732382906165995],[14.804121445547203,48.73454687985097],[14.80535366479332,48.734578392881396],[14.80059844544037,48.742385244315905],[14.799753910295403,48.74320614401051],[14.79875787729738,48.74660299659629],[14.79771523443834,48.748083336150984],[14.798939772174123,48.751395446459696],[14.80027333396929,48.75338960150584],[14.802108240548417,48.753969058600234],[14.802474909176468,48.75539303653725],[14.804539103061833,48.75845018786795],[14.805651811074746,48.75846422200963],[14.808721586444149,48.76214534688413],[14.80936918154027,48.76526840182805],[14.80800040388341,48.76803593175657],[14.803604906571964,48.77216978726984],[14.807114067872874,48.774645265075925],[14.805523991119792,48.77814202753981],[14.80588295725888,48.779496905804024],[14.807622985135115,48.77941077925651],[14.810394360327066,48.78106465567623],[14.817428601645618,48.78196051994899],[14.818539606554225,48.78307856560985],[14.821574167316177,48.78440126749281],[14.823297376965838,48.78352439503035],[14.825331696014329,48.781486910017655],[14.826505263821442,48.78118462355596],[14.830138348568992,48.781894153248906],[14.832133758458864,48.782768023104246],[14.835368271834113,48.782748770044066],[14.839758661795331,48.78466433047986],[14.841727804317102,48.783074072522076],[14.842541398164283,48.78068720024166],[14.844010448673528,48.78139699723365],[14.846108811379509,48.7810966553171],[14.84835849168984,48.77800142918025],[14.851960347111136,48.77775786513776],[14.854380034385716,48.77647637812249],[14.85492012592918,48.7779020879769],[14.85987221623136,48.77781088479321],[14.863753239273015,48.7801267805967],[14.864565050587599,48.78128850746298],[14.866607063428418,48.78174832849772],[14.878515393980718,48.78080325481152],[14.881872720740157,48.77866838169776],[14.883562116316138,48.77667981978362],[14.881696096830655,48.77444606252286],[14.881968729819434,48.7725887927144],[14.884204987279055,48.77227236205919],[14.885314038681319,48.770772022736125],[14.890188941514586,48.773085986182224],[14.893922107198161,48.77290784076372],[14.896489048986021,48.772105822087106],[14.899292427701756,48.7699966808178],[14.903427962774394,48.767694630875155],[14.908850689774523,48.76772368901408],[14.913530770090997,48.76926582776162],[14.91419845176872,48.770179017921095],[14.91625447906534,48.7691415561872],[14.917714862852458,48.7692738903304],[14.92041973090277,48.76827617642349],[14.924186880483122,48.768031569941606],[14.924512045854446,48.76748098647186],[14.929112595403907,48.76725479581328],[14.931844100338983,48.76439995316589],[14.9373220020867,48.761992502628914],[14.940306049610452,48.76188803971234],[14.943003942005019,48.762390815908795],[14.94540154810109,48.7635983729197],[14.947644586553457,48.76146118080061],[14.949482931643232,48.76244453389999],[14.95301271434278,48.758780765517045],[14.95595820966734,48.760963369297436],[14.956946703521288,48.76113672254221],[14.958386496256606,48.763175632790514],[14.96095802937347,48.76384768746768],[14.96229233257087,48.76382352871175],[14.964316192394548,48.76502392357636],[14.967386773111693,48.76786934186664],[14.972773347616021,48.76952741050558],[14.976549158879036,48.77304755383409],[14.978055578612132,48.775979951884594],[14.9752667674761,48.77713632594326],[14.977341537994548,48.779845082262476],[14.972143109141628,48.78334760993258],[14.965602651319301,48.78569629623396],[14.953778386647388,48.78849589595686],[14.950641838095658,48.79023321434693],[14.952810547158418,48.79319977675816],[14.95075117514249,48.79471338204273],[14.950531781186124,48.795951322538414],[14.952436319871898,48.79922464940847],[14.953822484270267,48.800080584039115],[14.952526296942228,48.80205448679579],[14.957731685049122,48.80522114701411],[14.956599736576615,48.805993793718855],[14.955404921745636,48.80839286145887],[14.95462880452846,48.81238291843346],[14.95542843722455,48.81462394761509],[14.958147380526679,48.81818842470579],[14.962492358317169,48.82070293150377],[14.96696038109277,48.824599254268456],[14.965777973518598,48.82546064721211],[14.965705272169656,48.828997356775815],[14.964735938994265,48.832042244708866],[14.965549074536655,48.83501347236012],[14.96548709868644,48.8374882660584],[14.969234085494076,48.84032275609291],[14.969286753603392,48.842964155287675],[14.981749502887542,48.8430857191076],[14.981676879418153,48.84671002546135],[14.979208616259703,48.84780532604055],[14.977148591081255,48.85047786161651],[14.975360049583198,48.851500976539235],[14.974955743645166,48.85381898715658],[14.97058424134438,48.8537691501808],[14.971367471664932,48.85554433695979],[14.970047526845883,48.86044682632502],[14.970022130193327,48.863851939214975],[14.970526014094187,48.86466290914268],[14.970161900977265,48.87534740744656],[14.981046791883081,48.875439805808696],[14.98068684685405,48.89165041462219],[14.986135865896365,48.89171089104165],[14.986015681844869,48.89543479615126],[14.985075129117067,48.895943317304145],[14.986922080507938,48.89764615805983],[14.986846432718547,48.8979693143035],[14.988742991973925,48.89799520785612],[14.989856127427965,48.902252684492744],[14.990147089607007,48.90473476756343],[14.989696267679463,48.90666161239633],[14.987518673265352,48.91047339384241],[14.987241639652204,48.91657210488459],[14.983162964416982,48.9201773011543],[14.981080115105799,48.923768128358496],[14.98213113934029,48.92515511556338],[14.978407020702443,48.92712960456865],[14.976246464799054,48.928731409398154],[14.97665195021282,48.93199429931213],[14.980921832845679,48.93317025376957],[14.983745964846287,48.936616863578024],[14.981873043874682,48.94222124087065],[14.977903254934448,48.94447172617633],[14.976355973347317,48.949737388677626],[14.973715380388786,48.956519350294435],[14.97480785624371,48.95884281819519],[14.975040815444968,48.9612284269866],[14.97341935647449,48.97169856138188],[14.975740124818996,48.975153468008855],[14.9753670922776,48.97698166966249],[14.975817103865367,48.97961273675121],[14.977952153290191,48.98109274266641],[14.979787554106146,48.98486920387724],[14.981745722512292,48.98727817377589],[14.98496462544823,48.98876305639622],[14.987242225508213,48.98869401639506],[14.992287898603733,48.99076675234807],[14.993636129379663,48.99261756462424],[14.995047359971757,48.99265310857604],[14.99316537142064,48.99320106241756],[14.992791744644332,48.995214770144855],[14.993812931095484,48.99781172974779],[14.99539142323131,49.00027509673365],[14.99682574146619,49.00149633473233],[14.998016468803836,49.004411228692945],[14.996104402474137,49.00545044435416],[14.994891773892814,49.00503787479126],[14.992222111575137,49.0060435249976],[14.98907196985817,49.008649306626225],[14.987852999537695,49.01054522369622],[14.990602020422555,49.01206504744309],[14.99236065926288,49.01540182403814],[14.993143642738158,49.01577746890101],[14.996896539164563,49.01403524388117],[14.99951300399882,49.013505577388955],[15.000255049338321,49.0121814511402],[15.002631072127663,49.01350722887965],[15.008683173517039,49.015044924491264],[15.01032989526658,49.01745737807153],[15.01287433718996,49.019173595387095],[15.01386708045676,49.01874845012517],[15.016806146546982,49.02071934208431],[15.018951011986436,49.021160570100974],[15.023075215989895,49.019272086542635],[15.025521218976218,49.01625025751797],[15.028740757076402,49.015958003345986],[15.032281620399809,49.01396827766126],[15.035915822916149,49.012543357258046],[15.03823543837811,49.012219471273944],[15.041717745453553,49.013170896313774],[15.048413582812982,49.01554800432112],[15.051409234398974,49.0162063533274],[15.055906984871902,49.01616034733871],[15.057442981959628,49.01535382969815],[15.062651672205694,49.0149111579152],[15.061542687639355,49.012823947771444],[15.064210246544047,49.009467760976136],[15.06450973551722,49.00693548289361],[15.061638219176027,49.00499308804835],[15.061277842962683,49.001519969278284],[15.061655662977978,49.00042794477274],[15.072210915399376,48.99882703403172],[15.078468316423766,48.99852477008315],[15.082918985045445,48.99859803092832],[15.089248232270991,48.99763979835114],[15.097128611075293,48.99557442545699],[15.099791341377813,48.9945323745427],[15.102862904426933,48.996901065404224],[15.104540620398136,48.99949962557857],[15.107602281529852,49.00019387811821],[15.112408879123443,48.99987869267112],[15.119144302655949,48.99794188375157],[15.1211207832591,48.99953292353813],[15.124496859010456,48.99923359302536],[15.12737992446181,48.998422865441746],[15.129666628209545,49.000225184858536],[15.13140766498178,49.00059092254364],[15.134026539867808,48.99833524585057],[15.139991777347308,48.997731151200675],[15.144219463893785,48.996766752107014],[15.153498447925037,48.99398165508375],[15.15585995053525,48.990604496273136],[15.1548346919571,48.987684259205324],[15.154749878028435,48.985522575107076],[15.153875474473201,48.98493820356022],[15.15019466049526,48.9852035999748],[15.148327968104196,48.98297003195485],[15.149337027444902,48.98037704563498],[15.150413741522337,48.979602143754626],[15.156414909566452,48.97860769886285],[15.159265162397169,48.97840100681949],[15.16029870745316,48.976082943840204],[15.156687399800738,48.97279202050643],[15.16115771059737,48.97148384758523],[15.165525614071392,48.967849915514336],[15.165872628157459,48.964887991935306],[15.166954411645957,48.9634588434199],[15.166319640755027,48.961123173589066],[15.16409118198071,48.95926836396417],[15.16178163199684,48.95907608359366],[15.159654712855419,48.95802661839995],[15.158865344265314,48.95568772388528],[15.158955196600022,48.95376228266687],[15.156417502994024,48.95133420685085],[15.155044136327474,48.95065132524802],[15.152605384245419,48.946829260659925],[15.156353704961328,48.94575380172502],[15.157881177124384,48.94374989882784],[15.157467543278031,48.94238199302791],[15.162678080151869,48.94459403049642],[15.165277728053466,48.943726784408796],[15.167402128114,48.943728840098395],[15.168971119228138,48.945552398195034],[15.170382757730962,48.94580880273638],[15.17214195125207,48.94758501171222],[15.174235979730605,48.948385524763864],[15.177107856380065,48.9473038321555],[15.179114424547002,48.94590541627354],[15.184800789205653,48.944455539267],[15.186476787456845,48.94370728860692],[15.19008523729732,48.94533075503652],[15.189449114501107,48.94637220404854],[15.194578686289816,48.948962090972685],[15.197241809496804,48.95289995799841],[15.202529598854474,48.95418770711973],[15.20661976298893,48.95662633543839],[15.206787922326388,48.958219250257564],[15.210014584833814,48.95756665338061],[15.211804656468406,48.95887001782766],[15.215066025640763,48.95952142640061],[15.218839231237439,48.959181342511464],[15.221669314475886,48.960834559976554],[15.225825461466647,48.95968587398438],[15.229746182746295,48.9597741962866],[15.235742253447892,48.95823225661012],[15.23804810836295,48.960089092322264],[15.243624744221298,48.96020309297055],[15.245448989469116,48.958627583508225],[15.250317796114594,48.957407639551114],[15.25728608228494,48.954599024843404],[15.258669983287632,48.95461799799502],[15.259152263269941,48.95828212973462],[15.261779097963174,48.958651538890955],[15.265624497296862,48.95771798380329],[15.266297307009914,48.95896373443249],[15.264848433051329,48.96212148535558],[15.264489387169215,48.96456579692733],[15.262589414961385,48.96473270853257],[15.264371269732832,48.96788846907567],[15.269109230499339,48.96707953397891],[15.272049905182904,48.97122305149659],[15.273293143679329,48.97208870284131],[15.277421289590452,48.97770822293877],[15.279051509029836,48.981439589290794],[15.275165082045968,48.98363655376224],[15.274096589159237,48.985837895011954],[15.273002736565704,48.986526891694425],[15.273293085554332,48.99061601411117],[15.275013333873803,48.995300273403956],[15.279046067397504,48.994754445265315],[15.281778851436421,48.99384451666811],[15.286704542424856,48.99342417833785],[15.28885438104668,48.99101601445292],[15.290637341126303,48.990129071767825],[15.28900177745361,48.98761289125811],[15.28948045993748,48.9863999168324],[15.288251143314094,48.98500701379043],[15.29232908889665,48.98297283915696],[15.294113000250272,48.981399776819316],[15.29690966992135,48.980531048409496],[15.300158730741643,48.9800821512027],[15.302916958153451,48.978606578955706],[15.30931886519329,48.981441616602694],[15.318956553726645,48.97681832333384],[15.323250980926671,48.979235076095705],[15.32676032772548,48.98314902490686],[15.328287773437633,48.98390092001651],[15.3294533858618,48.985514250009544],[15.333273205793354,48.98391862907144],[15.338021431512262,48.984020842773795],[15.340155136717879,48.98476768395882],[15.344248876610207,48.98470798203563],[15.345255335922603,48.98549363452458],[15.350469149385274,48.98474466572855],[15.354678884311566,48.98284177788885],[15.356643808518625,48.98303442041694],[15.363105450487854,48.982401198475806],[15.364197726131652,48.98257139274837],[15.366521566661698,48.980908567564356],[15.369540140593708,48.9802234409238],[15.372747255866548,48.97769609742766],[15.37714124580014,48.976711017138896],[15.381289737288638,48.97452368481238],[15.386251927075573,48.97323388800794],[15.388250840345219,48.967750038427546],[15.390886588204282,48.965898834887255],[15.392998274471148,48.965253002876565],[15.397245361371235,48.964931940613226],[15.400620958814901,48.9641285593319],[15.409474448077464,48.957322612403274],[15.411886266370521,48.956170641023796],[15.416898317369295,48.95470086778548],[15.421975167932265,48.95229599977635],[15.42675608545628,48.95188253615465],[15.432105078491523,48.9506191295714],[15.438200288904381,48.95098725788053],[15.441108393919313,48.95170290424714],[15.44377891875962,48.95091876995065],[15.447731481976628,48.95048571853205],[15.45093911430363,48.94733827725151],[15.453113391201432,48.94597434225144],[15.456731796653257,48.94760922649803],[15.458828545805252,48.94945467871631],[15.462430671991507,48.95096032922922],[15.463590382550358,48.95218644451637],[15.465710717754735,48.95250650920895],[15.466601792387031,48.95134975239427],[15.47080128177151,48.948091870123456],[15.470613864896041,48.94706130901071],[15.474538321031199,48.946389293714155],[15.474259899187766,48.94518623262937],[15.477316451070886,48.94428357430309],[15.4803596916023,48.94440694461868],[15.483522914569818,48.94334565468492],[15.487236749308948,48.941090293105304],[15.49350112442788,48.93993595979363],[15.496140831302863,48.93885890106293],[15.499231727044553,48.93666242340829],[15.499573577293607,48.93358066007993],[15.500570273797209,48.93127785416111],[15.500428092559345,48.928507144570595],[15.502332359258943,48.926938508115335],[15.502623002128185,48.922016739996046],[15.503755922069175,48.91971263614164],[15.506322650566263,48.918585740178735],[15.508799347178233,48.91586331066532],[15.510610351038196,48.914811254519044],[15.518506991174796,48.91322573395126],[15.525169848435558,48.9124451923775],[15.532158006426126,48.91070129230321],[15.538661712799648,48.90861401938699],[15.546250928787467,48.90691513493747],[15.555344225632297,48.90538341981195],[15.55706225072935,48.904894271680796],[15.56671528493783,48.90060168045156],[15.570695268840213,48.898228435254126],[15.575091356031963,48.89657618379827],[15.577902045873168,48.89639104581691],[15.58075316653367,48.89677624245165],[15.584317685813051,48.89668056387212],[15.58873429468088,48.897377952710585],[15.590155999696169,48.89711619039086],[15.598393729602549,48.897891180175364],[15.603873139772801,48.89726696534997],[15.60789435169563,48.89719235760737],[15.609651859076237,48.898943377256366],[15.616816384821187,48.896298413540016],[15.618029344645768,48.894422713957475],[15.622700502537226,48.89176362706284],[15.62245593595713,48.88978700318526],[15.62754656261936,48.88572239595245],[15.630801555347084,48.88526741482339],[15.633996183726081,48.885331451206994],[15.634278626299045,48.88729751851218],[15.636135661419909,48.88798436262045],[15.637194252018103,48.88720651331395],[15.639606261578592,48.88732898005005],[15.641864508422895,48.88574677939751],[15.649903880928836,48.88353410002525],[15.65293639452547,48.88212824777531],[15.654416167612201,48.88002996090102],[15.655974194630875,48.879554987483104],[15.657331329852012,48.87792069323084],[15.661233856135308,48.87596096676764],[15.665508546084059,48.871819591661],[15.666687699595945,48.87021415821546],[15.670978562185871,48.86733798334905],[15.676696868786891,48.86509206481237],[15.679959487939362,48.8626934864518],[15.682962106137131,48.859519884154636],[15.683670182766456,48.85772131648855],[15.686910246183249,48.85636579521877],[15.68979805612949,48.85622182399376],[15.69161308588722,48.85644179208765],[15.695083453976698,48.859107797031264],[15.702526181455454,48.86047051210846],[15.705443559363776,48.86137622353014],[15.710303108635044,48.860706800103415],[15.710707476484417,48.85876555577386],[15.722197781211774,48.85701926610353],[15.72915136819532,48.85652407781343],[15.735327919264469,48.85583920419611],[15.742612715567367,48.85402747263947],[15.74838281443197,48.852836489476225],[15.750881335199988,48.85286553641451],[15.754865051509446,48.855011140969275],[15.760295527291259,48.85861707255382],[15.769229873711707,48.86592198280041],[15.771592454186287,48.86993526021896],[15.776751556907506,48.87557410899057],[15.779060961190044,48.8750718987512],[15.783302172484678,48.87506442824574],[15.789794911618195,48.87459031677751],[15.795172962829533,48.87385601707329],[15.800303328195772,48.87346468205856],[15.803359220696612,48.87292646047996],[15.813636504988855,48.87385637716978],[15.81963163809238,48.873343857952385],[15.824799733754151,48.87173809257282],[15.829976204533875,48.873327751387166],[15.832520032570022,48.87521305599321],[15.834116826104362,48.8775087270275],[15.836792842208599,48.87824785096468],[15.838763951415583,48.87781535419397],[15.840729293056148,48.87593078183078],[15.840535926027437,48.87408127361217],[15.842268461760098,48.872655269858306],[15.846644856667833,48.87069560661233],[15.849212415914028,48.86888780831478],[15.849287820249113,48.86709328876789],[15.848133043908293,48.86607822538352],[15.844414228911255,48.86434041022485],[15.83875170847979,48.862732941947],[15.839079404363325,48.86079207072314],[15.842053543369332,48.8595119117803],[15.848732118265305,48.85833251234657],[15.854662722391769,48.85839924419111],[15.859844555880267,48.85361915254733],[15.862020569424638,48.853079085267765],[15.870649658316216,48.85466254640345],[15.872469166904594,48.85616107421851],[15.871789748413512,48.85876575650663],[15.868510060523638,48.859535459373134],[15.869573448311682,48.8613023327703],[15.874102879238968,48.86022185143515],[15.877916940190614,48.85628590249939],[15.878109572560739,48.85454152020216],[15.877090717056227,48.85321904049695],[15.877406438983648,48.850614076927265],[15.876959656388019,48.84861133535467],[15.878100703489768,48.84648473682863],[15.880920312562072,48.843123577999044],[15.883748341195867,48.84255835519633],[15.887387068056507,48.84377598935038],[15.888556343931622,48.84513894118695],[15.890192867196529,48.84927290114243],[15.893793191365011,48.84964351246366],[15.896014622514732,48.848050259446154],[15.901800342113832,48.84170355617787],[15.902405291547634,48.839597837420506],[15.900033373366536,48.83809812763496],[15.894527674915276,48.838943596655255],[15.892227411868648,48.84111611375424],[15.890043685554312,48.84399731210018],[15.88883216267841,48.84315715587496],[15.888116661508795,48.83931494264987],[15.889031288690207,48.83688954639397],[15.890692507705053,48.83526571260172],[15.892347950133066,48.83515026525083],[15.896841382265205,48.83638140300497],[15.90097843618055,48.836683936455124],[15.904196652856752,48.836218564083254],[15.908695136702372,48.83780005933932],[15.911428925002799,48.837619075092704],[15.913935047039777,48.8393277865756],[15.91706573093537,48.83945837814608],[15.918007242550376,48.83653329822702],[15.919593081191936,48.8355866083779],[15.927674454020542,48.834675077962736],[15.927843516015463,48.83361221155511],[15.924363746166092,48.831608421236936],[15.923901356988935,48.82745250194217],[15.921392544962696,48.82525376104716],[15.922768459481293,48.82381728790849],[15.924823613233803,48.82313911160449],[15.932609018874562,48.81962772612191],[15.937525836997354,48.820071160398214],[15.938536840229636,48.823447211],[15.937464460990606,48.82677860349377],[15.938105871818738,48.82823700308795],[15.94139070773998,48.828682138331885],[15.943415344823649,48.82843054767816],[15.945315721483906,48.826256296873254],[15.943507289373017,48.82535885408845],[15.943939319058797,48.82320477892243],[15.94575649305828,48.82313563704033],[15.952295733183664,48.82439650651062],[15.955603551962932,48.82375278110896],[15.957045154348222,48.821368725540516],[15.952865823585443,48.8182113468289],[15.9492077758342,48.81461626343842],[15.94728993762993,48.80988652461077],[15.946850151389938,48.805942188808274],[15.949833751778815,48.80343482554836],[15.953494467272787,48.80170142329994],[15.956796533176401,48.799141415466885],[15.961940782356491,48.79911225467758],[15.966120724796598,48.797371686654124],[15.967289442397114,48.79600999173755],[15.972273967054448,48.79282016989013],[15.975752372698874,48.79112953591646],[15.983767665852607,48.786724540397564],[15.9881840139757,48.78323257404268],[15.99158676900174,48.78002727717402],[15.99789456692573,48.77804478145966],[16.004240454883355,48.77675097996552],[16.010105651627626,48.77433073029709],[16.01169406957123,48.7746078608267],[16.018252930232748,48.77275636803109],[16.030492815514478,48.76779811037884],[16.040698541413015,48.764077463151736],[16.050059494755004,48.76171227866786],[16.06189523534486,48.75554032964282],[16.07020596243256,48.75321055341986],[16.077571218443413,48.75049290622415],[16.086203511193652,48.748515658553934],[16.090049957246773,48.74756512914507],[16.100111483084625,48.74608853301508],[16.1042396177458,48.74605652908447],[16.1093429484362,48.74658491791989],[16.109002589122426,48.74797917393639],[16.114395226995963,48.74894515283899],[16.115200895038395,48.74738363320076],[16.136165166259225,48.743441784363846],[16.13649569390461,48.74609971443182],[16.140293095605813,48.7449029160269],[16.14711359989114,48.74388583401482],[16.147605128247523,48.745237433986865],[16.150475562300574,48.74594064715102],[16.150194688257873,48.74784585707888],[16.151951942601194,48.749138094042436],[16.158937868775844,48.74818997912163],[16.16248253064994,48.74746532859851],[16.169953515686732,48.74700099104922],[16.174889004812574,48.74579256877213],[16.186228755156773,48.74395604309394],[16.201633643110252,48.74363213684731],[16.220728389706213,48.74079591508512],[16.230977911404143,48.7409219347905],[16.237683056371317,48.74031177527402],[16.245932185273517,48.74031892145416],[16.251199169433132,48.739165153001345],[16.260283004021446,48.73770023509316],[16.261256389876205,48.738793369596834],[16.26555108218027,48.74202868872557],[16.270246299768875,48.74196866816831],[16.275126759309636,48.742206390688686],[16.27901077040081,48.7416727038202],[16.282736868212147,48.740539596438495],[16.28552090626857,48.74088073859709],[16.29385734984593,48.7383561562056],[16.29570023192224,48.739127579208],[16.296245456738095,48.74040836209991],[16.29996144437828,48.74014910975076],[16.302545349342115,48.73934481087892],[16.304259263649612,48.737286103369485],[16.307584971531178,48.73453251543817],[16.310289145302306,48.733756036268595],[16.314735913298044,48.73347587752156],[16.31978115380188,48.73272078518749],[16.324233029865105,48.73267530396195],[16.326863645519733,48.73322898366965],[16.327112090820304,48.731938162032215],[16.330001575098475,48.73281304130324],[16.333455877236904,48.73299508328002],[16.334705083017354,48.735178427805906],[16.337755556145876,48.743761962020486],[16.341017029880923,48.74574559252187],[16.34192360373445,48.74245534909854],[16.34339196406566,48.74146478738337],[16.346969162407426,48.74285353756952],[16.350890385357516,48.74144799189561],[16.354484575595222,48.73851377213224],[16.34867383982788,48.73433526938987],[16.352487625301734,48.732942305699034],[16.355436741224626,48.73074930971687],[16.357621466964815,48.730936948075126],[16.35699545719752,48.72875891866815],[16.363688767756717,48.72873598425747],[16.36655221202666,48.72987804645605],[16.36819010501256,48.729935613705265],[16.37458656225196,48.73166767803978],[16.375123079090766,48.73009241052038],[16.37853144304988,48.730274316980065],[16.38101939069818,48.731361064677785],[16.38152672763089,48.733199790876476],[16.380306556523124,48.73392466930968],[16.38320222909341,48.73575843450128],[16.38552127328045,48.73595665245184],[16.386256154121803,48.73707131031311],[16.38577738581494,48.73958862683671],[16.387645173135446,48.73973292664965],[16.391324568513024,48.737118683908704],[16.396462435939217,48.739026194703534],[16.396932246275334,48.740553711017114],[16.40061351091719,48.74232264279091],[16.401562025172105,48.741217999661096],[16.406758900616822,48.74370675699652],[16.406735491502697,48.74504158063775],[16.409800490098444,48.752312428077346],[16.412162381883615,48.75417983805223],[16.413360128639667,48.75691737879594],[16.419805438181232,48.76260513309806],[16.420324958041093,48.762034810811684],[16.425453394516435,48.76333870658652],[16.432228250167324,48.76632072783392],[16.43483754792988,48.76920028865927],[16.436497531312686,48.7750123419521],[16.43246402647194,48.77727105171848],[16.432991210112693,48.77888601803895],[16.43469407725532,48.78037833243216],[16.437198518032655,48.784529648084785],[16.444979760560486,48.79127559830223],[16.443925945228827,48.79632348268523],[16.445926809612626,48.80006951889997],[16.452077853516098,48.80302164863935],[16.459122953459403,48.80533030271525],[16.45994465130751,48.80707286520406],[16.45626601054269,48.80877313784483],[16.457640579025494,48.80971827365172],[16.461703371572913,48.81058046433474],[16.465964782526193,48.807472509676195],[16.47140378815159,48.80552351608125],[16.475617400107005,48.802965834276776],[16.481908137074534,48.80230302387432],[16.497122297972165,48.80191648254594],[16.51337125565299,48.8033423885023],[16.51586486990817,48.798937620945125],[16.520662035244772,48.80046041285871],[16.526252958200867,48.80472482238798],[16.5253151146577,48.806198756455636],[16.528148794970633,48.807165128878175],[16.530015055061202,48.80836277878745],[16.53128201340749,48.811517501346984],[16.537956912616266,48.81497928564146],[16.542327334491244,48.81099116481144],[16.54382869476329,48.81014875771607],[16.546879584430883,48.807273304490266],[16.552777296090014,48.80432648537603],[16.554998702045474,48.80183119457382],[16.557883606245788,48.7998352863677],[16.55862369014794,48.79836153494781],[16.561958962450117,48.79459304454643],[16.564303821323325,48.79380556813177],[16.571029903500293,48.794200750147915],[16.57381958242561,48.79398102102556],[16.57754501061712,48.79273557785606],[16.579067424110107,48.79286752937398],[16.58571606796731,48.78973257747862],[16.590760482026372,48.787611650745085],[16.59046297544054,48.78348303632656],[16.601609431562036,48.781781958657355],[16.607148474844976,48.78125348732247],[16.612867524673955,48.78165278502067],[16.615481679638187,48.78214677145566],[16.6198347239883,48.78142039404083],[16.624576070824922,48.78145374722224],[16.627832211312523,48.78112350910831],[16.62743834355449,48.78244584770905],[16.62920522789087,48.783417215224695],[16.63051699896063,48.785834860610585],[16.63177795953034,48.78645583883084],[16.638908281199846,48.786576184328545],[16.64572409585005,48.785898360683376],[16.6486497365074,48.78583664445341],[16.651145236510985,48.78513719747175],[16.65245242500546,48.78324087859471],[16.653624651070043,48.78367654812113],[16.656077947384077,48.78263082164107],[16.66010868325229,48.78203870205621],[16.661437204249523,48.78108653887755],[16.661227602539057,48.77622695674861],[16.66362041500509,48.774443660996745],[16.67188136820456,48.77222282962852],[16.674838096206646,48.7672831726741],[16.67678646111191,48.7598605984529],[16.6773960740259,48.75405954894066],[16.67814004285538,48.751660497307235],[16.677850485753112,48.75014522277354],[16.675048468607887,48.74667287689165],[16.671075989234247,48.743394339021336],[16.670774204778915,48.74125765306731],[16.672668683163764,48.73812990091058],[16.676140036950898,48.735696608761415],[16.67751810882121,48.73417387876387],[16.679775730542573,48.72877701111707],[16.679817776884818,48.728482535918694],[16.68585361716306,48.729966964618875],[16.688686892908777,48.73154979804703],[16.690729562781268,48.73339048935545],[16.697562652996222,48.73662758373771],[16.69834997694534,48.73723262093823],[16.701522254606875,48.73575455440495],[16.70479101166185,48.73751319922357],[16.711660111024024,48.73876131832268],[16.72043211931493,48.73888050173575],[16.725675403819487,48.737363327942525],[16.726672230104665,48.73384419790357],[16.730222400114496,48.73423877877041],[16.733352994947765,48.73254767784549],[16.732176829047162,48.73097236855926],[16.733969815257538,48.72995316927325],[16.734684162794736,48.73131688661421],[16.736782670848115,48.73117557674413],[16.741521685059443,48.73246218298321],[16.744512212590028,48.73280794703052],[16.747393937297023,48.72751781906981],[16.749004561759,48.72592106560968],[16.751130340498065,48.72082294287244],[16.75597761146593,48.71948284545811],[16.754517207513885,48.717674049571905],[16.757694009288155,48.71748037802902],[16.760927765825187,48.719337725635164],[16.764565510159997,48.71726055652548],[16.765762398874514,48.715637108053805],[16.77044021135636,48.713179389806214],[16.773017830095245,48.712637442351664],[16.775402750943318,48.71483040391277],[16.779471669751086,48.7134003205714],[16.782775992185496,48.71349785032978],[16.787093673616926,48.7145425764951],[16.78930052772601,48.71260339308027],[16.79372798687155,48.710790796497356],[16.795542999713,48.711498942028676],[16.796894399409105,48.71005287748325],[16.797566857525393,48.70659562583081],[16.799130492200856,48.70800477554644],[16.803292166408994,48.709778211457696],[16.80266062332969,48.711714859402285],[16.803293388100936,48.71285611058886],[16.81356772764089,48.71097716535657],[16.819136285444344,48.71098451449968],[16.82449564197374,48.71178266762214],[16.831495670015254,48.717228675562225],[16.838112977102334,48.71245580833725],[16.838903663785185,48.712183173088846],[16.84394632485227,48.712749182170036],[16.848597187530963,48.71257364400224],[16.858598794977397,48.71302788462737],[16.866668905645156,48.71317656166106],[16.8707820831099,48.71652705914704],[16.869353042043326,48.717567370505584],[16.87157326430369,48.71880151995719],[16.873550150998394,48.72071043673213],[16.87463378287639,48.72301629641603],[16.876430000660122,48.72369067013048],[16.882733624799172,48.71732241659813],[16.884853049650566,48.71729036055636],[16.889014183141178,48.71644185426397],[16.8923391833543,48.71710790924869],[16.895351496015437,48.71674785224557],[16.89797821617827,48.71860973642624],[16.89948925313851,48.71853285141449],[16.901084728163326,48.71662731587327],[16.903038394244646,48.7159351663001],[16.90288051310717,48.71465362866254],[16.900569296467054,48.71417123232056],[16.899690359579985,48.71282761561677],[16.901853579391858,48.71013027263397],[16.90566909423309,48.70839802235997],[16.908044206450118,48.70774646561345],[16.909955729314074,48.70605486322689],[16.910408116461653,48.704151052624006],[16.914021177411218,48.70077084584018],[16.913378190525297,48.69672803861534],[16.915413756650484,48.69487066586349],[16.91571791239941,48.69365405744807],[16.914049410904852,48.69246924501436],[16.912933293806713,48.687769559515694],[16.910897505149226,48.68617738787311],[16.910216877288928,48.68456379445448],[16.910217224970136,48.68217404649699],[16.908444070429553,48.68108890219789],[16.90771280899858,48.67938070352061],[16.90763331618865,48.676666875666385],[16.909964969125017,48.67454637193719],[16.915978420527548,48.673710152203725],[16.919778547710965,48.671363690837744],[16.92044332367332,48.669624718326155],[16.919401521159728,48.66786552187718],[16.92003559738585,48.666202207318406],[16.919278759070384,48.66340732004157],[16.920205110619698,48.65832156466057],[16.919368334853942,48.6561476625159],[16.917253900453865,48.65406125010118],[16.916515630357974,48.65228903982397],[16.916884463145475,48.65035852097692],[16.918170961346938,48.64988646831337],[16.917919129616457,48.645854998906074],[16.9201198838428,48.645030103074355],[16.9242763438566,48.64163679766248],[16.925637128813538,48.63957995053511],[16.92492304735635,48.638009230499215],[16.922916158241044,48.63659043522351],[16.923250555778953,48.633065367787104],[16.920663367273793,48.63211715873297],[16.920736374710724,48.6293258347737],[16.91755657943342,48.62859630874838],[16.916037419845598,48.6266766176597],[16.917398285004435,48.62451916900904],[16.9167759023179,48.62258077201625],[16.918957212803242,48.62232322207378],[16.920849703337804,48.62116044457006],[16.924628043304295,48.61986832575823],[16.93195454976254,48.61991999739943],[16.93671548446502,48.61856243232874],[16.937422475085054,48.617234252805744],[16.936581323397537,48.61512097403044],[16.938862919757565,48.61180871498312],[16.939435064943396,48.61013730613032],[16.93931355112463,48.6073303794963],[16.93867675444956,48.60593956910712],[16.936557096787656,48.60420562814633],[16.932088347684548,48.602928166820696],[16.930875691443056,48.60181162432537],[16.930913554100346,48.60003548308034],[16.93268552053245,48.596637410768594],[16.934320599313974,48.58994734529972],[16.93633661323906,48.58429370907161],[16.93629135348922,48.58209836764611],[16.935461322911966,48.5798771247111],[16.933092225381426,48.5759934223306],[16.933025863106494,48.57154228687546],[16.935745550204242,48.5660678099936],[16.937072657219655,48.56450366422821],[16.941587902027305,48.56132575422747],[16.94206996364178,48.55897176289312],[16.94153202570065,48.55718569023419],[16.939758858409196,48.55420264711046],[16.939913935959893,48.5531083025546],[16.9439855779786,48.54924423004654],[16.94656250233462,48.547751913096675],[16.9505575276806,48.54609997230903],[16.951159479918875,48.54395307354542],[16.94815894706353,48.539361184253494],[16.946727579673514,48.53538631057216],[16.945411087559965,48.533754588087696],[16.942770995414016,48.532524158687075],[16.93925072124751,48.530152828320546],[16.93766140949208,48.5279250930431],[16.937495921612705,48.52668224058604],[16.94112840886425,48.523477290140455],[16.9403983307521,48.52232389615767],[16.938207829582815,48.52144785712423],[16.931773318133732,48.52201026875645],[16.927968262692037,48.52115907160016],[16.918793193899525,48.520902469798585],[16.91688443850872,48.51880601126939],[16.918697640430135,48.51646483655429],[16.91977311018773,48.51509735890351],[16.918207043084507,48.513440511510254],[16.913286226083205,48.513712290075674],[16.91164398196859,48.51316896038432],[16.910328238509322,48.5109547499568],[16.910203647293645,48.5082666567772],[16.911510304585146,48.50463641146529],[16.911206429402846,48.50134477162913],[16.91429386297702,48.49847433412186],[16.914082601554465,48.496041082927476],[16.911254882753962,48.49504292436502],[16.90856529255353,48.49532705320095],[16.905915268689174,48.496631139714346],[16.904709114557463,48.49843549817738],[16.902845248773115,48.499119768711125],[16.899542640707704,48.49911978850393],[16.894723430334615,48.49803957061758],[16.88763671716879,48.493243751611224],[16.887850427594017,48.49089083390619],[16.892862424771344,48.48815380606481],[16.893468699063344,48.48695004867978],[16.891719930991083,48.48402285616018],[16.888053782296037,48.482332723849794],[16.887238785038242,48.480643808946574],[16.887525375365026,48.47813433098599],[16.88661564266733,48.47662801328337],[16.8848578819518,48.476320879455784],[16.882403430445407,48.47707169943038],[16.880248683462415,48.47835584835686],[16.877946595193354,48.47817228864426],[16.873252048753457,48.47231963365944],[16.87199750792503,48.4692222329144],[16.86915017136153,48.467197442793974],[16.86373859998172,48.466783518992905],[16.861331334086522,48.46554334409685],[16.85959795328024,48.46247857487007],[16.856911412846934,48.46031746241192],[16.85762343644853,48.45812288338736],[16.8603200542492,48.45706127248558],[16.86124653927532,48.454909793319466],[16.85946950895371,48.45303422335071],[16.85644673577532,48.451881435805745],[16.85097956193223,48.452018604321395],[16.849181878388002,48.45157233524949],[16.847440615216463,48.45016642040265],[16.84665193980782,48.448323844508444],[16.84794366965667,48.446108265460474],[16.84837565916137,48.43932234589058],[16.84888807258447,48.43563898282498],[16.85029602831986,48.43295236550587],[16.8536470449313,48.42773497684863],[16.856040083523666,48.42460191968118],[16.860590375783875,48.42124178389079],[16.860751476040708,48.419679931790895],[16.859357845974603,48.41826107204193],[16.85114926489329,48.41432800674853],[16.84806129327002,48.4114323137324],[16.847443729845352,48.40934308250613],[16.848118534430633,48.40633700807523],[16.84920223575111,48.4042026132708],[16.8527270308475,48.399005371402815],[16.853061728767457,48.396270986694816],[16.851505247179496,48.394173008109675],[16.848979904995534,48.392625300011794],[16.847682121612667,48.39108331009065],[16.847522326125603,48.38942623990057],[16.84800440101159,48.384447465194036],[16.845735930482782,48.38284603061348],[16.84256775806317,48.38246127021252],[16.840490426661717,48.38280166172104],[16.83675509411137,48.38445369301604],[16.833516668736237,48.3844651752322],[16.8314272403426,48.38344552322014],[16.830446747986286,48.38090942215743],[16.83153012034542,48.37914110827915],[16.83447041517124,48.375938305260235],[16.837448513181425,48.3737517413189],[16.838505453714912,48.37196000911702],[16.838145737392978,48.3696586575307],[16.836684038977403,48.36698579503573],[16.836431216216983,48.36533546373953],[16.83773011823005,48.36254770590694],[16.8394258681644,48.36082317296454],[16.84052657592337,48.35847407630872],[16.839521102924014,48.35453610235895],[16.84040892169094,48.35208958528748],[16.843018609359948,48.35020914818996],[16.846922345950823,48.348864179200014],[16.850510814118515,48.34853590254004],[16.85267850897011,48.348768648491365],[16.857546732335997,48.35000766945278],[16.863067428387687,48.34865220164382],[16.865195936209968,48.34862630847905],[16.86925391105926,48.34969068793109],[16.871235733024104,48.34901821115624],[16.872443172530566,48.347480046296646],[16.872102638148576,48.34570608014181],[16.86767746361266,48.34315749992646],[16.866642431109724,48.3412264879235],[16.86741108936011,48.33979433585909],[16.870435793958773,48.33784165193153],[16.872020988499138,48.33740954334748],[16.878770943321708,48.336630826050985],[16.881248274909062,48.335719036772495],[16.88547323286146,48.33305609045652],[16.88781464690803,48.332389349325304],[16.891737037226637,48.33214249153806],[16.894656645720975,48.330100496080235],[16.899112423997728,48.328434778729566],[16.904578010832964,48.327419832777174],[16.906200394257116,48.32639413161236],[16.905958259660604,48.323636498659354],[16.901981181899874,48.319536103625126],[16.900496107862246,48.31860389463594],[16.89566859128434,48.31689028903166],[16.892395909001664,48.3138839801984],[16.89177644298098,48.31158179416919],[16.892700871429717,48.30928399503768],[16.895427433305322,48.306071452272114],[16.896422026779298,48.3037849696564],[16.897106752899976,48.29996383563771],[16.897937963088,48.298573169937285],[16.90273795623741,48.295073015779025],[16.90384624123224,48.29086457613386],[16.90538227088254,48.28838739094001],[16.90990048123081,48.28415821813756],[16.91247743438001,48.28118110444454],[16.916205953313025,48.279098299970116],[16.917420903337977,48.27690347401861],[16.91710930067617,48.27475198665977],[16.919146646983933,48.27317681299914],[16.92186346774522,48.27216901834611],[16.92841369302445,48.27158923059678],[16.9337175540517,48.271809216441966],[16.937516303944584,48.27141527697603],[16.941408490344095,48.27146325285561],[16.943407047458432,48.2710512939817],[16.946078604728974,48.26969798452497],[16.94895039390708,48.266740695989085],[16.953705600410427,48.26498469816764],[16.954469285064043,48.26348497361538],[16.952899984184395,48.26142455700116],[16.949336383327477,48.25837219940928],[16.947006411198302,48.25293655224221],[16.94704913568533,48.24996649227986],[16.9457481577117,48.2466825803755],[16.945326814811157,48.24426283576504],[16.94394269904882,48.242356488730884],[16.943289734595712,48.237804298985125],[16.94398979661468,48.235045511416196],[16.946855952923258,48.232151208984035],[16.95223812780409,48.22914850399233],[16.954772406271235,48.227194828250205],[16.957685252413402,48.22388766968692],[16.95900430640973,48.22152287025847],[16.959323827464573,48.21818137235134],[16.95916133307314,48.216062441958364],[16.959960476317118,48.21375616815744],[16.962445595683892,48.21092164777336],[16.96427794978369,48.20596490223676],[16.967418415776862,48.20153776668672],[16.96862021590696,48.1974554401833],[16.970030014154688,48.1950566350079],[16.97297416868469,48.19162812125254],[16.9736655686134,48.190061819837084],[16.973712503062217,48.187143457456784],[16.974615205548737,48.182175967288394],[16.972714228354146,48.177296570964145],[16.97334065223632,48.17295812671726],[16.97345215550714,48.17246868867948],[16.98176124085694,48.16868876241572],[16.988416606277717,48.16384908231642],[16.991582849804335,48.16179246328401],[16.99678075091509,48.15929581523624],[17.008684173675356,48.15455607583008],[17.011738923949494,48.15275122060672],[17.015074123107173,48.14983802927478],[17.018064126068214,48.14611192091179],[17.020921291694783,48.14369589134345],[17.023762897991713,48.142210681775296],[17.028836198750472,48.1407815727801],[17.032149961381702,48.140466111447516],[17.0382997014552,48.14103148627869],[17.054416623559316,48.1444578290167],[17.054585109270057,48.14247188699753],[17.058164041708206,48.13962337986791],[17.058860538877983,48.136694180358695],[17.057368870592953,48.13645307672415],[17.05928604428249,48.13323465712462],[17.064627365557456,48.128299721992754],[17.06437766155605,48.12722376603666],[17.066064977491674,48.12481252996268],[17.062143093420204,48.12394082100346],[17.059408008536607,48.12371991846312],[17.060009292275424,48.12217953412516],[17.0639703389668,48.119372977795],[17.05924784937216,48.113934208453244],[17.06081278761751,48.112067880386846],[17.061150451891013,48.11051632051876],[17.052070936165457,48.108184782852774],[17.0478331225614,48.10591689832233],[17.04104552038781,48.10432288578532],[17.03863907015679,48.10235921907265],[17.036929042103335,48.094354786208996],[17.03496039271161,48.09122003862542],[17.033224294610196,48.0849940261275],[17.023952245521915,48.08711644407569],[17.021483144648702,48.08786754703773],[17.00974102191778,48.09064935518055],[17.00437190427233,48.09215768227161],[16.99977786270923,48.09338510101555],[17.005349551660267,48.09531006476234],[17.00974521405896,48.095742859604115],[17.022654372767562,48.099062866127156],[17.025996395350088,48.100767293766864],[17.022633404545488,48.10199672696224],[17.020329562031215,48.103406715740135],[17.019491391154595,48.10503303057311],[17.017389553341275,48.106313686144574],[17.011784167284922,48.104812167945546],[17.00980070513191,48.10489013476179],[17.00660787249785,48.10324536681822],[17.00218490122393,48.099767838886706],[17.001191615038863,48.10011511611053],[16.998647738338015,48.1028474843747],[16.99508675688021,48.109778326838715],[16.992829795165875,48.10950971288931],[16.98377462656014,48.112100974566474],[16.982176733824193,48.11196863947291],[16.982699222478594,48.10792658263153],[16.979290336813047,48.105293913389026],[16.975805227928767,48.10441662133704],[16.97334638305508,48.10663526132411],[16.968312239323314,48.10126385975401],[16.966300757794922,48.096722265511104],[16.96908425102945,48.09599070391296],[16.975036046420218,48.09576421189949],[16.97894368857352,48.09385738562112],[16.983752966690833,48.09052799503756],[16.989719828398655,48.08822059995017],[16.995991166528455,48.084821275472564],[17.00276544243104,48.08194016300543],[17.00641958505403,48.08012205036971],[17.01423426807456,48.0747432497097],[17.013523461741293,48.07421258671947],[17.01000410241087,48.07015459851696],[17.006602605959436,48.065228731031844],[16.99739908271976,48.05736281352219],[16.994066214156327,48.05304740317108],[16.992176702706487,48.04953035777993],[16.990966118475157,48.04615674102818],[16.988108764925602,48.03990777178259],[16.985383942503713,48.0327778158854],[16.983857280875263,48.02979046946671],[16.980644783038475,48.02664613200365],[16.976462992548196,48.024146715444346],[16.97176283504504,48.025397725505506],[16.970466833744606,48.02427253925325],[16.9695170023759,48.027470346931345],[16.966191013958028,48.02688375933133],[16.96736298398077,48.028013606426164],[16.96583257127061,48.02962707093822],[16.96616631066425,48.03183405341145],[16.968510607373737,48.0347277518081],[16.968984548218035,48.0366019656812],[16.971383808197334,48.03503582348526],[16.972247974381897,48.0361840362987],[16.969365268057267,48.0393099081292],[16.969360532956618,48.03997091628262],[16.96627578135448,48.0417175630268],[16.963687799205573,48.0416218676673],[16.958676117710567,48.04304667650742],[16.95855441811483,48.04396053528815],[16.95574190689691,48.04454389009221],[16.95280627635586,48.04599405703213],[16.946830977618998,48.047940346533444],[16.94254714357964,48.047609166180834],[16.94125555232728,48.04834070526333],[16.93853376500693,48.04829462832306],[16.933960264038465,48.04929743911834],[16.93131217477989,48.049002502077386],[16.927172500390775,48.04979379184971],[16.924210601330397,48.0513689222679],[16.920344571362744,48.05113166833235],[16.919611868433986,48.05190561703331],[16.916816721378442,48.0517050485051],[16.912439984108136,48.0573978763389],[16.917193327553033,48.06358598742425],[16.917307409648842,48.064827035824216],[16.91556446476504,48.065537553261805],[16.915711572049354,48.066901677366126],[16.913661258606172,48.06841677290977],[16.910973889502973,48.068883622675095],[16.90931836924936,48.06982341182827],[16.90525424025335,48.07052785794524],[16.901505578559604,48.07170756911927],[16.897133488409665,48.07209781996208],[16.895189350360358,48.07469751944829],[16.893227500968916,48.07322499865343],[16.891306491242887,48.07452937923529],[16.88731102455309,48.07523223840254],[16.88563089841701,48.07423211290157],[16.885342616150773,48.07199328575571],[16.8819169220978,48.0708783082788],[16.88023533517909,48.06920455000823],[16.877583250633986,48.069023847252964],[16.875793063479954,48.07005641253098],[16.875784860125485,48.071343173588616],[16.873520480978023,48.07122391247598],[16.871311734331908,48.07304320397352],[16.86951868788246,48.07160152990979],[16.868224540210548,48.07185958658496],[16.86701717380337,48.0690031842205],[16.864787573316185,48.06758682667849],[16.864433218396066,48.066477094454434],[16.862207324482046,48.066398591181056],[16.858646428001858,48.06429963600733],[16.85826430206965,48.06260700853394],[16.85491028462545,48.06153816346552],[16.854572650193763,48.06008011290526],[16.856395741379654,48.05867351243701],[16.852823505725638,48.05532462299024],[16.850701666226982,48.057092530714485],[16.849281844108553,48.056653230041924],[16.847849542811094,48.057930608877165],[16.844861392610046,48.05738889873033],[16.8433412231854,48.0561938756266],[16.84345442947205,48.054149760451516],[16.840920190591415,48.051966315322154],[16.839619773611485,48.04668997812445],[16.838145360764443,48.045140773503306],[16.8373062068748,48.04654037491807],[16.832922313375885,48.04557953890061],[16.830730813028527,48.04395529200014],[16.830630169377027,48.042982794599276],[16.8268036156376,48.04114958593693],[16.828503098435107,48.03901691278213],[16.831153460830077,48.0396041573626],[16.83354881182011,48.038006991046764],[16.83426167468468,48.03394665812771],[16.833944855961814,48.03253727619548],[16.828189834869864,48.03053846988256],[16.825388139976685,48.029851275277565],[16.8224484323827,48.029842217267436],[16.81863176973348,48.02930134971323],[16.817398579621557,48.03070492534211],[16.81432103653401,48.03043793728883],[16.812476036786038,48.031196620598976],[16.80995281044741,48.028831579306996],[16.806467216662682,48.030379023920894],[16.803888039259363,48.028972604824006],[16.79982226710495,48.0295898987181],[16.79794426830658,48.02819215922959],[16.796894535391466,48.02963683648202],[16.79535805540548,48.02893249616499],[16.795211835060858,48.026110708130716],[16.79288110297862,48.02428959554607],[16.789102347178787,48.022934563979724],[16.78249686470108,48.021670085187324],[16.781828457670283,48.02311253073674],[16.779274320731343,48.02381148242122],[16.778474784735668,48.02225850363486],[16.773388693912164,48.02044453636877],[16.770232369048212,48.02034902705432],[16.768953671425574,48.01871188483654],[16.764487587130056,48.01801295276944],[16.7621852161683,48.016145574718365],[16.758389737926134,48.01531632355254],[16.75711002055999,48.01436256816846],[16.75390541828488,48.01402402026785],[16.751922461018623,48.01451647494316],[16.748757979997304,48.01305548937364],[16.748147443326882,48.014768680555285],[16.745527267840938,48.01472773539466],[16.742910616238735,48.01571660435802],[16.739503017825047,48.01382669964244],[16.73671274031816,48.01476164556941],[16.73499437222608,48.01328242891595],[16.732778139932485,48.01036848848905],[16.73134000506084,48.010311766797166],[16.728455582381475,48.01198614409515],[16.72592512355183,48.01128396714634],[16.724917364377223,48.010011145780794],[16.720092680049618,48.010872841454855],[16.714957133841285,48.012364472918065],[16.709663506960293,48.01343608783845],[16.706175101015315,48.01297088034543],[16.70225619260016,48.010433611189],[16.701227123790122,48.012716265777755],[16.699325155015398,48.01234541497467],[16.69865760887174,48.01003253395232],[16.698027066203743,48.00548442455013],[16.69812669479779,47.99828759552801],[16.698552888144,47.98901646606047],[16.696455558778347,47.98845848383337],[16.6934083640154,47.98879800690634],[16.692819730235797,47.98713671974644],[16.69312534255648,47.98220974088658],[16.696631953311503,47.97943430902131],[16.698409667384464,47.974499943912654],[16.698948387488212,47.97224018629115],[16.696593186276466,47.97164884723451],[16.696522833325837,47.9669928163785],[16.69128496743881,47.964828681466216],[16.688385052444023,47.96511268916822],[16.68587904846041,47.964258259381126],[16.6833010883332,47.96176475191169],[16.67739671458082,47.960522860247984],[16.670166979002847,47.96108196288547],[16.66576147275853,47.95992849178303],[16.662417861038595,47.95776385758359],[16.661920789753697,47.95755818872558],[16.658709950590413,47.96051973931656],[16.656499205966632,47.961857281427086],[16.653030556944938,47.95945726766805],[16.6505610460827,47.95854278831323],[16.648859843357762,47.95642545558972],[16.649536345113244,47.949905462743644],[16.64603687125557,47.94889969519567],[16.642054982170944,47.94848906142711],[16.6399417613532,47.94732906320628],[16.637013055109616,47.94663617645925],[16.63196667483679,47.94676933377249],[16.630198989309886,47.9460629444228],[16.628184367681563,47.941723949807965],[16.62793187478126,47.937322359327055],[16.629113866608552,47.934487523744856],[16.629303767916955,47.93410193548187],[16.630029934503956,47.93167232405773],[16.62946071261268,47.93008710640329],[16.625771488602687,47.928082536820696],[16.622009700891493,47.927098873373374],[16.616996020580736,47.92262424887699],[16.61374535802673,47.920398398004195],[16.609450931832406,47.91637299005841],[16.60796589634272,47.915602717190836],[16.605575246026643,47.913049268193646],[16.59964356018094,47.908068424443535],[16.598302918969292,47.90626231171639],[16.59453528022339,47.90458679138213],[16.59175032266577,47.9033800241629],[16.588520964351893,47.90266367608338],[16.586500595349435,47.90128278731727],[16.58552555478306,47.89868681743517],[16.584148648451407,47.89662612230912],[16.581927754153995,47.8948356134912],[16.58058927444174,47.89230160808898],[16.577502815389312,47.889302841196105],[16.575750344718816,47.88814413519246],[16.571232259949394,47.88696873231212],[16.570090057463325,47.88922547274551],[16.570989780218202,47.89222426985423],[16.569932557608645,47.89424693675666],[16.567982349903357,47.89605383496032],[16.562563898948476,47.90022394754099],[16.55780529291213,47.900690086085014],[16.553827258228083,47.90277555434006],[16.551196605875493,47.90735956020791],[16.549887454722835,47.9108424837896],[16.54893027808159,47.911968910980264],[16.543533823824742,47.91522970063885],[16.54328056493468,47.91642799026507],[16.541264906285953,47.91743113456719],[16.538264510538703,47.920369002731974],[16.53715123666316,47.92218684241228],[16.530482624352945,47.926676356039785],[16.528476503325585,47.92972300421772],[16.52591074615764,47.93105449645425],[16.52361002709936,47.93293631932908],[16.522308887416802,47.934814729150204],[16.520587223684817,47.93550700813384],[16.519580471753823,47.938750909841914],[16.51802088078299,47.94173234964785],[16.515899532448145,47.944264537338306],[16.513776984289166,47.94344337228998],[16.512344031358193,47.9437756061758],[16.508077829952875,47.94237067527615],[16.507841221657007,47.94069100955411],[16.505602455700828,47.94144479761918],[16.50126851290307,47.94039425703335],[16.500367229343723,47.94130386310326],[16.497240462088083,47.940926889905846],[16.496805166488553,47.94222546021717],[16.49442968814792,47.9416884625856],[16.492486386298218,47.94239249017692],[16.488569072956587,47.942380116319235],[16.486860268044296,47.94366640392111],[16.484137850597012,47.943315047107724],[16.48226875030325,47.94210545716942],[16.482100981661603,47.94062674139826],[16.480153443179827,47.93919173132252],[16.476469923364213,47.9380466640688],[16.4740097301155,47.93902473601098],[16.470620697686556,47.93807046545131],[16.46763031231001,47.937848366018],[16.46392159540831,47.94055349611249],[16.454461186175237,47.93655712613228],[16.45208382729562,47.935180364333526],[16.449579415505003,47.934958462722626],[16.44530166752789,47.93433040515596],[16.443706460466846,47.93114257572488],[16.44226537708702,47.93006418697699],[16.437468812092337,47.929358514046946],[16.434305365944294,47.928236885871414],[16.431510226466735,47.92520679701823],[16.427394737896314,47.92139358897164],[16.42446125375935,47.92051287675217],[16.423654881683145,47.91949660693984],[16.42453817407256,47.91689020098563],[16.421221695864926,47.914735029464396],[16.416429314731115,47.91362847498975],[16.417943194981547,47.91179220116598],[16.420815445642486,47.91257854345788],[16.41957282351695,47.910146478211026],[16.41728469503608,47.907366783459416],[16.419513619618794,47.90459373513048],[16.42002654599533,47.90262218974607],[16.41837332230842,47.90094316484236],[16.41793769236924,47.89862547566192],[16.416327157506235,47.89740996107877],[16.416877166955228,47.895036235063884],[16.414994402951283,47.894740761225194],[16.41390446956895,47.89629478772215],[16.41187428167624,47.89627645478136],[16.407059155629252,47.893784240910946],[16.406804659943244,47.893117727507],[16.41343854373979,47.89113274970107],[16.412494642696384,47.88992713240632],[16.405379193442045,47.88506143610022],[16.409704131430967,47.8821257877116],[16.40604396763073,47.881597162455],[16.402052488880486,47.87846663776349],[16.39751998812681,47.87666784446129],[16.386112966164124,47.88229641225812],[16.38194995545313,47.87897672493447],[16.380403138549486,47.87937746477308],[16.379864999603505,47.87697313029638],[16.37907554952281,47.87572709948071],[16.37732920473072,47.87532325485266],[16.374976295250992,47.87384053737623],[16.36812732701101,47.87202511933119],[16.366298444959657,47.870863040218],[16.360604711146035,47.870738463922265],[16.357887871331755,47.86980608378058],[16.35494254080568,47.86715601074243],[16.35209011244565,47.86676194325132],[16.349913361343553,47.86783156495834],[16.345205623935428,47.86884180661631],[16.346365809808866,47.867223597004916],[16.35483985649648,47.86243928484708],[16.366518109505336,47.85543700664281],[16.371726354412612,47.85318242791672],[16.376017367531638,47.850581119413796],[16.380836585625442,47.848310522898174],[16.383141973841898,47.84623747418547],[16.385240987025778,47.8432579477047],[16.379470660445733,47.83954271079832],[16.377558874320556,47.83735984384231],[16.369158520407016,47.831777922477904],[16.371174238248408,47.83063847019483],[16.374408353813276,47.82801619560718],[16.359575179437723,47.82395074491146],[16.356278452429102,47.82353905538041],[16.35197571862428,47.82140801243818],[16.349505588752802,47.81946748345696],[16.347042545201496,47.818389075828776],[16.345293494686167,47.81632526163722],[16.34714804378549,47.81089647543165],[16.346152098267762,47.808818566386],[16.34592682493152,47.806478045405925],[16.342081083418424,47.80365388036895],[16.340734234474777,47.802098109359996],[16.337517907757018,47.8037600300629],[16.33199236876965,47.80266980843753],[16.328820566862625,47.80118640175806],[16.328109754807254,47.79988334521496],[16.323395615508353,47.79481210245384],[16.321743396213705,47.79033783669129],[16.320492447313082,47.78890991141475],[16.31614467365124,47.78657279322559],[16.312839520214343,47.78528870451298],[16.30470355525594,47.79150478217774],[16.306644772201317,47.796140341521756],[16.308098254266437,47.79757605633394],[16.306333345531904,47.80235646805083],[16.305062535774486,47.80410302826675],[16.307936936936596,47.80419886827242],[16.311957931569385,47.805467504057916],[16.306207192123022,47.808005364612626],[16.293318635236744,47.80973776845852],[16.286257943341475,47.81113230843729],[16.283111982106668,47.812154047917055],[16.28069185564128,47.81159202358389],[16.27652469312747,47.811299106001435],[16.27450812262988,47.81048401455381],[16.273606208359617,47.809318419774264],[16.27053711683366,47.80347066813258],[16.26895405065499,47.80191968295538],[16.266269288123137,47.79710217961421],[16.265862489508265,47.795627634146925],[16.26596696179286,47.79177241507691],[16.271251870259885,47.79102837168653],[16.272554784125518,47.79366190505146],[16.27614063195354,47.79332505423945],[16.278999958819856,47.79242001109562],[16.281275698638275,47.790688918865996],[16.286999679507446,47.78934031419941],[16.28874682501764,47.78943605910281],[16.297232979995506,47.787414545213366],[16.300132885386287,47.78626599461412],[16.300996147580765,47.784991214374024],[16.29999197196688,47.78158840752942],[16.29751275131965,47.77877275960734],[16.297295906908893,47.77664174686686],[16.29441845878447,47.77344715821582],[16.293142472448896,47.77072194680294],[16.291060676242008,47.768887953466326],[16.293434535983767,47.76707248395829],[16.29430331957786,47.7630882098674],[16.29560707465297,47.762426246673286],[16.296561008927558,47.76188094970652],[16.297044264177366,47.75935692190332],[16.29599360863322,47.75721017026196],[16.296490887464714,47.75445763375793],[16.296061162936844,47.75256824710371],[16.29663464724125,47.749521222966095],[16.295186203443173,47.74736633435635],[16.29218792465994,47.745950475984266],[16.29159137420424,47.74496516439523],[16.292853913209843,47.74298347359984],[16.293849121236537,47.740583497764575],[16.293124952843197,47.73950522857166],[16.290198115202934,47.73738108211443],[16.28952952419765,47.735901972424166],[16.28905445752071,47.7317138863025],[16.28833885175159,47.72940171829275],[16.28866359188275,47.72731151250168],[16.29067103913168,47.72115199500532],[16.289855651818204,47.718959441874475],[16.291305643361103,47.71787885552755],[16.292270048199715,47.71600852539431],[16.29806510337164,47.71035307527327],[16.299835008523768,47.70726731875706],[16.300633544427328,47.70393656963642],[16.30030893217875,47.70149597433758],[16.30171446950495,47.69987805760437],[16.301935505857315,47.69790741383257],[16.30633345433366,47.69610853538658],[16.308064258276104,47.694120357658505],[16.30605804347305,47.689783869303945],[16.30626007036071,47.68786961112027],[16.30913771885126,47.68796094361622],[16.31458647050641,47.686555352824584],[16.32098198217421,47.684020871094084],[16.325185069195904,47.682191167476056],[16.326855792761922,47.68084538855069],[16.33046595284646,47.67935162677603],[16.33278922383485,47.6793002303566],[16.334704827936854,47.68042352457406],[16.33737563518676,47.68043337435195],[16.341685117374585,47.67956637119885],[16.342280313028827,47.68071957986932],[16.347585918832316,47.681371338052564],[16.35227232516281,47.680250951343986],[16.353910123786463,47.680223516491566],[16.351641341578052,47.67798630396415],[16.350623446787324,47.67487203098114],[16.34896075810212,47.67250451591579],[16.353718634220634,47.66809765207521],[16.35789023174665,47.661238565544046],[16.35701529253241,47.659158003847594],[16.3598436273341,47.65420983409452],[16.362886770082607,47.65127657788959],[16.366915375569338,47.64820809187813],[16.368897599879414,47.64550272488998],[16.36972106462448,47.643182430568785],[16.36927627094741,47.63998246012196],[16.368477533430408,47.638624691264],[16.364895232295204,47.636517075470074],[16.3677314931707,47.63019360508145],[16.369504366291096,47.62798939934167],[16.368659942050208,47.624099289675925],[16.365635638027992,47.62167218314241],[16.36422105832594,47.622111189045256],[16.359880306116235,47.62205502590859],[16.351468586347465,47.620673936555335],[16.349141375445583,47.61865956833707],[16.34518853574774,47.61687490226074],[16.34798171111142,47.61405766520601],[16.350800158057393,47.61186609248419],[16.35047660436295,47.6098269123548],[16.34703110797014,47.608932897675444],[16.34596179142165,47.608180404706786],[16.345988256493666,47.60643924674559],[16.344306899106236,47.60491675202061],[16.34157804623995,47.603496687062126],[16.34023241429409,47.60318834503349],[16.337025079377973,47.60380100604788],[16.335553832926408,47.60296700607577],[16.3310835467916,47.602086176710024],[16.327644254078894,47.600080117233894],[16.326147932393376,47.59853889801604],[16.325966417376815,47.5959785415367],[16.32792103198582,47.59257255033099],[16.328181570547695,47.59020133838872],[16.32674463514965,47.58796315621618],[16.32737375123533,47.58312677664943],[16.324678687647097,47.58076428617005],[16.323774268983815,47.57834095550249],[16.32133694245927,47.57741032076939],[16.3184564629188,47.5742191243232],[16.31670516831122,47.57015250475649],[16.314928832543064,47.568732754288355],[16.310379184086287,47.56604267323226],[16.310561169674923,47.564126249919966],[16.312569033226406,47.562547791509736],[16.313056575639205,47.560403190151874],[16.310931210534665,47.55855324210584],[16.3103162850913,47.556084850610844],[16.308928591258343,47.554749924479204],[16.308266008034803,47.5507388646646],[16.30641875795848,47.54719097210015],[16.30882983906983,47.54416049376486],[16.310899424541972,47.54343328881605],[16.31343312313319,47.54302902159353],[16.319825444258264,47.539583319369676],[16.3212588173451,47.53745355123451],[16.323331196294692,47.53618660902008],[16.32533245708026,47.53337693845737],[16.324944451056716,47.53198307072968],[16.32773942114085,47.52898471227183],[16.333359267187017,47.52767042802674],[16.335062226864615,47.52655734494709],[16.336230089921248,47.524785829049264],[16.33702672494733,47.51960842602928],[16.33602359442026,47.518192706478835],[16.33689793466329,47.51686862264116],[16.33454157273049,47.5144553970586],[16.331324328090314,47.50912833787741],[16.331372306260775,47.50670760317983],[16.329645438479588,47.50491035594956],[16.32323939419537,47.50126437188481],[16.325058512747056,47.49856934594768],[16.3191622185569,47.496023014537215],[16.31803676050826,47.49440856379773],[16.31504953441316,47.49315599908619],[16.31180060871159,47.49081878943859],[16.309204166132265,47.48966027694157],[16.313033120138403,47.486667499952894],[16.311520144465604,47.48361774907326],[16.306906956545866,47.48069928477112],[16.303473980476433,47.4810753970542],[16.296231659024404,47.478404202031186],[16.30258605464833,47.47529850764978],[16.30214062786255,47.473098767451205],[16.301142283776777,47.47190964511753],[16.30004525471295,47.46800666235224],[16.297072985655827,47.46668791734683],[16.291133278275716,47.46626523160098],[16.28741693030597,47.4646944423818],[16.285491064394463,47.46276279505166],[16.278874156355673,47.45742920267301],[16.27829728927083,47.45583072325187],[16.274364027934453,47.45652175894858],[16.272271357498813,47.45585464370187],[16.26975369992567,47.45751913689071],[16.26713329551412,47.45683673927781],[16.263964191715335,47.455129016472505],[16.261542516028236,47.45324678084764],[16.258437036523677,47.45326547945843],[16.25706233646483,47.452297208998736],[16.253824817630072,47.45205696530323],[16.250379469394755,47.44879197302711]],[[16.205295593469874,48.264791213360155],[16.203232992515,48.26377526610896],[16.202074301656424,48.25829842972248],[16.202939521087803,48.25727890267806],[16.200059995243432,48.25538992829446],[16.197724182424416,48.25455822646992],[16.195054632944938,48.251651290346665],[16.1935404286642,48.250611784028436],[16.193500634761786,48.24834311747025],[16.190765921782706,48.24398133419841],[16.1917061478275,48.2411930370852],[16.1912950109321,48.23834362128349],[16.1902169275368,48.23543264176015],[16.190817011441514,48.23410330268634],[16.195278128412525,48.23207738073161],[16.196152370791093,48.230523688487814],[16.191704842073168,48.2293229662233],[16.190426413085746,48.22781791776295],[16.187917759334677,48.22630689254793],[16.183627891002924,48.22526339858865],[16.18239186839708,48.22390134272117],[16.187197532813897,48.22377857072302],[16.189668821892347,48.22419737338638],[16.193321524415694,48.22403570803854],[16.195453058496575,48.222504085130964],[16.19226282741909,48.22025074059754],[16.19331924316411,48.21754648885204],[16.195108012783766,48.21487207589778],[16.199038117690552,48.21312853753803],[16.202304902406386,48.21280487466789],[16.20566254204069,48.21168015088954],[16.20684527350569,48.210322071676345],[16.204759368487544,48.209233394569026],[16.202611527389166,48.207132258050585],[16.200313315898104,48.206618556816665],[16.199488284094134,48.20476871867529],[16.203119701569264,48.20311186728542],[16.20461564491174,48.20303439441751],[16.202499440677556,48.19843350120996],[16.201185709825822,48.19707355391574],[16.201162552362472,48.194567768050575],[16.20028260447406,48.191644836791184],[16.197036539291,48.18685956072124],[16.193134978651425,48.18450812805586],[16.190471280928943,48.18132901474786],[16.18733545049532,48.179582016703584],[16.185014489180908,48.17780016490158],[16.184777966875888,48.17456327361473],[16.179122869495856,48.17172505807664],[16.18179613392682,48.16963761567828],[16.190954190587004,48.16704939705835],[16.19342166551304,48.164646266705155],[16.194670594313596,48.16161121530866],[16.193921801133712,48.157251174150495],[16.195198488648696,48.155241722116926],[16.195449764713647,48.1548332323236],[16.200683146158408,48.15620187755454],[16.22042735257546,48.15387843224085],[16.219847827441974,48.153065385935676],[16.21668236031291,48.154035449267475],[16.216187115474433,48.15274966962712],[16.214118723058736,48.15193162296874],[16.20994733954141,48.15141900308464],[16.2076828071812,48.149970530412],[16.20708090134603,48.14831773880361],[16.209786662202973,48.14654284993353],[16.21320506628596,48.14279083644514],[16.21362797532731,48.1416676935293],[16.21596518623722,48.14122400495522],[16.219768043828484,48.136179788847485],[16.222036820212484,48.13664192753924],[16.230094640422333,48.13750091848953],[16.23565795676397,48.13785240282892],[16.233913016511266,48.13515220325929],[16.235919671993503,48.13466595272695],[16.23583930877932,48.13274259194817],[16.229346679943543,48.13170163731876],[16.223089803923354,48.13008273173518],[16.215319946458333,48.12876260702782],[16.21280281637583,48.12689715301274],[16.21399347471111,48.12536829971673],[16.21613475852249,48.12445729479323],[16.21843076462859,48.125405467206306],[16.222751181809326,48.12616536751681],[16.226346919323102,48.12784698736299],[16.233277686765547,48.13070412384979],[16.241658791607673,48.131890443441996],[16.247401277645462,48.13170933361515],[16.25080692453412,48.1305214148705],[16.254447165332632,48.13032591886145],[16.258967948086188,48.13153126428988],[16.26133512600281,48.133116335983814],[16.264424575994266,48.13427342400874],[16.26836587673504,48.13454448872623],[16.271210189857353,48.134215298432984],[16.275035759367675,48.13299901062038],[16.277991275325665,48.132666920816725],[16.281106691236474,48.13085089109566],[16.285052896842068,48.13153527785636],[16.295080095194596,48.130186359275314],[16.29577743156106,48.126017999864594],[16.298051009195053,48.12519587447568],[16.302037226362646,48.1224489106661],[16.306878128561195,48.12032734325253],[16.309429782935833,48.12022714306248],[16.311149574229173,48.126284605980295],[16.31550712181364,48.12556768506248],[16.316272504466557,48.12647715063179],[16.319948573669507,48.133412690630976],[16.322254684276057,48.137004433955596],[16.321827213952385,48.13848672084602],[16.33829034860876,48.13520451463083],[16.343181162497814,48.134036757139285],[16.34810587584767,48.133280856036066],[16.355367035948476,48.13008026682222],[16.362860914712996,48.12936740383815],[16.363113841196046,48.129094678210095],[16.368780032496517,48.12798666848083],[16.373521854871758,48.12775849839814],[16.38171146725224,48.12688419061092],[16.38556577135256,48.12606494554488],[16.388242857533225,48.12519141498595],[16.395300520158944,48.12404848556242],[16.402346059392283,48.12267766601159],[16.402072428963656,48.12162976785466],[16.404494293979166,48.12071173427448],[16.40551616564338,48.11859752369969],[16.410046375913776,48.118937473447055],[16.40892925727312,48.12105470445306],[16.417718826159387,48.121327781603064],[16.420130498661283,48.123759871092815],[16.42486491405272,48.12230726771741],[16.434246243952863,48.12062596106924],[16.431720901733982,48.12486707861119],[16.43137761125914,48.126130998814524],[16.43112893079508,48.131731655515125],[16.43003104369896,48.13230186940585],[16.4303509264911,48.13856930386962],[16.43344804359402,48.13867258550262],[16.450602077089048,48.139603986968346],[16.45356687354168,48.14068478191816],[16.458240736410634,48.14348219754779],[16.459142522885845,48.14359556304821],[16.463302149489365,48.14723330307846],[16.474064925186653,48.15462331537247],[16.4757103554131,48.15725530904309],[16.477281965403947,48.157248216599676],[16.48536561696423,48.155872039426875],[16.490662721411276,48.1595090217773],[16.495654616200007,48.1569016422635],[16.511013602174128,48.1596215500773],[16.51379222944392,48.15913956983313],[16.522403699759053,48.15540312249012],[16.523992063968752,48.15449919245959],[16.537430934140016,48.145341115278384],[16.54055899753159,48.14390363000495],[16.545553840426052,48.14261660253692],[16.556426035136703,48.14036508303817],[16.563515974381808,48.138580468879134],[16.57325705011586,48.13591277512623],[16.573692586419227,48.13772285843162],[16.574217561105915,48.14513007099916],[16.574680004356818,48.15201347151685],[16.573190187600453,48.15396311878347],[16.570536055954005,48.155865545649746],[16.571922619912506,48.15705143484843],[16.573598390251085,48.15961101296077],[16.572384215774022,48.16251497149362],[16.57028468422565,48.163886802569905],[16.568312727001388,48.164417347942255],[16.565369815470728,48.164305038155426],[16.5608987811199,48.16268790663471],[16.558844279369016,48.161059567089026],[16.555088201850534,48.16479625478614],[16.55144217975035,48.16485427454789],[16.552480351268017,48.16270643212561],[16.550278259444433,48.16275200232795],[16.546999352965738,48.165341828961395],[16.54744830863109,48.16673582277857],[16.545566939090453,48.16776351297557],[16.544617201942543,48.17067087990003],[16.544804831897256,48.17202493163727],[16.547872410501085,48.17241891858864],[16.54818548532779,48.17374527368154],[16.546677240216205,48.17775077321999],[16.542982535565205,48.178582157560065],[16.54127639705807,48.177516587301724],[16.538891672939304,48.17764052728801],[16.538352698278523,48.176508831626414],[16.54102157294062,48.17572727810044],[16.54197767263267,48.173550042095755],[16.538159505256832,48.17414160234907],[16.536200610733108,48.17351555081873],[16.533911172240874,48.17414968447545],[16.533606408447053,48.17530502040078],[16.53634042524182,48.17545092338024],[16.533509707881418,48.177768384145324],[16.534917376729002,48.183214304361165],[16.538387721071196,48.18149337287654],[16.538408027584623,48.1833448865013],[16.535209103903597,48.184076519691786],[16.53586250367868,48.18736460276124],[16.536919661410717,48.189530986577594],[16.538995894395168,48.192132635047535],[16.535271142255688,48.198981898963105],[16.53350027525358,48.201134401858994],[16.53527636009834,48.205422224651045],[16.541460922924212,48.21331732478387],[16.543216655932003,48.21691450973785],[16.543817304109208,48.219413416048305],[16.544126983788253,48.22406771478497],[16.547163746744573,48.233372671016014],[16.549971211397587,48.23969285403885],[16.545074900467675,48.240974705052096],[16.545430421309295,48.2433878992736],[16.536642054824277,48.243530825875844],[16.53836546973825,48.24845015478671],[16.53991108127995,48.25519352335217],[16.54420825354776,48.26369178826104],[16.535828750561876,48.2649343311153],[16.53026618606623,48.263590085378],[16.529856741768306,48.262794941583486],[16.521763618555102,48.26423017112548],[16.518046652881957,48.26528362729321],[16.516397201481702,48.267678456453076],[16.51007824579736,48.26853175106686],[16.51134732934983,48.27171948398948],[16.50652285894748,48.27380202878306],[16.503905100948554,48.27429456418365],[16.50608876206744,48.278041693414785],[16.508782490141517,48.281392963228946],[16.510048351476332,48.28197158746151],[16.512124331592528,48.28622670147884],[16.510443350613716,48.287869446076314],[16.50499010058677,48.289150685575876],[16.4994138251528,48.291052237931495],[16.493379055878755,48.292583077101575],[16.492434872898826,48.29334738669993],[16.478608738740245,48.29386326000429],[16.478149147580343,48.29129894417894],[16.479883147532487,48.28243754811535],[16.480689545806946,48.28062401829184],[16.478953241279026,48.276859055732764],[16.478463690037366,48.27412547568351],[16.475344933216018,48.27467790006255],[16.471936075452582,48.276008516001454],[16.464548591532974,48.27951643258435],[16.45785711190365,48.28315694199398],[16.437630624152003,48.29261407533503],[16.43745273719385,48.30445161937736],[16.436770669437717,48.30718232179684],[16.435321075335363,48.310100285062305],[16.435085690441348,48.312628482515045],[16.435524896455558,48.315180203028696],[16.434987484050755,48.31750416651291],[16.425226930412876,48.32107384619422],[16.42204357026664,48.32251093037333],[16.41712738217217,48.32334782689964],[16.41404789167938,48.32322166429504],[16.41009707979401,48.3223681134972],[16.401447089619236,48.32001742137274],[16.40010610530025,48.31745526040222],[16.39421626715406,48.318940417669694],[16.39134623825305,48.319955569312945],[16.392523205818485,48.320969979329575],[16.39239950424916,48.323256351480374],[16.38823721275019,48.32305109595433],[16.388549136651015,48.32161616591123],[16.386606259332993,48.31973653701957],[16.382408786475413,48.32015026783323],[16.378914974312043,48.31779980502046],[16.377649766396964,48.315751251599266],[16.37780978937434,48.31356234756722],[16.37967927652496,48.31113796345473],[16.38106502478186,48.30787766719905],[16.380295039415447,48.30600089417305],[16.38209405337591,48.30459815281562],[16.381126810231116,48.303411704112534],[16.381608325479615,48.301998177956264],[16.377045795184216,48.30270128214784],[16.37495220672601,48.299239417441775],[16.372787126162105,48.296619284860704],[16.375677787647223,48.29354540174456],[16.376175963301193,48.290537712306055],[16.37507395498617,48.28900878699374],[16.36789384660376,48.2885102962251],[16.364896604526596,48.28787671491256],[16.3639901901061,48.28654649536922],[16.36506241909377,48.283902176736305],[16.366455011434415,48.282751592889156],[16.364113968118364,48.28172973081649],[16.360411753940745,48.28299603442784],[16.353184316827658,48.284042653322786],[16.350732596400462,48.284382536617144],[16.345350017416408,48.29117155014308],[16.338427715701506,48.289662284793934],[16.3403819248931,48.28830749636387],[16.341700947175422,48.28580864296009],[16.33390001375684,48.28251837678462],[16.32895272792346,48.281223006156566],[16.327538702856483,48.278712289589244],[16.3261873871381,48.277894931432535],[16.32230084681217,48.27814284466056],[16.317943842980178,48.27889366497292],[16.315312417586174,48.27790224377396],[16.311804873544666,48.27467785173231],[16.30881726513261,48.274607666479476],[16.305590722088198,48.27313353802526],[16.301734387350074,48.272476657840365],[16.297569302368423,48.27400237840451],[16.29450824591732,48.27268513811938],[16.29170786913146,48.27286846457839],[16.28624185195569,48.271205267703756],[16.284952476892958,48.269234270709816],[16.28322132746788,48.26831480926743],[16.284025606744898,48.26710661420134],[16.288539799711515,48.267389709637555],[16.291305760601237,48.265218628965286],[16.289322351699344,48.26292244183169],[16.286722179986135,48.262429212783616],[16.283506063749623,48.260378835224216],[16.282784673675316,48.25901822523876],[16.277283266332027,48.257460321812914],[16.27274634190552,48.25771308627463],[16.269487217059133,48.256882904137726],[16.266541510613592,48.25469490452592],[16.26757752254829,48.25256926929195],[16.261944158712616,48.24999030824581],[16.26256655316761,48.24899451123956],[16.260885333418884,48.24751716634109],[16.258234110065835,48.24618077897322],[16.255937136765272,48.24676388728586],[16.25539187448021,48.24466171711639],[16.254019483406466,48.243598431429554],[16.253842706615437,48.24057601187154],[16.247327974232615,48.24099163353443],[16.243054096985773,48.23963688524035],[16.238761362149564,48.239011958901656],[16.234989233273563,48.241479393645555],[16.23453266342397,48.24347197927541],[16.238269435518237,48.24907172558543],[16.233488965292537,48.250679943143254],[16.2310602053596,48.25097255934359],[16.227167253349727,48.25373634272474],[16.220840505174667,48.25695741124183],[16.218567035913612,48.258886893441804],[16.212552705837556,48.26063634017922],[16.20718225642251,48.264446030771985],[16.205295593469874,48.264791213360155]]]]}},{"type":"Feature","properties":{"name":"Steiermark","iso":"6"},"geometry":{"type":"MultiPolygon","coordinates":[[[[15.062313842013335,46.65277657493685],[15.061685652154576,46.65474476800668],[15.061180311340403,46.658833800456776],[15.059560316287266,46.66031425074696],[15.054993030425885,46.660728112829084],[15.051075854610085,46.66243939944615],[15.047263574627713,46.66650926828524],[15.046486905846074,46.66786843976786],[15.047912068762704,46.66998885999749],[15.04710672085381,46.67086634623896],[15.043821990272765,46.67025514546104],[15.04116521920731,46.66923268195102],[15.0409983419507,46.66795380309595],[15.031828075929337,46.666589064894275],[15.028654818897811,46.66791270109462],[15.026200970064004,46.669458640717394],[15.021723960006229,46.67044019676584],[15.019625740465425,46.673181695863434],[15.020062243760343,46.67470478509143],[15.024764619670169,46.677937434927124],[15.027655850457352,46.678709090731324],[15.0275599074889,46.68130546241287],[15.029863250042851,46.6877660699817],[15.029736862085285,46.691963442544186],[15.031605304277402,46.69514263602534],[15.031231439993983,46.6976694878022],[15.032266440621632,46.700024487392206],[15.031738278662282,46.70654187541808],[15.033790776024066,46.71015243194796],[15.035768147735947,46.71174576972445],[15.038522604900079,46.71257657043184],[15.041555125969827,46.71537750231759],[15.041245142830672,46.717293144486746],[15.039478767649438,46.72158463624366],[15.040710044580157,46.72173045787932],[15.038753215970061,46.724912155063244],[15.036618391500053,46.725376184818046],[15.03474364579633,46.72658990893666],[15.033067000270446,46.72896430810732],[15.036399777913168,46.73283672291089],[15.040473451527498,46.73296702299582],[15.040431944379849,46.734539038052034],[15.038491645007134,46.73672445408834],[15.035620986831123,46.737350670607775],[15.030743084079916,46.74285334993648],[15.028749900382708,46.746421499326736],[15.02943678865783,46.74867727793442],[15.030812862046057,46.75007230112643],[15.028181818952818,46.75466259700421],[15.025431044147908,46.75682032456304],[15.024440232693525,46.760047939775696],[15.025495443808941,46.76325141246299],[15.026567754877254,46.76339816214948],[15.02801097252234,46.76576807985672],[15.02799354274714,46.76958745497648],[15.026667558830807,46.77101068182232],[15.024090723443765,46.772063450858646],[15.023921707667302,46.77304219840865],[15.021062568052644,46.77368521211504],[15.016509810171055,46.77386171661333],[14.99479817122681,46.779505838233625],[14.993871884429375,46.78153279916539],[14.985353844256988,46.782412030136896],[14.981093634278167,46.78239841576524],[14.976108936305245,46.7841638083791],[14.973464266422333,46.785491239529],[14.974566835044723,46.78832439517667],[14.975945100897093,46.789664251996236],[14.97670006152296,46.792206525543165],[14.975977820120798,46.797076098178046],[14.97703630484979,46.80167320763522],[14.97907036621321,46.806642573354104],[14.981726285566426,46.80897850369887],[14.984918982124872,46.810146643020005],[14.984723035797103,46.811518826534865],[14.986899372626509,46.81662728980565],[14.987584916617868,46.823127387390386],[14.989661640214571,46.82390411381412],[14.992648415446066,46.82818262231979],[15.00313394997897,46.83249763886374],[15.009295048562624,46.833306109029664],[15.010587862902035,46.833907409973726],[15.01172095896831,46.83597426842267],[15.013569789095763,46.841147340519],[15.016832434338669,46.844960815216176],[15.007212117064983,46.85522556061765],[15.005951063925052,46.858652003898584],[15.00562568624404,46.86214669589474],[15.006389183160636,46.86471568635013],[15.007844359869715,46.87255900548687],[15.00556008846362,46.87485496639534],[15.005125916904259,46.87708290790887],[15.005425055975238,46.880570359407294],[15.008476133490461,46.880763148717435],[15.012112493120615,46.881946353479314],[15.014640425839806,46.88548452758471],[15.014607920231208,46.887839387238536],[15.016043070621519,46.889905881203504],[15.016585296820498,46.892677181520234],[15.018818624478177,46.895655445595764],[15.01971813773897,46.89769962503009],[15.019140379389269,46.899307148731914],[15.021098847448007,46.90015890922235],[15.020996348276334,46.90344928035228],[15.022879275673692,46.90484033386831],[15.024980056767498,46.908385121833625],[15.024207631891255,46.910440804398895],[15.021738315245932,46.91392972002428],[15.018003746917573,46.91611403922629],[15.017251530733285,46.91700216860785],[15.01761894772554,46.91958913767729],[15.014326927868044,46.92338403618975],[15.012050954719038,46.92497906479746],[15.0105253064992,46.924959345414486],[15.006930108925365,46.927090190489444],[15.006020962441713,46.9287891971688],[15.003673967286762,46.93073168398768],[15.001579767628341,46.9304968390628],[14.999066112505565,46.93213838309721],[14.996241140193153,46.9316011568074],[14.99595590494189,46.93310615775268],[14.992062216466914,46.936382163159216],[14.989906498837119,46.939054952764465],[14.990588469663683,46.94255187209336],[14.988131763564144,46.943805694779606],[14.986422461426352,46.945390385319975],[14.98621219461009,46.94753874268676],[14.985087525808073,46.9508449288386],[14.982890558790377,46.95391290469758],[14.977634338340588,46.957587437644555],[14.976599869615336,46.95957842755672],[14.97627436272628,46.96427024751562],[14.973274090661588,46.967750951940516],[14.96993341479217,46.969223855659784],[14.96836619759234,46.975147797289445],[14.967252385366539,46.97558926011673],[14.964212540723636,46.97904147719081],[14.964696848249256,46.98014275032159],[14.964149997281826,46.982472194636294],[14.959237076215263,46.98504803930041],[14.958171339942234,46.98710147921715],[14.955948177942615,46.98918684872774],[14.953004104157502,46.98992673717186],[14.950478377599383,46.99114783551827],[14.949491188320737,46.99242554976015],[14.946529029735691,46.99370064857636],[14.941168428242047,46.99318451799191],[14.93582826197534,46.99366519592054],[14.923909764168737,46.995988152642504],[14.919297219156705,46.99748579323432],[14.91658778854203,46.99767786561858],[14.910539802462138,46.99958105970259],[14.901192939612505,47.00100476031003],[14.896509521113327,47.00427869431537],[14.890949557317263,47.00722021947299],[14.88804918452767,47.00904476954366],[14.885154504301093,47.009674558903555],[14.882741006492154,47.01187740670246],[14.879107436941043,47.016866524306174],[14.873662860362577,47.02034341480643],[14.87043924234395,47.02323031793995],[14.866647849794205,47.02396363902783],[14.86344841604795,47.02512038738758],[14.856412091194855,47.026028242011364],[14.853271623980193,47.026741672194994],[14.848569534628993,47.03052020878821],[14.84417882509954,47.03364454740318],[14.84211910632234,47.036262424077776],[14.837591061351297,47.03907630803648],[14.837841540344384,47.041844110650615],[14.837312371329212,47.04298955000276],[14.84073119858725,47.048330256093536],[14.841676489061658,47.048805304818195],[14.839631224887166,47.049349633865646],[14.832408982496062,47.04894791597706],[14.82986128530787,47.05002849271761],[14.827742214325907,47.05027668563559],[14.821877019699432,47.04846000138914],[14.820779774084638,47.04646920442981],[14.819120125570214,47.04520561788907],[14.815258375244614,47.04450279536792],[14.813726080875048,47.04249258919216],[14.811132526128153,47.041497267310454],[14.809513510257956,47.04166230383264],[14.804868436560186,47.03965683447575],[14.802517930580377,47.039703271983356],[14.795194075832706,47.03916535347871],[14.793157561713372,47.037497945018046],[14.79094132331161,47.037176504343186],[14.7874384201871,47.039110988515354],[14.785729399685222,47.039580296659274],[14.77997319860071,47.038090456303564],[14.776883614803324,47.03861166855497],[14.771524903004831,47.04001782848264],[14.769610553128777,47.040124568206316],[14.764361641024447,47.03920375447934],[14.757083976178276,47.035758999477345],[14.753539187123467,47.03479085676008],[14.752037055338532,47.033786315484164],[14.745867477695683,47.032999533037554],[14.74011838754254,47.031115690361226],[14.73861611162479,47.03104204179421],[14.734178932103358,47.02899461929242],[14.729417463322438,47.02746451081204],[14.724983387068905,47.023455944863215],[14.724081972981718,47.021964923041686],[14.725711497568026,47.01993065818387],[14.724908570241979,47.017375535542875],[14.723102044820864,47.01924151012795],[14.719799107692014,47.02132686397413],[14.715394982213356,47.02041420426594],[14.713200778079347,47.01886764064104],[14.71043481246022,47.019548345610616],[14.708988719614725,47.02092322078875],[14.705500708454924,47.02064783256945],[14.704171915319352,47.019741190896994],[14.701208673412028,47.02062131246659],[14.700088689967806,47.01905111846673],[14.695861526766844,47.01698773271139],[14.693458907318933,47.01824491994937],[14.687372217592028,47.01954360677861],[14.680127348804081,47.01895787323225],[14.677227902391333,47.01832124305379],[14.674128907104254,47.018377669438635],[14.667142890292553,47.019011485952305],[14.662050561943595,47.01902024165732],[14.653688513127857,47.017417384526134],[14.647266554115616,47.014829215787906],[14.645693644456006,47.015178749667335],[14.640697457157342,47.01469958163146],[14.636026219531102,47.01549730431715],[14.629802457898258,47.01424566568261],[14.624948149152406,47.01428298253796],[14.62033884641038,47.01005771350899],[14.619022140038199,47.00728976914164],[14.615699055261489,47.00462044099206],[14.614236050510282,47.00273627158041],[14.612463774440057,46.998655758835234],[14.607028836315571,46.99931250887186],[14.599636156172021,47.001561715077706],[14.598580575379547,47.00135912752798],[14.592847000397327,47.002282371684814],[14.589967696937787,47.00234019383327],[14.58732741453828,47.00441620229421],[14.583124270383646,47.0124232984338],[14.575954063121488,47.01325015843217],[14.572606247596244,47.013362423622084],[14.570409612798166,47.01269282606594],[14.56255763946117,47.01325746498125],[14.558289785030524,47.013046663285046],[14.555375335586888,47.01407928284401],[14.551602403470326,47.012530974768005],[14.547814950424698,47.01228294964533],[14.54577495874827,47.01350889079328],[14.542513023220142,47.013922793844785],[14.541409246332552,47.01313472049833],[14.539122108823767,47.01334593562387],[14.535477967987832,47.01252337900328],[14.529730734096098,47.0125125343157],[14.527053817414917,47.01150313732141],[14.524371909843047,47.009902685816435],[14.522056513024669,47.009811673113944],[14.518212548622195,47.01035857401842],[14.51636079714031,47.010133022873895],[14.513187446748955,47.01065566645624],[14.512795642572437,47.01176326387433],[14.513567617933212,47.014129945720725],[14.508881723043839,47.015848012101785],[14.506998373893541,47.01580692979148],[14.504920840140462,47.01736538023457],[14.50054747074724,47.01948679871216],[14.50109357741021,47.02165502787283],[14.50033850057107,47.02321733333953],[14.502370832170994,47.02483205765562],[14.502144268348003,47.02718424919459],[14.498361987026833,47.02705140842538],[14.49577580293338,47.02651322983677],[14.494166522353366,47.02693175413248],[14.491996046774512,47.025588168059194],[14.489349880176634,47.02565544513176],[14.486280451016066,47.023490219588034],[14.48319554624582,47.0232790654355],[14.481460975516853,47.02192537907093],[14.478616198547975,47.02151271114041],[14.475145720328584,47.02010605161978],[14.473510955273039,47.01883907134938],[14.472622588745619,47.01687311794018],[14.47183660300996,47.01254755590243],[14.470502937652775,47.009333873374764],[14.4690500355669,47.00841794284422],[14.467734104914781,47.009835893408614],[14.468291387815285,47.011590931609156],[14.46576336303967,47.01197189154368],[14.462355210618528,47.01103792311937],[14.459892380105751,47.010845873911556],[14.456999734498197,47.01223874406104],[14.45616345044934,47.01458263849],[14.45422832954925,47.01231373759496],[14.454485695975062,47.01051333966583],[14.456864781513538,47.008868611915474],[14.457368362166264,47.00731953414115],[14.456626253854273,47.00587502164259],[14.457073526151573,47.00254781084565],[14.45553706777873,46.99830966419606],[14.453883623846167,46.996645302556864],[14.44600859282176,46.995185600492384],[14.44484510668745,46.998679773928735],[14.44319857546533,46.9972425898655],[14.440228709983105,46.996858275315915],[14.44001823324667,46.99781023157831],[14.437326011713573,46.998305727449704],[14.43634567379345,46.99746703855462],[14.43167742826746,46.9977563450135],[14.432011721708443,46.99927425048026],[14.427516304462216,47.00068339843636],[14.42739604891257,47.00118650442543],[14.425974200419558,47.000332363845324],[14.428163797326281,46.997788845424495],[14.425553859682974,46.99689818928166],[14.42403119930357,46.99752689943976],[14.421659004751623,46.99678360820615],[14.421276362982288,46.99533650826544],[14.418659884605574,46.99374683118723],[14.41591452908149,46.99372499378756],[14.412381887540858,46.99282105814594],[14.409396603112812,46.99102770737094],[14.404226828490605,46.99062567663152],[14.40132774753472,46.98893343878232],[14.399284490614319,46.98838654108442],[14.395816364224626,46.98337576879343],[14.392524359676074,46.981027839744186],[14.38958314068628,46.98086844093202],[14.3884932050816,46.98270053329697],[14.38628396276642,46.98219202254893],[14.385010353061066,46.98105506717389],[14.38310411039435,46.980704132635076],[14.382245217297099,46.98350758664878],[14.380076664258118,46.984088942035875],[14.379045755915817,46.98778481910794],[14.378839907299954,46.99078388473407],[14.377534870423487,46.99240026080084],[14.37463808540877,46.99285331597737],[14.373995759717268,46.994464738301794],[14.373955478854045,46.998600057858035],[14.376824448055597,47.00374693468214],[14.375571057787552,47.00537333793724],[14.376784844752537,47.006887813721626],[14.37466000959345,47.00798607417166],[14.37573885270453,47.00944015835867],[14.379844311114981,47.013493704161725],[14.378782230432842,47.0162037904915],[14.375107242118917,47.017852362779294],[14.372091497927213,47.01825558891355],[14.369095160339826,47.019548338694406],[14.367876507834406,47.020672212517375],[14.367597660287396,47.02281317776256],[14.364991165115777,47.02373521275978],[14.362945421611302,47.025362723406026],[14.36064047709303,47.026005936281514],[14.355464418532318,47.0252686783147],[14.354113799332396,47.02601159872104],[14.352296680843411,47.025714764830816],[14.349116443530995,47.02622557401162],[14.343123697421046,47.02671193055369],[14.340639994896652,47.02627874773729],[14.338175342548976,47.02449241095297],[14.334812528421352,47.024933345914654],[14.331113694185007,47.026627749774505],[14.327397088037056,47.02984590762905],[14.325717579134102,47.03049579929844],[14.315691410188252,47.02866167841386],[14.310670748205524,47.02949586769602],[14.309153845266213,47.02919315193871],[14.30703871261476,47.029824461031886],[14.30292069428537,47.028297728507006],[14.300229403810489,47.02956696099666],[14.295915154318617,47.02756256741559],[14.294529896731476,47.02834519857117],[14.292785000955611,47.02774058581941],[14.28822389803058,47.02743294120769],[14.286829912031594,47.02644546169706],[14.285335478811847,47.02673011122606],[14.284248277753777,47.02860703051441],[14.28025828695902,47.029715590225926],[14.276605605463041,47.02729939203857],[14.274337912420345,47.02770792515835],[14.272202034051345,47.02722240700666],[14.270908501994851,47.02903035215695],[14.267837148658506,47.03009831246004],[14.265180687065104,47.029467029844426],[14.262493730494407,47.027931592217236],[14.262039878638683,47.02662414188736],[14.258782030461521,47.027640111224564],[14.254338551726242,47.02994329250729],[14.250172728312451,47.03372213623443],[14.247435367803876,47.03543067977286],[14.24532215797702,47.03497317854172],[14.240656762538961,47.032246767774936],[14.236952727270012,47.029113265998646],[14.234893334266026,47.02906133305401],[14.233089424866602,47.02874773554644],[14.232236104985565,47.02653071848637],[14.227727530743264,47.03248491211988],[14.223322818297197,47.03466004386273],[14.221651211821085,47.036180536693195],[14.220482593733776,47.03919908629201],[14.220630192468073,47.04177731817998],[14.219713486697309,47.04292744750973],[14.220068872393968,47.048868010329606],[14.219429428751328,47.05116983316102],[14.216978723975954,47.05425835067352],[14.21644757473841,47.055998174512695],[14.214758343858962,47.057722687893346],[14.213456576449483,47.058076514361204],[14.212532125287918,47.06098717064917],[14.213674459490164,47.062376942978794],[14.211666802387484,47.063458421530164],[14.205328825339063,47.067798806615],[14.202081248729232,47.071881296694336],[14.20161192965963,47.076618998898965],[14.19962181928544,47.0766044867391],[14.194036981295797,47.07336656588436],[14.191007676005603,47.07311609280571],[14.186795219202704,47.070914413988255],[14.185220868549973,47.06875951805107],[14.182201098722773,47.06748050345794],[14.181124661047674,47.06614778835986],[14.175989700508618,47.06543353528285],[14.173412079411522,47.06318468293222],[14.171538873776692,47.062960238292675],[14.168887611686777,47.05851507270679],[14.16684121510655,47.058066597751576],[14.16454223595315,47.05588155255343],[14.160678402571387,47.05430535315984],[14.158799840554162,47.05312008248935],[14.151874850810911,47.055581267953116],[14.150274521367981,47.05584212654196],[14.147110391376648,47.058723492442184],[14.141902534009954,47.06011166614316],[14.137458774472009,47.060376431007484],[14.13691232638174,47.0612555573513],[14.134411521808103,47.059863095061104],[14.132283744535464,47.06221411169874],[14.129757610613044,47.06305077344774],[14.125585100495197,47.061481937128754],[14.122551319771995,47.058824807315425],[14.120699412620924,47.05651340648444],[14.122050484550003,47.05362729710706],[14.120927766075049,47.05085552564916],[14.120857953131347,47.04906949724783],[14.122943106324259,47.04605824768432],[14.120675012103732,47.042913352769666],[14.119191883048765,47.0428057447016],[14.116011655298985,47.04066515061199],[14.11315304697438,47.04161198840171],[14.108459160034458,47.04159714131158],[14.103487620319177,47.03956450995391],[14.09900332111799,47.038818366266156],[14.098781930056154,47.03567785733818],[14.093933310615288,47.03500406682183],[14.092344080522068,47.034083651491756],[14.09043990187492,47.03033447426957],[14.084683072971588,47.0294018859996],[14.082030676202656,47.027217269634626],[14.078042044093978,47.02465443998097],[14.076338288515274,47.02273881391121],[14.07230922460017,47.0200157032739],[14.069509467945917,47.01337495083381],[14.066658731043525,47.01227159348488],[14.065178277227785,47.01111300006776],[14.061545295530868,47.009434531946646],[14.056514962977953,47.008651540349106],[14.052968575667983,47.007205211987426],[14.048081075941829,47.00565213907803],[14.04617833469332,47.004700308265946],[14.041942758130181,47.00500136076476],[14.039992430352793,47.00468436518038],[14.031698883250803,47.00602719604492],[14.028591386435195,47.00741588006497],[14.023685949117276,47.00743429898699],[14.018986264359153,47.005752233131744],[14.01725404007688,47.00563157947029],[14.01406998828274,47.00444055746833],[14.010019833968835,47.00440871486565],[14.011586800917957,47.0028097514101],[14.01198925175985,46.99864714472544],[14.01273050501141,46.99841010822465],[14.013172015117062,46.99491492475813],[14.012077977950232,46.992888432089366],[14.013625887190985,46.989780922491505],[14.01354984246642,46.988350133158185],[14.008649984960945,46.98580286952742],[14.004811016786157,46.98212120744362],[14.004774866267356,46.98115394149622],[14.003001453011587,46.97852247888966],[14.004210270716337,46.97677752718786],[14.005757200989693,46.97638873796924],[14.006502578427437,46.97434065999711],[14.003274460908786,46.971248122062605],[13.997442618672512,46.97067980698925],[13.994947393556185,46.96933962844638],[13.993422236076885,46.96958723374955],[13.989711511239035,46.96682852439829],[13.983846243025518,46.966988915479114],[13.980578147932102,46.96753831908375],[13.976105860821058,46.96666807729992],[13.974046925140149,46.96677564563533],[13.973054733668407,46.96583131520431],[13.969262266955079,46.964698543507794],[13.968588166066807,46.96399821909692],[13.965353819946968,46.96375750198801],[13.962654638328136,46.96407727582783],[13.960183632126588,46.962861638826254],[13.957755481462716,46.96013772184793],[13.956381643794789,46.95989890949521],[13.952114947988061,46.95702281366682],[13.950962385103187,46.95704349338227],[13.948653891369124,46.95876981782819],[13.9468639631679,46.95862609766094],[13.94787723126065,46.956170432531415],[13.947501839550755,46.953934911918815],[13.948371524843408,46.952152086379066],[13.947138697864277,46.94911525334904],[13.947852400211355,46.94486941930086],[13.948843373857164,46.94332924003273],[13.94391568309175,46.941339953575834],[13.941714097110276,46.94202403567571],[13.938906659108923,46.94207451827987],[13.935324709226006,46.94369066264068],[13.932814888821909,46.94614117931078],[13.93162025980074,46.94632637097326],[13.924780867197185,46.94320267281734],[13.915924768253609,46.940501509181054],[13.91329388310146,46.938219504171336],[13.91080321472171,46.93667132629528],[13.908415170877634,46.93370313101761],[13.901988409420417,46.933621098963414],[13.897452497329557,46.93438430255122],[13.894577351627467,46.92978824824324],[13.894201376071443,46.92806446503839],[13.89256637307596,46.92792659596385],[13.88948987723361,46.92670990287915],[13.885541057208858,46.925887805427166],[13.884395911665447,46.92413966265026],[13.881095898865533,46.92287182189734],[13.879060825088889,46.91852569455783],[13.878065378849204,46.91771562281192],[13.876132225887046,46.91892712569899],[13.867539658167086,46.918462090520165],[13.867032309636189,46.919294818367135],[13.86378223761436,46.92084307097045],[13.860575992425114,46.91894811568918],[13.853304683583303,46.918014249335734],[13.851894636176553,46.91566458298518],[13.847917891288201,46.91237954614988],[13.847061689486512,46.910399461983054],[13.845390312308153,46.90998682175693],[13.840874967734898,46.912116990618244],[13.839854380982427,46.91464693594873],[13.837175988707825,46.91467354485271],[13.835346855850897,46.91335697937411],[13.834512123988288,46.914235279858026],[13.831534087429612,46.9152983895175],[13.828133822351287,46.9141386023713],[13.825991686873223,46.91393396513052],[13.824586724891496,46.91523469589763],[13.821917986573297,46.91610167403459],[13.81624887236511,46.91891418289239],[13.813799042477196,46.918477668016266],[13.812548725751137,46.91922079716213],[13.808980298093472,46.92280721939601],[13.807371628844358,46.92622833171118],[13.800496251101645,46.930285904608326],[13.797612280814528,46.930327089637316],[13.792235077071,46.934395195531145],[13.791734410253698,46.93594361156701],[13.789639477001616,46.93696199643507],[13.781990668468575,46.93827420142842],[13.780654056447723,46.940454290280606],[13.782012983861737,46.94351866183012],[13.781858253483055,46.944566726240176],[13.787980405132544,46.945484783117806],[13.790129504591736,46.947776742111614],[13.793725075994473,46.95008070216351],[13.798352103631528,46.951844674621924],[13.802314839827318,46.95172415522587],[13.805877941217673,46.951216991229295],[13.810188595370887,46.952535051809306],[13.811737864002486,46.9539800786715],[13.814205368758017,46.958719402814246],[13.817846495143362,46.959581656055626],[13.824746643172665,46.962442565852236],[13.824989664197052,46.963111052544285],[13.829007172764317,46.96615800830227],[13.82873953376294,46.9681150702141],[13.829703611052924,46.96983891847507],[13.829564231797223,46.974437679815146],[13.83106085958289,46.975780280752915],[13.83234853089763,46.97570893793571],[13.835265068597913,46.97841175346398],[13.838085565337389,46.97940197479173],[13.839183626707658,46.980672909147145],[13.840162437755634,46.9846124509907],[13.839847184811937,46.98725189048537],[13.842154721607198,46.98976298335624],[13.844198252340139,46.99049298617452],[13.85478190249188,46.993213346866376],[13.857008609404641,46.99568483219434],[13.85934110601797,46.99593552639701],[13.8618498671006,46.99690132351731],[13.861870679521834,46.9994953522529],[13.860745872794617,47.0001681472876],[13.860314013153847,47.002574240682485],[13.861485708197055,47.00596311208489],[13.860299776806851,47.0106713414539],[13.861257846343227,47.01523589624086],[13.862006450727677,47.01642725739155],[13.860938351853413,47.02030091770551],[13.863911487360397,47.024075941596166],[13.86811155364267,47.02845173600211],[13.870873729183508,47.03192068859804],[13.872138307795137,47.0319888661173],[13.874024075088993,47.03347242980428],[13.87729783003038,47.03800741379793],[13.879640444242925,47.04019032571445],[13.881883851976452,47.04595908022708],[13.884742510318523,47.047942060403926],[13.888489268092172,47.055342863731376],[13.892963299536758,47.056761532102165],[13.898158453760963,47.06092484332935],[13.897699475461238,47.06160953378195],[13.900766394526288,47.06361998400739],[13.900969781849682,47.06622362531472],[13.902093927051668,47.06863640252248],[13.903967588488547,47.0708202774534],[13.899822942642684,47.073601874365515],[13.895987064313783,47.07748269641797],[13.894735100176568,47.0781917217888],[13.893380283083928,47.080278025357124],[13.891423381364211,47.08152739584626],[13.888323027946992,47.08493401317754],[13.88676207292456,47.085688187604205],[13.88467269151031,47.0886871156668],[13.884702219962897,47.08986723978944],[13.882686623662726,47.09257558622464],[13.877664285322608,47.09399686130647],[13.875024829405154,47.09589544582786],[13.874654393261315,47.098071213485],[13.875611432150723,47.10107458962025],[13.880298944394555,47.105637872346264],[13.878367975186235,47.10868423317903],[13.880354878392485,47.110292261081625],[13.884505914065318,47.11052803204447],[13.88751051239751,47.113478088474295],[13.889635403493527,47.11496552050636],[13.894002277149061,47.115318214794826],[13.895273555763909,47.11445767154016],[13.89952948870899,47.117516849453466],[13.900488948271569,47.11889416181561],[13.906307086779206,47.124092841874536],[13.910505698156626,47.124337508560544],[13.913352954327697,47.12709009359991],[13.917223560986587,47.1284958486576],[13.919051242223258,47.13011284390471],[13.924770851243144,47.1304274296595],[13.926001901011896,47.13191154445434],[13.930181141007154,47.13398983529087],[13.932850541084347,47.13580419887789],[13.936675180492859,47.13712432888092],[13.940964635112577,47.13727615662731],[13.942311906206724,47.135245838900516],[13.94456454053131,47.133228460711514],[13.945939684999134,47.13016281511936],[13.949071329082887,47.128562976658046],[13.951111047592425,47.12601537318578],[13.954469738975664,47.124710905930016],[13.957115547749565,47.124444664729296],[13.963058749149459,47.126642899744404],[13.969752808115052,47.127658244411016],[13.972071082334104,47.12754645467483],[13.975849635643732,47.12613101982969],[13.980522848595363,47.1256845931306],[13.984456688552022,47.126486101070206],[13.985012729848352,47.12781112252956],[13.985521420622577,47.12836104916963],[13.990057640704753,47.12994705181055],[13.993318548848043,47.13351913577813],[13.989203508505328,47.13690181747053],[13.988782753896798,47.138289764027675],[13.991296989735776,47.141021735666754],[13.99009642683173,47.1429496672736],[13.985569247527208,47.14411683589477],[13.983804113376628,47.14511456457038],[13.98103555251687,47.145328130831835],[13.978348734427133,47.14657036361369],[13.974620088928354,47.147015511037786],[13.970949879929549,47.14912115752219],[13.967133408940706,47.15024914159166],[13.96386629914386,47.15232108811168],[13.962997377003555,47.15412325509174],[13.960374776366631,47.15658420589743],[13.960009445484376,47.15766040217547],[13.957543832822546,47.16009198745304],[13.955009684051438,47.16196403517633],[13.949440730207213,47.16507720803163],[13.94562853185221,47.16656462872251],[13.941423573366803,47.167556159273026],[13.939942624981187,47.16710273135776],[13.93780375842904,47.16858240035591],[13.933072396342812,47.170165063071],[13.93128683979471,47.16982164255232],[13.927947795357671,47.170195898958205],[13.924398933311343,47.17168356766699],[13.920210174426126,47.172482119748636],[13.916868238379115,47.172460333929834],[13.913988965074045,47.171310624796554],[13.914633697115978,47.17432984548819],[13.913497107319916,47.1758552198918],[13.912719765783994,47.18040495280202],[13.910071665373575,47.18176646975798],[13.906338191807704,47.18606870533557],[13.904598389939485,47.18445799221306],[13.901503213317355,47.184488861711614],[13.900330934398037,47.18512833992872],[13.897897308782705,47.18469728018881],[13.895819246747843,47.183418335608295],[13.894421829314242,47.184686561691215],[13.891516908228558,47.18618990642722],[13.893208156927182,47.18696136744509],[13.894594949292419,47.191578767543284],[13.898529841418997,47.19207129403262],[13.900380739461488,47.19545765138851],[13.895346530524304,47.198065459345464],[13.891937777265104,47.19876858802227],[13.891347214956307,47.19939009055991],[13.88700424685673,47.20127646236186],[13.883943636893182,47.20355706440467],[13.881296147765328,47.204216689636404],[13.878437371780146,47.20594306812838],[13.87739793764105,47.20733767541268],[13.87313071826559,47.21022479821384],[13.871283489973768,47.2130522205058],[13.870277663369647,47.21309331613226],[13.866368931016764,47.21522032719715],[13.863485176005106,47.216116654355936],[13.862533380700755,47.217129653265516],[13.861939615717835,47.22064419930689],[13.858427726872055,47.22360103652197],[13.854210887234492,47.226355655102],[13.850774770791604,47.22656836048787],[13.849270616640863,47.227548030514946],[13.8473125743275,47.230352428537905],[13.850067477284117,47.23358802719445],[13.85565202407989,47.2346294536814],[13.857298661460424,47.23682214897453],[13.859942613222287,47.23834689433999],[13.862539127991672,47.239010881669046],[13.863644256418695,47.24086479902321],[13.865319519128269,47.24175300343355],[13.865633954084633,47.24314206864973],[13.86422596289046,47.24795485078462],[13.862673926667142,47.24983695377846],[13.86137413022891,47.252877782610945],[13.859567711638604,47.254773256028166],[13.855587078464714,47.25548898004695],[13.848825348998687,47.25760697909848],[13.847375530846637,47.2588729531435],[13.844733397898349,47.25984481254808],[13.841849434810587,47.261792965538106],[13.837577033497892,47.262319503477855],[13.835783755533232,47.26369050100672],[13.830518630477206,47.264487118779584],[13.827834243525292,47.265837216908814],[13.820813057780049,47.26771928494706],[13.818524923912026,47.27087845951176],[13.820495666707195,47.27401371865668],[13.824438173931924,47.274927548280075],[13.823279592411545,47.27670420112843],[13.820571908977142,47.27889839847339],[13.823644465104842,47.2823998715286],[13.824329812402004,47.283696928408354],[13.8207792616986,47.28770169153195],[13.82018037076904,47.29090350815323],[13.822535502019646,47.29391075928638],[13.82038793277682,47.294869303447655],[13.815341329404665,47.29613566596586],[13.814365342470847,47.29690081752533],[13.809871525456288,47.29511705356902],[13.807054688299923,47.29473125932635],[13.801728470724793,47.293419683671374],[13.799840577438177,47.29222378336293],[13.800386547919128,47.290987233249524],[13.794777327766932,47.28809927092918],[13.793240941177853,47.28805058769182],[13.786525134425077,47.289727383919384],[13.785629117171087,47.2874184193636],[13.785846675493039,47.28468933844681],[13.788329986208883,47.28214235525693],[13.785717660282682,47.28057156262385],[13.781123277672327,47.27595663788147],[13.775080938185802,47.274756228962595],[13.772181217863185,47.27250645817443],[13.76596754211805,47.27087640369627],[13.757832871689208,47.266979618653856],[13.750740854791614,47.273745941280744],[13.748544585236063,47.27672637134682],[13.744913271963956,47.278523339562696],[13.736008671658253,47.27902057688629],[13.729068395594343,47.27838812084401],[13.726755245338678,47.27768844953351],[13.72470069601698,47.2779435859158],[13.722519067521791,47.27897013630341],[13.716891259607008,47.276489445657624],[13.716488160596752,47.274503827131134],[13.712608720557778,47.27267792420493],[13.711056100502075,47.2708945041466],[13.709275082497255,47.265143446286075],[13.709056671941815,47.26021105480682],[13.702912869409218,47.26050538738434],[13.699230366156785,47.26146121949437],[13.693014143657168,47.26079573074071],[13.692803016941264,47.26578114986187],[13.687475503189495,47.26802674236402],[13.687022589576342,47.26853472101772],[13.679678516097628,47.269702407057565],[13.676914876060767,47.271284291856254],[13.674403202633052,47.2740780697421],[13.672029750068884,47.2752938988528],[13.666322273688449,47.27265304985138],[13.65859073338747,47.273989573778415],[13.656630579715324,47.274986697103145],[13.65282574077407,47.275801637492286],[13.650849252364452,47.277255610636345],[13.648635758226716,47.27738619107041],[13.64588687121297,47.27630089670988],[13.641804868782595,47.275861317505964],[13.638888421225372,47.274842351478114],[13.63585014014028,47.275336959470074],[13.633967071644268,47.27453790483005],[13.628651546437597,47.27470583774074],[13.620471771732179,47.28032132285652],[13.619190827603655,47.283836522352615],[13.612187696145249,47.283942671077035],[13.609511378128992,47.28441733469471],[13.605134010473964,47.28409682834876],[13.603027196494727,47.28644752804794],[13.598592749251853,47.290240465984986],[13.598119767894932,47.29201743717099],[13.594893678159599,47.294225174282296],[13.597727182570795,47.29752087634944],[13.59715784921364,47.30023031381319],[13.599412353207581,47.302143469451806],[13.599067563759702,47.30911422429945],[13.600034728988847,47.311572377331366],[13.598884910911012,47.31225051392634],[13.594639467349738,47.312386824741914],[13.593000824624642,47.31341036076224],[13.592729606983294,47.315536313438066],[13.593474343806452,47.316606147962],[13.592659982042631,47.31819473760205],[13.593733420559348,47.319236289757676],[13.59640463465128,47.32473312230006],[13.59663015298994,47.32609097628645],[13.599437894672096,47.32814312352655],[13.60072664451828,47.33039617930243],[13.598361700636456,47.33311745290689],[13.597742880037995,47.33769508420192],[13.595422416979046,47.33952848455149],[13.596895659286297,47.341409015053536],[13.59390423439647,47.345247610842335],[13.59216309044885,47.34855099854514],[13.59078328028378,47.35230990236517],[13.587315464253203,47.35486012440168],[13.587255300268499,47.357350885249815],[13.58645710886071,47.35982951753268],[13.58282731681625,47.361656281711674],[13.582508936237026,47.365878198282914],[13.579688409727495,47.369368724727416],[13.58122531891192,47.372816242339255],[13.57938568912823,47.37522113533869],[13.578087965258614,47.37888899682095],[13.577931988822867,47.38070135223135],[13.57893670919313,47.38307482472989],[13.577908442308065,47.384703881483034],[13.573624789144487,47.38765652663881],[13.569492539300748,47.39381056606523],[13.571197209242591,47.40150299221929],[13.570866501495408,47.40665999044289],[13.568491350477398,47.40737453894722],[13.56593040844454,47.411530611926864],[13.56381178768001,47.41183686183104],[13.561612169213289,47.41336923711365],[13.561746557279987,47.41739787895367],[13.561322502595704,47.41877795531392],[13.560536909865533,47.42117159932046],[13.563684917596468,47.42382973127551],[13.567155245594602,47.42620882440779],[13.569503202504928,47.42645043905712],[13.571111792216227,47.42772825957584],[13.571659245976534,47.43074416347909],[13.573273086939812,47.43432638245793],[13.572969424106349,47.43674419738189],[13.573655438665996,47.43863619048703],[13.575059044598966,47.4395320813331],[13.57657473121528,47.442602050413846],[13.579190472763507,47.44512214147239],[13.581880466759621,47.4486230067069],[13.583169127477488,47.451736116756436],[13.582989065614495,47.454603646154624],[13.584531669131065,47.45634379934718],[13.586889318016691,47.45703482192004],[13.58686408444944,47.45826798147458],[13.589863422909664,47.46176095052497],[13.589040220159843,47.46250580437079],[13.589040770911188,47.464802945867106],[13.58745158235649,47.46676757349366],[13.589096660146483,47.46914859407879],[13.588275392986542,47.471989033887056],[13.585417176178277,47.47085332017066],[13.585514609497151,47.47326847120269],[13.58371277964265,47.47377187661451],[13.582856450628059,47.47550827496876],[13.584643041831216,47.474190018008485],[13.586868430966309,47.47373406655791],[13.59015435410774,47.47472104669853],[13.593396408646322,47.47631212112547],[13.595867918363307,47.47499132040013],[13.599716771226968,47.47482380041247],[13.602876972006017,47.475896454616894],[13.605942430202054,47.47584573560712],[13.607149735728925,47.47585508982954],[13.609729927666159,47.47399676085609],[13.619186004516786,47.47176249517612],[13.622802495611731,47.47022644429696],[13.623547651541504,47.4681706143738],[13.627584594201776,47.467075299626664],[13.630917119066254,47.4667142507318],[13.636815747964226,47.46722907099855],[13.657586687453708,47.46429650668993],[13.664854359061792,47.46340526622812],[13.702782050206947,47.46460635440626],[13.708237822208417,47.46317645354358],[13.709753249879906,47.46193027138547],[13.714018355691362,47.461820341242934],[13.717829558889704,47.46276304919535],[13.719754990487411,47.46281999761018],[13.716054230401642,47.47024818869729],[13.7144581128225,47.474364296999674],[13.714954988192245,47.47667329163474],[13.716660932034603,47.481072500251415],[13.719929147357934,47.485557652073005],[13.722985900185712,47.487781099574086],[13.726010442602943,47.49097216625228],[13.734099952145675,47.49621208474534],[13.738472214246679,47.49849070237894],[13.744224322951712,47.50089935477982],[13.74632626158727,47.50232005685372],[13.752511422717983,47.51248453910643],[13.757865107283767,47.5210073854116],[13.749210314697098,47.52697456005653],[13.743416783219988,47.54351084962474],[13.744763733567117,47.5445720375824],[13.754232990995485,47.545546005770866],[13.75312701986833,47.55343755235648],[13.737747278324,47.56969171335537],[13.732654022442613,47.57773034335252],[13.727171815195454,47.57771780492746],[13.717880036364397,47.57680658774573],[13.71406279254798,47.576739694467946],[13.710345208530164,47.576051170413926],[13.70952325113264,47.57848584968491],[13.71010849267887,47.58027142952194],[13.70493330847562,47.5805933199322],[13.699623912620815,47.58225294793946],[13.691787532748462,47.57998041592989],[13.692587890439148,47.58170962686011],[13.69056975799481,47.58474865533023],[13.690126163281281,47.588688968714166],[13.688858381187732,47.589443819600795],[13.691660340902231,47.59351474993657],[13.693051254727047,47.596260691785986],[13.69659646038031,47.59929573719307],[13.695703979460355,47.60275900602188],[13.695547167567845,47.604845701107145],[13.69320282950912,47.61412386463887],[13.69125418424792,47.62391914811907],[13.693422852747169,47.632985179186534],[13.697254483648353,47.63665215512934],[13.697705943406476,47.63834768935986],[13.697084071852265,47.64033489670648],[13.698221954997587,47.64269728419382],[13.70096903356311,47.64467852668539],[13.701783820489833,47.6460039036484],[13.701300890402164,47.6488272447413],[13.702477786786105,47.65098504565832],[13.702893467285877,47.65443998113781],[13.704477356596525,47.65561602600197],[13.70505213579654,47.65716240372051],[13.70598060175248,47.6583640290211],[13.70542168084386,47.66215518304424],[13.703701225093557,47.66509337031812],[13.705039705542891,47.66619282087415],[13.707677888388751,47.66642547041032],[13.71040628437823,47.6688275205843],[13.713666708219835,47.67033351788104],[13.720647430649722,47.67161515142495],[13.723100838287989,47.673214470267595],[13.734179160070966,47.67481339986621],[13.734460943834346,47.67619375172129],[13.733628312177165,47.67854572369116],[13.73236037775833,47.67920395595413],[13.73107903414326,47.6844378114881],[13.731382768935163,47.68564219764246],[13.733833212820011,47.68553894659678],[13.735646687911514,47.686659056873964],[13.746820611266484,47.688076048289055],[13.74855451210812,47.69249414492781],[13.749453690559069,47.69606293744175],[13.75054239597195,47.696352928667814],[13.751468960855963,47.69935334506153],[13.75400747815263,47.70149646909397],[13.757700506430611,47.70237712459356],[13.764311748385465,47.70670075863224],[13.768266249123903,47.711668565725134],[13.774614663703165,47.7152358529924],[13.776530337963015,47.717842057915334],[13.774852101100302,47.719032619853486],[13.779149770601679,47.7182532709602],[13.781083837421056,47.71666982610788],[13.79021087369004,47.71314584634986],[13.792851561461209,47.713988345230995],[13.797088078731285,47.71470532942079],[13.820572759423674,47.716550290911606],[13.837410531078445,47.719440328690574],[13.848063037639307,47.71509837215277],[13.852613841005672,47.717912927179285],[13.859509321272894,47.72667073941798],[13.857510045138977,47.7279221891866],[13.865471260574111,47.72416505834785],[13.87096029057718,47.724666687082674],[13.871499174001904,47.72634609670996],[13.87359174459604,47.72684795978789],[13.875090502860646,47.72609396962459],[13.87563961436792,47.72221621478544],[13.87975784728458,47.72326811501683],[13.884045004548279,47.72265332374757],[13.884798495808218,47.72195720254539],[13.893114702931202,47.71818645283093],[13.90060024770859,47.71835825646935],[13.90035139913734,47.71676311013539],[13.904073048751592,47.71180317238842],[13.917177397437962,47.7058123801153],[13.932439766404524,47.71036415984024],[13.943162087255903,47.70981315554602],[13.948899419161355,47.710360584777966],[13.96186102082949,47.706023098068606],[13.96629670168057,47.70433536047406],[13.9709924925757,47.700978179514614],[13.97158542871041,47.701358176002046],[13.980569141252294,47.69796835833755],[13.9835799192119,47.69934047299854],[13.992500205892503,47.70053385130623],[13.993042372444176,47.702448881388534],[13.998914905060195,47.7037548448882],[14.007797462698619,47.70159791563943],[14.014258267971021,47.694258327820584],[14.017035264310566,47.69151925341316],[14.023433294384953,47.68775181150786],[14.034129834184403,47.679918418026716],[14.039708930685046,47.6777784372765],[14.044951031916998,47.675115718437056],[14.052627135407647,47.66859366683909],[14.045938276604826,47.63762832958257],[14.04351505020337,47.62715097905576],[14.049871366286215,47.62695827909154],[14.051646049559015,47.62587720961793],[14.049283366692508,47.6219433033688],[14.047908212977456,47.621278041296705],[14.04797578242021,47.61786314553959],[14.052209355170016,47.618474831364665],[14.05725453903862,47.61872062749847],[14.061879706224492,47.61661096799214],[14.067874015625016,47.61738427804198],[14.077182021844136,47.62002490350502],[14.083711316871177,47.62029815875809],[14.090321147711409,47.620244800293115],[14.091707729650064,47.62328709348567],[14.092713702153064,47.623864390462],[14.098746021676014,47.623969395135965],[14.099360213431716,47.62523629978289],[14.107783743613316,47.627977440418654],[14.113325402006131,47.62798142755973],[14.119869302613536,47.62827836007807],[14.129893742988063,47.63054857995942],[14.133381026557643,47.634489504817104],[14.136805825699756,47.6349229547876],[14.142810797498283,47.637739347385995],[14.147829260265333,47.63750260723541],[14.150413464518602,47.637887083598],[14.154343970863154,47.63695804484202],[14.157235963738588,47.63731596481048],[14.16103857857917,47.63945562551714],[14.165968536922744,47.640624522132924],[14.172971796516533,47.63839100589986],[14.174786412508292,47.63865431978715],[14.179520598079135,47.639853492897196],[14.184073957151123,47.64496347063148],[14.18950350362509,47.64527783665401],[14.191379519428528,47.64629614624023],[14.196572700402353,47.65015117247354],[14.202993128424746,47.65324349425967],[14.215718804990212,47.65091472370876],[14.229754900473345,47.651335265305775],[14.224886732385796,47.64653417030139],[14.220298104880642,47.64285137735884],[14.226558931087498,47.634852954430386],[14.231765794461275,47.628632894976704],[14.23858868201378,47.62468834871884],[14.247365175672751,47.619911759519674],[14.249770305402881,47.61781923721441],[14.252530327461194,47.61354761571128],[14.259749852792819,47.61186802592342],[14.261611978484815,47.61117896452449],[14.279155411881716,47.615228103578815],[14.28452694497647,47.61189314541602],[14.289741210989812,47.60979383407456],[14.293679975539165,47.60859385378541],[14.297598637581476,47.61017136797599],[14.30004807348633,47.61029987164975],[14.306363219078078,47.608837834667085],[14.307088265076594,47.607863427225176],[14.309845869528504,47.607066914334354],[14.311736318114052,47.60817052225857],[14.317120889546064,47.608698140046876],[14.318114870346806,47.609205290977286],[14.322108685289983,47.608873325794164],[14.323597311082393,47.60825952976716],[14.326435639444027,47.612067861044466],[14.330645977916555,47.61639536482633],[14.331689207344255,47.619058409690496],[14.33496205792281,47.6197133095253],[14.34235580417459,47.622971081754216],[14.343317120346764,47.623662851672364],[14.348215890199986,47.62519188575036],[14.35491326208205,47.62847813424807],[14.358530696418727,47.62983573184075],[14.361210363374624,47.62957289562238],[14.364014330391985,47.6308968361696],[14.367424298615662,47.62966875211233],[14.370644136481848,47.630574793679585],[14.372315857368061,47.632026443232476],[14.37805383787186,47.63469152445926],[14.382014094468223,47.635538418928206],[14.38491497420117,47.63502520940615],[14.388734994989315,47.636643741682384],[14.392181690435306,47.6385462353533],[14.389930606195996,47.645817499583586],[14.389827925255146,47.64909738112777],[14.394665556553603,47.65335634603324],[14.41024506731262,47.655606880061434],[14.41805486150295,47.65728031640895],[14.420618768657755,47.65362568502501],[14.433867675351072,47.653262777235305],[14.441435979634011,47.656118020052254],[14.444518934778813,47.657433553092815],[14.445043308871476,47.66107528337153],[14.446536176395563,47.66450005242976],[14.451416262901892,47.66545327726548],[14.459158890299387,47.66838980859668],[14.463168495054315,47.67018373520915],[14.46850236538859,47.669961140434836],[14.469499499575681,47.67234305568708],[14.470487336465462,47.67298897688866],[14.471802309335597,47.67580413236066],[14.474400646229533,47.67647086788155],[14.475839156114517,47.67831314667574],[14.480035773088039,47.68085984024379],[14.482007756661242,47.68160859310528],[14.484805534801165,47.68172683497075],[14.485769844431777,47.682746730614916],[14.494431915542544,47.68077146452552],[14.494755889637387,47.67972729978152],[14.500174876504053,47.67899147630755],[14.503472763309192,47.680060412156784],[14.507264704051797,47.67958680354815],[14.510636418809387,47.681378136998106],[14.514397099179869,47.68255027163477],[14.515418456957077,47.68428945449344],[14.517570401756396,47.68532540210305],[14.51815587590789,47.6865386116364],[14.52088889872052,47.68841253070542],[14.523066156719729,47.69397081566954],[14.524816980625344,47.69598175973524],[14.522877279272976,47.69782384862148],[14.522060035232126,47.6996551209445],[14.519802460678525,47.70137941398595],[14.519889711780836,47.70267270262914],[14.518578208377736,47.70395881216473],[14.52133004466348,47.70813413606357],[14.523957141207857,47.70880559210544],[14.524848871465869,47.710277618943074],[14.527513207297652,47.711798653945834],[14.528885381761471,47.7143019672102],[14.53418490432899,47.71441289681819],[14.538371717339757,47.716229930854944],[14.541970900469178,47.7171490431989],[14.54352809213438,47.71815827807164],[14.547912632531196,47.71982640265513],[14.551079653309715,47.72035468852612],[14.556751461709883,47.719613298729186],[14.561340475129537,47.71861360281019],[14.564097582595597,47.71755927144099],[14.566515660748673,47.71792246614322],[14.56828595185304,47.71702671054218],[14.575942169299013,47.71872836088133],[14.577785733149867,47.717958990166714],[14.581157745605717,47.71942714714448],[14.583222130495654,47.71892307883861],[14.587319997200272,47.720980918503166],[14.588737564703798,47.72223195242957],[14.589145227680511,47.724364019835875],[14.591519698858137,47.72504525354868],[14.592747616686092,47.72444460810413],[14.594433806122181,47.72654133742507],[14.597132801199592,47.72834033800606],[14.598837362364458,47.72841843246813],[14.600652836570521,47.7304189912544],[14.601249515090593,47.72867623177661],[14.604161129899502,47.729230085939136],[14.608124909828941,47.729019886097674],[14.611202553881993,47.731171685497124],[14.615507739793534,47.73131502966752],[14.619840375815764,47.729924259193936],[14.622126404582904,47.72967751517582],[14.624578699706682,47.7303769985479],[14.626587042794716,47.72903829163035],[14.627993802335839,47.72924320531358],[14.628493248462382,47.72683570133987],[14.631139736840575,47.72727371200331],[14.631967020549839,47.729002473641856],[14.640859192663937,47.72822686646563],[14.643463521446574,47.726160420642856],[14.645744410009465,47.727513597083124],[14.644103446791963,47.73012980814753],[14.64641892435379,47.73478789116365],[14.649142420382805,47.73777083851472],[14.649457478377428,47.73909267335134],[14.652860567444687,47.7396144936586],[14.655070574489088,47.7406525554424],[14.658081314769051,47.73964776918826],[14.660985009476157,47.739766215829675],[14.664473515949465,47.74131223815657],[14.66725320723254,47.74174303033347],[14.674326565229572,47.74694482205908],[14.674233861737328,47.74803495780691],[14.677120411555972,47.74934267993864],[14.68014063429941,47.751640373754064],[14.681455345892601,47.75395472587162],[14.683637544472866,47.75573663914354],[14.683761382086448,47.757325804999326],[14.685879447164544,47.76059466638131],[14.687730754844441,47.76105737905675],[14.69137703014764,47.76396974054919],[14.69236430525777,47.76582937008018],[14.6941683957161,47.76650462689978],[14.695742245763267,47.76542837291164],[14.699349839178863,47.76530421867385],[14.701078040872433,47.76217679725344],[14.70345621818682,47.76136640743101],[14.710122902537654,47.76190681245629],[14.712859622301721,47.760988910559675],[14.713508476093716,47.760093007569125],[14.718893647564359,47.75616142916392],[14.723202571918948,47.75571466972194],[14.725368191694027,47.7542401476374],[14.72856434571088,47.75286198347555],[14.731053104922045,47.752316653113844],[14.73566808338259,47.749426793777985],[14.733242440241474,47.74737435482243],[14.733269803684248,47.74564741739423],[14.737459711382028,47.742145351197834],[14.747488472229897,47.73697290360638],[14.755130450958934,47.735727712836734],[14.758417077449835,47.733807307260925],[14.764254891795062,47.7270126926241],[14.768237398949166,47.72837786120836],[14.773143524116824,47.72912862852698],[14.774531528701232,47.73010811270232],[14.784050324850691,47.73299171713791],[14.789057405817386,47.736017342814634],[14.794550608447198,47.73684149214666],[14.79626135466786,47.73881401888974],[14.801041941419673,47.73932359800729],[14.806559869633526,47.737843061688935],[14.815521484791581,47.74490961049843],[14.818410354501767,47.74501501904494],[14.830080434197434,47.74441841232666],[14.83003383245241,47.743543726918226],[14.8278706344402,47.741319839798074],[14.82810809178759,47.73964104287945],[14.831612048767493,47.73727269766692],[14.835001686906269,47.73732149572315],[14.837182512736913,47.734661030786405],[14.844469478090327,47.73729508346807],[14.846649575780644,47.73849170343205],[14.84917074352898,47.738959584267086],[14.85526693611768,47.7411939788452],[14.857766046332385,47.74207023376723],[14.860337562683581,47.740420275386235],[14.867467992280423,47.73377662343133],[14.86838143394984,47.73360373195547],[14.873659192474728,47.72702502339043],[14.874269588790813,47.722528565704124],[14.873996402654717,47.72072069001173],[14.874564839127824,47.71871437313131],[14.873849998806982,47.716737743451766],[14.880107111235578,47.714656462306664],[14.880669452881149,47.71416126099081],[14.890995074033695,47.713803664196455],[14.895047668801903,47.71160388237535],[14.898419706847834,47.711530267676075],[14.904446349469705,47.710703858893936],[14.90719225219479,47.71120464841458],[14.910049474854363,47.709695039673115],[14.912298899290638,47.71147629342958],[14.92496449622092,47.71134249820518],[14.927239854583446,47.71356711253527],[14.928578218235108,47.718015963783955],[14.932812737069298,47.71938819585246],[14.933879072584533,47.72121067092253],[14.937299964209966,47.72262239917158],[14.94016592329119,47.72491106625118],[14.939597806762958,47.726509004541455],[14.943561258337146,47.728385781047095],[14.948250866908529,47.732301374166795],[14.949200929178799,47.73356282424593],[14.951398520530557,47.734020509653156],[14.955933426452122,47.736321054998825],[14.96063731532266,47.73691932770035],[14.964851420216293,47.73796151739975],[14.965259892906689,47.74052698397954],[14.970044350325894,47.744303408961784],[14.975336029735553,47.743441032691074],[14.979955426056149,47.741339874561035],[14.983629239736363,47.74082572583622],[14.990152612584534,47.741860608386745],[14.994433246734344,47.742132889980184],[14.999397267046273,47.74411654131934],[15.00037902389854,47.744839709117784],[15.007088840977092,47.74564048045334],[15.009292294784002,47.74655314814262],[15.011824028844746,47.746731981824794],[15.01366518220762,47.74751441242419],[15.0186283842002,47.748607980412416],[15.02039582819159,47.749967590821846],[15.022865167998209,47.75048078217357],[15.025133459008817,47.75199351607601],[15.025469470442863,47.75298522112102],[15.027991995217924,47.75340393381657],[15.031926069993437,47.75344200233826],[15.053087716691326,47.74158167834916],[15.055637768490048,47.74104877058703],[15.06103052156435,47.742449964135524],[15.06582497375219,47.74122485032898],[15.068239210361314,47.74304697906638],[15.07147175341152,47.742782050036084],[15.076275755436866,47.743552749715846],[15.081209927454964,47.7433017582467],[15.081621687956819,47.74237903073945],[15.086457681336192,47.74217222908681],[15.092494936484592,47.74311803600975],[15.095167632362173,47.74395621881477],[15.101705541225959,47.744172778932246],[15.116390271345628,47.7462293639251],[15.1194553119653,47.74718591552823],[15.123187029292932,47.746839910733925],[15.128781541883944,47.74849589848788],[15.129518071669512,47.75001663363941],[15.127313086531206,47.75369724154863],[15.129592723690301,47.75366459153248],[15.131756965759005,47.756804597536494],[15.132045631353076,47.75870100875711],[15.135980569050309,47.76193431531355],[15.137667448846178,47.76204559479021],[15.140595284310402,47.75886002235336],[15.142834956104561,47.75789973185478],[15.14540117645914,47.75875032216481],[15.146837500828983,47.75816868001737],[15.15080093640206,47.75915535360523],[15.152095256163554,47.75849813145337],[15.155642046693044,47.758488421224065],[15.156175694074012,47.759130810225095],[15.160528431644678,47.75698029485079],[15.162393011216354,47.75693189280448],[15.16575552393526,47.754430977608905],[15.172047688854308,47.75650477539721],[15.175677762656171,47.75672242157733],[15.180515725051498,47.75742986651921],[15.181140929661742,47.756683146226905],[15.184731762658549,47.75649499323266],[15.189026827092256,47.75692462520713],[15.191079649388502,47.75647207025806],[15.196587995010171,47.75412792009144],[15.198175463869305,47.75606375281147],[15.200140702129683,47.75699108178156],[15.203834547258381,47.760697077034315],[15.205097127567711,47.761024757946394],[15.207618599701137,47.76382453488053],[15.20750969153045,47.76533155890798],[15.206007728691208,47.76596875765383],[15.205022878848926,47.767854220819586],[15.20732954602624,47.76961508625149],[15.205303275483065,47.771284127949244],[15.202913480009835,47.770601175735834],[15.199481233656913,47.77120461539756],[15.198063517544064,47.775751671872634],[15.203739400796154,47.77844527286327],[15.203066154460586,47.78060418229216],[15.204527489113465,47.7820749975887],[15.205357752783302,47.788516437937716],[15.206571671632165,47.7898497764491],[15.208573081853704,47.79057660167903],[15.211634925053083,47.79090931089278],[15.213413637182247,47.79365717396876],[15.213417212071057,47.79593909888464],[15.214516325735632,47.79672841493683],[15.217694814268512,47.79643171539091],[15.222386067037466,47.797669659674796],[15.230377260005918,47.798968441543934],[15.231503333490279,47.7995014819649],[15.235922045581322,47.798149093452174],[15.239565203299383,47.79798469240763],[15.241177596225,47.79709784639069],[15.24870677332813,47.79450540926134],[15.250793260951788,47.79346088238319],[15.253353618897336,47.793449670037106],[15.258124749857213,47.79427860069795],[15.260054503941436,47.79419137299206],[15.279037728116606,47.79206060413812],[15.282253776995574,47.79087303679353],[15.28438489186853,47.790885759796055],[15.286082617985503,47.79187864761831],[15.288034432567402,47.79445221868418],[15.287006875308329,47.796660869397584],[15.288487292145831,47.79843758488858],[15.28854835878225,47.799921937364026],[15.291110988119836,47.80016589288983],[15.29227101538728,47.80106720884606],[15.291935272148212,47.80354934122429],[15.292455349036716,47.80637988565167],[15.289879799622526,47.81033242160788],[15.292769153921281,47.81296181961352],[15.29429834011335,47.81622166985914],[15.293364092848037,47.81800435405814],[15.297045639104294,47.8217441428425],[15.301579225646085,47.8216901678973],[15.30531230268594,47.82063112814086],[15.308751629657406,47.82331850365289],[15.310547779919274,47.82285511229834],[15.31384317073869,47.82367117417325],[15.316452893021767,47.82215857654677],[15.319136590193342,47.82150735060226],[15.322430108415851,47.82211800812744],[15.325579691975134,47.82430861257932],[15.32767066215365,47.82637209923294],[15.330449759687975,47.82805618007617],[15.335081104441738,47.82859327467923],[15.337887389696938,47.82852230850661],[15.340571604065111,47.82760391574539],[15.342419192626412,47.8263742451942],[15.343100790488187,47.826458307274905],[15.351560647315582,47.82728291501696],[15.356979879522568,47.82635872248973],[15.35853628110538,47.82459489840418],[15.361880813047286,47.82570006276548],[15.366119919661383,47.82521521564001],[15.370560306223648,47.82567973570217],[15.373097808578498,47.824683695990714],[15.376750891518832,47.82424031724305],[15.380682005678423,47.82115745185452],[15.383376022505491,47.81993052239555],[15.384904375483897,47.818299837106224],[15.38782967701375,47.81739177898874],[15.389025876025933,47.81349204959263],[15.390933135761832,47.814496529427934],[15.395477911913183,47.814992056448084],[15.3962219592178,47.81426883495965],[15.398286232160174,47.81549952481855],[15.403294172549149,47.81350643005004],[15.401803112981769,47.811415862994714],[15.401268870518651,47.80716136428392],[15.40217293895196,47.80550301424022],[15.400575502573595,47.80261658487154],[15.400332719250418,47.80107969592446],[15.40258892212494,47.79778006116033],[15.403533064151633,47.79486070612475],[15.40441615253765,47.794053023581455],[15.405618798614135,47.78879206037716],[15.407260134608874,47.785816293251884],[15.409162127939243,47.78507779813605],[15.420523541585899,47.78602117714127],[15.423504771802323,47.78791124946226],[15.425406220609501,47.789875843123085],[15.42980161433889,47.79100702472298],[15.430482299282032,47.79223575136655],[15.435901420646452,47.79152321663741],[15.437506280158942,47.79063036988197],[15.437666138227103,47.78771690868057],[15.439192732721269,47.78518105325571],[15.442745580573408,47.780663621699254],[15.444357919040062,47.776944035707054],[15.447112600964203,47.774361608915],[15.44906143412432,47.77369564762986],[15.452192983865437,47.77353090860166],[15.458173341840908,47.770446655783324],[15.46079757042956,47.77143379173574],[15.466345715101042,47.77200658576068],[15.471278156714712,47.771887442355265],[15.474912232734274,47.771116039255745],[15.481738209382918,47.77137326602293],[15.487959482055318,47.76969058432305],[15.488840381682007,47.768955341613456],[15.49251367214568,47.76981898919722],[15.49491442828392,47.769791610952495],[15.498131591531422,47.76904150831811],[15.498957003980227,47.76961839789007],[15.503824297663224,47.76849707072922],[15.509254362386873,47.766087571514696],[15.510356935847117,47.764938721939615],[15.513443660565851,47.76377698775134],[15.513283454088176,47.7588702976849],[15.51184676665269,47.75843233819389],[15.51154216301309,47.756143894337754],[15.510150573421518,47.756050227879115],[15.508972024660752,47.754668522683595],[15.505753736475167,47.753735357044846],[15.507095524242999,47.75269830439675],[15.508196438342186,47.750181255590924],[15.510032288015658,47.74927002000415],[15.51100145314899,47.74725153227008],[15.513607565189792,47.747472773564844],[15.515890491233023,47.746919023205486],[15.518206037875677,47.74841869137374],[15.521333297896481,47.74800226866891],[15.52553678709406,47.74661014671335],[15.532557564907085,47.747702957613306],[15.534916217737814,47.74885990700792],[15.536783213093235,47.748558054503995],[15.542068712699008,47.74975035741046],[15.548348257288731,47.75022756535235],[15.550433358449261,47.7493279794134],[15.551231580278053,47.74725148080801],[15.55853469219403,47.74617804161278],[15.561290835030066,47.748215408487305],[15.565808459787315,47.74985540475563],[15.569632565015839,47.750424573396],[15.576526940856468,47.75004126099764],[15.578373745516492,47.74946532436895],[15.583047387522578,47.74938068849139],[15.59016298566658,47.75098642569056],[15.592375570111388,47.75086086902598],[15.597844342097792,47.752204918886484],[15.603988900923547,47.75300425976867],[15.608925525753648,47.75178605106096],[15.610103344201692,47.747542588197334],[15.612797061223674,47.74750677839612],[15.61534737237557,47.74268304464414],[15.616689733509945,47.74204724147803],[15.61736205573754,47.73914566738728],[15.616969812320123,47.73813292776541],[15.619633433588069,47.73684609901694],[15.620113538168312,47.73474611467398],[15.621402591906572,47.73313902145194],[15.62384057758961,47.732000665457214],[15.62638151457159,47.72808974157753],[15.626178377176274,47.72500390937675],[15.62822960106105,47.723427194915416],[15.63083785139032,47.72057278311478],[15.63317312259398,47.716120757997125],[15.634811569965043,47.716201883714106],[15.639137672781269,47.718215070433565],[15.641582877461946,47.717523091902194],[15.648991120040744,47.71834392711157],[15.650681793151348,47.71681224535877],[15.657217997137142,47.71421363746685],[15.65931816695804,47.712677132143085],[15.66745600315387,47.71070036144918],[15.669923251066246,47.70829858584743],[15.67057729044362,47.70691201199369],[15.675945114743612,47.69969487804562],[15.68048815740123,47.7016702868831],[15.681776339690177,47.703116490702705],[15.685140234034082,47.70509346312128],[15.687284577653568,47.705062574887435],[15.68867746823119,47.70594822415913],[15.689460661629862,47.708885997412764],[15.69389987843398,47.71359936771647],[15.697288056136136,47.714075466468714],[15.701340236264508,47.71362157859652],[15.703654852400799,47.713944684632445],[15.706763606660134,47.71331047686098],[15.712645471184354,47.71334644672603],[15.714823524843641,47.71218002403772],[15.716360145031679,47.71058281328566],[15.715777176470754,47.7055380929999],[15.712915884802134,47.70356789027228],[15.712655250513688,47.70163882957089],[15.71144712562133,47.698709969175184],[15.712261074839299,47.69591986422022],[15.715088217803993,47.693719791622286],[15.716282580220126,47.6920137136032],[15.71665319671804,47.68992800633376],[15.715736874956164,47.68887610973226],[15.714974482120798,47.685145486009226],[15.717670067120629,47.68271735175516],[15.71801883810468,47.680831014288245],[15.719168150832378,47.67997734888428],[15.721367400424402,47.67362773378796],[15.721949862125419,47.67022826311931],[15.724242404191225,47.66827836573781],[15.725897642504657,47.664878064755015],[15.72616328088329,47.6592029492859],[15.725710975202952,47.657052848918696],[15.72328405002308,47.65450185258545],[15.722383633819442,47.65199785217234],[15.722002257240952,47.648550698884115],[15.72231622717731,47.6471548134285],[15.723736524792319,47.64636088598794],[15.726972896317042,47.64600341296456],[15.731692100058083,47.646268504486855],[15.734346853471482,47.64517710202582],[15.735369930923245,47.64413154291849],[15.739522772636551,47.642908508568475],[15.741307002815214,47.64167943661248],[15.74236151282653,47.63967485757547],[15.738161837129171,47.63396742613539],[15.741619225377551,47.63256774797022],[15.746973112256818,47.632911869793524],[15.751839254850143,47.6342152185983],[15.758663407311026,47.63533825108467],[15.761221662197345,47.63618626700397],[15.762401674733212,47.63786810710567],[15.767325078729854,47.64076377851944],[15.777303907440565,47.6432788321854],[15.778544678678688,47.64299940448292],[15.77898476808058,47.639912310756934],[15.783129634075564,47.63971861418108],[15.786637074264242,47.64058580483523],[15.793554787646173,47.63712503957646],[15.800016676735217,47.636671177183764],[15.802346433407939,47.63579910809454],[15.804476863289148,47.63588572524218],[15.807776755206726,47.6373566096897],[15.811229999975573,47.63739417595748],[15.816358177299524,47.63803124888377],[15.818994678872489,47.63865441800069],[15.821219987776761,47.637420821039605],[15.82680224157673,47.633524842662055],[15.827808174917005,47.631393262335315],[15.828813534362682,47.627620837567115],[15.82976003040811,47.626651665643436],[15.830205185837247,47.62307908026297],[15.831624621446077,47.62253754689015],[15.837512602790229,47.61880014884725],[15.841834977015266,47.61783067548533],[15.844157442275637,47.61813757566262],[15.852447494398941,47.62060126864627],[15.853958579110895,47.62151718980216],[15.857266257851782,47.61887289673911],[15.85778105484603,47.617376268322836],[15.859557560010275,47.61450781571435],[15.858169556086262,47.61328670885821],[15.857686221199316,47.61035199343582],[15.85382727155633,47.60678539197549],[15.853756773992796,47.60390722451546],[15.85102633555381,47.600783593730235],[15.848863572828618,47.599032952448994],[15.845210691025153,47.59746638409249],[15.846166470679844,47.59133641221413],[15.84350724643592,47.58811762026131],[15.841735481776178,47.58700725439843],[15.84246642775506,47.583525542554995],[15.843405147637856,47.58120097675927],[15.842986135418329,47.577647986028225],[15.842303569720208,47.576592669507306],[15.844601030540316,47.57233311454737],[15.843875892639701,47.56989567953122],[15.844224479544629,47.56848860973404],[15.846018165584072,47.567092303390844],[15.848791297510049,47.56675959759422],[15.852124328989833,47.567589294357134],[15.858930434700541,47.56753620097811],[15.861655000182338,47.56665098796157],[15.862212389684466,47.56780005629974],[15.866071376249451,47.57215727074475],[15.87155668128487,47.57404659875637],[15.881042696530344,47.572753007961225],[15.885125463822263,47.571919535523186],[15.893048739538129,47.56796794687585],[15.896430519481255,47.56556315434827],[15.901563086092755,47.56345495130785],[15.902627080805715,47.56050479117799],[15.902675954862149,47.55866941070999],[15.90015668260818,47.55554721971046],[15.900182543617898,47.548006584556],[15.899558316325509,47.547037421367456],[15.90125770862935,47.54315004536283],[15.90496313711329,47.54059078277804],[15.909367231855066,47.53647973586361],[15.909305479294078,47.53272745209048],[15.911075331820498,47.53112632814445],[15.917716205195124,47.53071767551388],[15.923885837107038,47.52977554311104],[15.93349509207887,47.52703891770839],[15.939795128927951,47.52422775047719],[15.948342981489873,47.519014887461424],[15.95344561832257,47.51779180062906],[15.955735933816998,47.518553434992604],[15.962528514854508,47.519158384851536],[15.96434768999354,47.520064342410066],[15.971258561068243,47.520925519793174],[15.973566929397952,47.520780827036425],[15.977969345669342,47.518769286570254],[15.982477865294378,47.51779995501887],[15.993182646311265,47.51730199003723],[15.997287113811915,47.516538148561374],[15.998798280141758,47.5160728756094],[16.003469816522202,47.51797346113677],[16.007754602582725,47.518264386919405],[16.012390222308376,47.51760149328955],[16.017461428106692,47.516228970894915],[16.023525609789367,47.51338095708516],[16.025910284520286,47.510578407329895],[16.026416685927504,47.50842385411724],[16.02931722801423,47.506774058391876],[16.030064057438352,47.504943419339455],[16.034524079420585,47.50413797177665],[16.035082025825826,47.502990287111786],[16.038067490614857,47.50156908517618],[16.039963881528784,47.49729982561254],[16.044077859343282,47.49186190928561],[16.046706812772808,47.490712407014925],[16.05061206204764,47.48829117176958],[16.051131692683466,47.48733228273232],[16.054889357543438,47.485291612573995],[16.059158338396873,47.48575730599319],[16.062303772060602,47.487035116629556],[16.06064340242838,47.4896216720755],[16.06267539488943,47.495521791464625],[16.062138316549728,47.49606485491265],[16.062398673173092,47.50259747459446],[16.064981689593985,47.50377977977293],[16.068928790437035,47.503967514166824],[16.071913752038384,47.503724089347976],[16.07249220441797,47.50166119284873],[16.07548688101363,47.49993690072364],[16.077181900929688,47.50163318308939],[16.07725504882988,47.504570002355656],[16.078597078204954,47.506680751948565],[16.081797823334835,47.50773751680253],[16.084613735772102,47.50785604821462],[16.088103560797386,47.50886473828469],[16.091720583819107,47.512662100746496],[16.09085089326901,47.51580437033621],[16.091145592119943,47.51830551907975],[16.09318912801845,47.51881614726844],[16.094489295962685,47.52199144367036],[16.094145114611482,47.523719577856774],[16.09499894108784,47.524777665070445],[16.098201893611655,47.52398760956375],[16.105613238898876,47.52563526900004],[16.108419408036877,47.52267217535619],[16.109051472304834,47.5193586871446],[16.108864176815818,47.51715638695722],[16.11321321385129,47.51568433447904],[16.11167242480249,47.51380673053943],[16.10805694708354,47.51109614671125],[16.1096542967447,47.508234816263204],[16.11120337144299,47.50745992800143],[16.114235574938625,47.5103745309625],[16.118029876008432,47.5124689102557],[16.117590493785244,47.50999931231535],[16.11574976508013,47.50847008573488],[16.115127484244724,47.50513692879374],[16.115356488632187,47.5026502876259],[16.112781191738375,47.50217898012412],[16.111172026335343,47.50025666730364],[16.11015061697493,47.49781645872783],[16.112952360309542,47.49529031690344],[16.11202422908271,47.49284533952075],[16.113146286165435,47.490181553627046],[16.117437796422585,47.488359189351925],[16.116628371238182,47.48473959774829],[16.11571183499943,47.483687243900114],[16.11625682464604,47.48076391264397],[16.117493498345397,47.47860893327181],[16.114638179125635,47.47737769968536],[16.112355450619507,47.47502646916307],[16.114941299122716,47.47465696370038],[16.11695618869798,47.475137761756955],[16.120576589598652,47.47478826773536],[16.119611032277724,47.472644690932334],[16.123077865233043,47.46937262488453],[16.125376723544967,47.46884564654394],[16.130210123021442,47.47020415403306],[16.131090395000935,47.468368679729934],[16.132496281464185,47.46733064386579],[16.133411750460294,47.463882252986856],[16.13519069023434,47.46213595254102],[16.13055449035315,47.460242289313314],[16.129997162922432,47.45921188466441],[16.13011691550684,47.45603215927922],[16.129362263253523,47.45352157386574],[16.130640244093534,47.45251134195227],[16.134796331273446,47.451108567966294],[16.137919196440297,47.44731545626139],[16.136942510204157,47.444954223673925],[16.13780465770163,47.44274566077392],[16.1412633290384,47.43867329695995],[16.145696344008876,47.43658210286906],[16.147181660651988,47.43519887378442],[16.149914895025823,47.43441227448481],[16.151458795406473,47.432311504250535],[16.156771032088013,47.429976358121124],[16.157674338078575,47.42720154407444],[16.164245597563582,47.42686162422034],[16.166417732202465,47.42449992235695],[16.168984537359943,47.42309851780552],[16.16362575116432,47.42120703494275],[16.16225508757511,47.421446209348034],[16.157699465754057,47.4212290434808],[16.153579879344875,47.42050999484204],[16.150452817358087,47.420838582690315],[16.145406097893833,47.41974627758855],[16.140343254815704,47.41720875137834],[16.138900969886,47.41820793584231],[16.13448619652095,47.41627000584551],[16.13069098962464,47.41632045505889],[16.127607971865487,47.41430198298326],[16.1241362190863,47.41358452966212],[16.117882722852208,47.41366901961228],[16.113357185217723,47.41457019243507],[16.109264765493293,47.414303759221006],[16.105958908226416,47.41525480371499],[16.102171140391444,47.41479103571166],[16.098447641492406,47.41547268690174],[16.09690626045747,47.41226536160708],[16.097382573030618,47.40767987391137],[16.099472299833092,47.40502113382977],[16.10126521621035,47.40385605321107],[16.103033373755498,47.39933576973216],[16.10455886733127,47.3973992260801],[16.10391570818105,47.395527910029145],[16.102350243859203,47.395010953896175],[16.100960774694727,47.39608085793316],[16.09798689533982,47.39502423175556],[16.095686248195054,47.39310389020317],[16.09018870964657,47.39083773867413],[16.08852417766525,47.3925986310766],[16.086603569547464,47.393370271163754],[16.08537316678707,47.39479006425491],[16.08122219105967,47.39644039603386],[16.079918352807024,47.39854693740623],[16.08510983279578,47.39967323034442],[16.08657290363422,47.4013866147175],[16.084764525554228,47.404201208237694],[16.08479027804533,47.405543407898485],[16.086989091952162,47.406598246044595],[16.090173209232862,47.407188508062696],[16.091925710360087,47.4067741590018],[16.092523303703814,47.40943512924749],[16.08685419711541,47.408418418900396],[16.085252637786745,47.40773724590649],[16.082828001788453,47.40847078282877],[16.081326072415987,47.40985517946214],[16.07741182036184,47.40684963562852],[16.073623622490125,47.405263077256265],[16.069283815638904,47.40479985368903],[16.06763823670003,47.4021610554233],[16.067727273654032,47.40092973652165],[16.065702446377315,47.39913357458404],[16.063717465424183,47.398391047812446],[16.06335240610285,47.395647704281444],[16.0621254114721,47.39505802560849],[16.06094066126301,47.39193683606864],[16.062614977905756,47.39081427061984],[16.063110476749785,47.3880466923912],[16.0601929807122,47.385230636997015],[16.05763297797225,47.38493882757068],[16.055967976466043,47.384506814206084],[16.055217989493585,47.38511634986664],[16.05101647824349,47.3845972360404],[16.047647338801987,47.38335066661524],[16.045695538245834,47.383533018020024],[16.038619608896404,47.38293269369039],[16.035956878263335,47.38195554797674],[16.0311548416561,47.38121583106888],[16.02732620577123,47.37998987335984],[16.02832769067063,47.3780536855901],[16.03053566936787,47.37564203270061],[16.031256102645052,47.372894344310296],[16.027430487596547,47.37210245401324],[16.0227047970681,47.37081232734008],[16.013215452859672,47.36890274985071],[16.012371551309755,47.367827058213585],[16.016307451053798,47.365203756630684],[16.01830234225416,47.364645728546385],[16.019525527272844,47.36235788378879],[16.021559542659443,47.363982809166615],[16.02446560566801,47.36144563552856],[16.0240535771944,47.35865064590913],[16.025376762992906,47.3571177924609],[16.02819857998988,47.35627298176611],[16.03100587033918,47.357250196376626],[16.031718176228672,47.356307783280435],[16.03109912707305,47.3541735649277],[16.029969662937294,47.35336105401825],[16.032446698738326,47.349851997233884],[16.034130566459943,47.346096039310844],[16.033322881223917,47.34441941100425],[16.034505731041097,47.34361953500745],[16.03809153696276,47.344285378151504],[16.04119984715163,47.3420889273044],[16.039331924595377,47.340222018172035],[16.042459189236638,47.337778572517585],[16.043287148846098,47.33619051293015],[16.045230937760234,47.33658481668674],[16.04824746041355,47.334165616351946],[16.045032253208174,47.32819173944627],[16.046359950440696,47.32513409580915],[16.04835737039614,47.3241916353029],[16.047852977164286,47.32052289012364],[16.049329181906153,47.3181072831295],[16.051291863637868,47.31649854857093],[16.05438991804879,47.31692525464574],[16.05673238140275,47.315391460800434],[16.055482982144856,47.31357686906175],[16.055664585847495,47.31082316246469],[16.055412446187567,47.30717137908055],[16.058593740953906,47.3057526694326],[16.05886862100873,47.303194343446144],[16.057771256855965,47.3011413472891],[16.05934906957437,47.2987750149792],[16.05714769814822,47.29691006878388],[16.059541973663503,47.295650181245065],[16.061563961591947,47.295619429643715],[16.063375161456154,47.29185772199694],[16.06201225469058,47.289865675830455],[16.062752703933384,47.285141374923924],[16.06516749762171,47.28197236225695],[16.066373078542835,47.2810493881008],[16.06827006480937,47.2811167518809],[16.068522893845017,47.27937595218425],[16.071086955892948,47.27755001331036],[16.071944319118813,47.275387030187574],[16.07195757259727,47.272849779451846],[16.07348043721224,47.27232749291293],[16.074702186560963,47.272893890949405],[16.075528526217365,47.269471704065325],[16.074589549036784,47.26735527470806],[16.07660156249556,47.267035825582916],[16.078904453329244,47.26463669673587],[16.078125383542478,47.2633951651755],[16.079276293389416,47.262249351179115],[16.075778181922896,47.26023087643598],[16.077909145942602,47.25789261378023],[16.080509964434146,47.25421941712003],[16.080750031490926,47.25117943457476],[16.080233850992066,47.24849222955389],[16.0820914378362,47.2478260657393],[16.083548527840495,47.24641316105555],[16.085030628220135,47.24370882634608],[16.082621750566023,47.23910267044888],[16.08151151172205,47.23820119233509],[16.081999273186575,47.23477402865712],[16.083734166890213,47.23424160111403],[16.082155582822928,47.23407070273489],[16.082855013851706,47.231576844726575],[16.08243323273829,47.230172954234405],[16.0786278385363,47.23060965683964],[16.07922187694645,47.22862173608308],[16.077725547668585,47.22824685543862],[16.07650886201005,47.226624662684294],[16.080871688780615,47.22603720010011],[16.0819024257102,47.224683553083864],[16.080384667659445,47.22325538779615],[16.083016441687235,47.22128178994436],[16.083044491540626,47.21911599226614],[16.084401197032776,47.21848462381418],[16.083400232040553,47.21603961379171],[16.0839253573821,47.212862178600325],[16.08371194938566,47.21067564565277],[16.0869236886994,47.20976663097947],[16.08833777704749,47.20834206614474],[16.08841918915513,47.20424905946335],[16.090014113418867,47.200610938367774],[16.08870982183728,47.199163592268384],[16.091620267355623,47.199547394232766],[16.091667603627688,47.19827830192153],[16.094467684259325,47.19584798999632],[16.095300012373375,47.19386633505723],[16.094239960657397,47.19219110671488],[16.09619304977727,47.19171033453798],[16.098807187242144,47.18852479224758],[16.100690467678778,47.18691903427524],[16.099793329518068,47.18435125977481],[16.09991528998615,47.18312176076503],[16.102626973057745,47.182815924981504],[16.103063496348852,47.179926820799395],[16.104277522484715,47.17917386540158],[16.102753009845788,47.17676272768834],[16.104638903313834,47.17391525017635],[16.103502963861107,47.17172128507655],[16.104580296518048,47.1701890659089],[16.105917505342067,47.1702604168728],[16.10767433033386,47.16903187328476],[16.106498791610996,47.16748643081477],[16.10748189804975,47.16568844094289],[16.109630416850425,47.16377109598966],[16.10912778910655,47.163009231019295],[16.110491786008513,47.16057104964379],[16.10839468131097,47.15718789472897],[16.110653744526697,47.15518589372312],[16.109288590323843,47.153453335367885],[16.1112443242921,47.152518965357416],[16.111841250707815,47.150943011090355],[16.111261497764296,47.14748784261886],[16.11272764658383,47.14656619801343],[16.11404086760728,47.14456469675535],[16.111743522106746,47.143656432793954],[16.109670627299167,47.14174407208637],[16.111895860433428,47.14143046931409],[16.112294709199034,47.138762446307815],[16.11087366062658,47.13827241168964],[16.11119239925213,47.13570664689702],[16.11223706808718,47.13389169512108],[16.111340891390018,47.13218409187708],[16.107866595818663,47.12994667250114],[16.10630773307712,47.12758632168051],[16.10557180334558,47.12365037260661],[16.10426789676685,47.11892991637376],[16.101638423729163,47.11671118836606],[16.098961964508256,47.11321586518388],[16.092193025807024,47.11370327281081],[16.09200488331858,47.112900947470955],[16.09309985295831,47.110176236503385],[16.09082532954947,47.10816213834],[16.089541599181583,47.10492851822745],[16.088591451839296,47.10129830801572],[16.089824526436395,47.1006027147023],[16.089368439087405,47.0988672821957],[16.090332198506115,47.09478823340551],[16.08930654825953,47.09145562388352],[16.08379119127893,47.088540159123625],[16.084049326668243,47.08651480837289],[16.086460088538978,47.08476399499578],[16.08744917146963,47.08228786521858],[16.08632381809323,47.0811453056669],[16.085016511834702,47.07653208854279],[16.083817318454543,47.075128665718914],[16.084875254688026,47.073495951358666],[16.088653974479268,47.07125844966168],[16.090667173457785,47.066706644671186],[16.092333093982106,47.06535018105509],[16.09241309413695,47.063041912547604],[16.0955744934835,47.061767746088016],[16.09407076799063,47.05968874031338],[16.09543503974335,47.05893152976971],[16.10188846049652,47.06145780378453],[16.10406053352817,47.058410660707324],[16.106895801132165,47.052073512744734],[16.108454518356133,47.04950447114574],[16.11035564456483,47.049643673509884],[16.115772467424513,47.04773465586918],[16.116420747274788,47.04593967297617],[16.11828903463888,47.04542723557852],[16.117706756870405,47.04256288560348],[16.11493526450265,47.03930693492271],[16.115780945904838,47.037279419105914],[16.111590793176664,47.03598192764827],[16.1129931455151,47.03375219235605],[16.116758841206874,47.03310274438176],[16.118573164456958,47.03154512735135],[16.117138707367047,47.02996469315382],[16.11550603930968,47.030990499207114],[16.112254968332994,47.03116444641054],[16.112412601179734,47.02958964941238],[16.11555741493892,47.02890500493277],[16.11752949829187,47.02957480302651],[16.119006545634207,47.02699975502434],[16.12146710038825,47.02778463265393],[16.120747807206367,47.024464297737886],[16.117666524726463,47.025505698745775],[16.118548495327488,47.023440709230464],[16.120729152393984,47.023454192626204],[16.12179448696204,47.021805140949375],[16.12206801281477,47.02063056762453],[16.123164660419175,47.02031380480006],[16.122067181925534,47.01987761721873],[16.121972690533926,47.01959749491396],[16.124021143581423,47.01846844905469],[16.12467170305538,47.0182668944639],[16.125536612148924,47.017377231465666],[16.126970160677132,47.01752789589319],[16.128732515579923,47.015941482069316],[16.12793859490346,47.01282713383637],[16.12980081116805,47.01170084721575],[16.133724368441417,47.0116617638569],[16.134810293958093,47.010270380757945],[16.135096440471393,47.00839830280513],[16.133661637776797,47.00673408397135],[16.13552504367583,47.00618804143686],[16.13656723074449,47.00382361097038],[16.13921226024809,47.003625730467164],[16.14012403009784,47.000627745522365],[16.14185790067814,46.998926110884526],[16.142810831509557,47.00050122374456],[16.14477307730816,47.001234341500535],[16.14636578816684,47.00078881624036],[16.146744643974525,46.99713958926793],[16.14580589801764,46.994520897509446],[16.14924809811304,46.994495694078545],[16.152684308397113,46.99372763719765],[16.151740961122126,46.99151535103217],[16.146794623371925,46.992228269480314],[16.143033426281832,46.9932056968163],[16.14079186511543,46.99267655694355],[16.139516240340633,46.99403686623317],[16.136979558951143,46.99363055448603],[16.135768259964777,46.99463088406188],[16.132142926086868,46.99554615319278],[16.12610677916224,46.9937756234743],[16.125743669464846,46.99287321140373],[16.12113825050144,46.99162715322533],[16.118929945306668,46.991367599923606],[16.11819869408607,46.98994326076029],[16.118758041102712,46.987540971685235],[16.11575261910184,46.98204013233327],[16.11583651255385,46.98078792829864],[16.111950036981465,46.979688121282386],[16.109971571279857,46.9801032670998],[16.108805098988633,46.97695985421084],[16.10793003034782,46.97678569915207],[16.107106857001714,46.97368609799944],[16.104508640017738,46.97287516595012],[16.105271902043736,46.97100764428095],[16.10683313517477,46.969806500396544],[16.10651549197048,46.966753241300474],[16.104969698078822,46.966031480721185],[16.101955129032476,46.964566842219135],[16.101266726972693,46.961931294546226],[16.097865587858514,46.9616777761871],[16.096430509773825,46.95748884015593],[16.093579465409924,46.95669806552992],[16.092612098137973,46.95473777555299],[16.091990209466978,46.95229828395768],[16.09305028618767,46.950961315421985],[16.09213313006296,46.94648422889992],[16.09353232937188,46.94298500694568],[16.09297894068545,46.94148895150404],[16.091094576170587,46.940002585214096],[16.092463670505914,46.93699182495031],[16.0920023328516,46.93504614362515],[16.088217273341588,46.93579426238262],[16.082345850660158,46.93530977740709],[16.079543469083145,46.9355665840083],[16.074281618999215,46.93473928314729],[16.07026778982478,46.93642507964036],[16.06547342935114,46.93431048717181],[16.065734456076118,46.93205074140424],[16.06014956009542,46.925506882097125],[16.058532895999218,46.91965784122402],[16.059480841158326,46.91598004461318],[16.05875179143986,46.91402368474841],[16.05611836198714,46.91220816731681],[16.051258370533102,46.911077148922466],[16.048836988330567,46.90945968072197],[16.04663395611898,46.90967676041222],[16.044572208813122,46.91106084444685],[16.042761438131006,46.90890708057051],[16.040257769327887,46.90705416893897],[16.03511117055057,46.90530431834272],[16.033390577692963,46.90294605554131],[16.03402060446283,46.89964044385583],[16.03336032151962,46.898555894224316],[16.033574833528764,46.895638052147504],[16.032607364588106,46.893565782674635],[16.029400398023725,46.89368806494525],[16.025590570140164,46.8920103471219],[16.021151059204804,46.88943362492487],[16.02063565181343,46.88863061392031],[16.0167665657202,46.88630093013135],[16.013098021305506,46.885157316199376],[16.011062991747963,46.88527143586467],[16.006791450078417,46.877789353244786],[16.005669831015272,46.871518854565],[16.006821765523938,46.86879783689619],[16.00676620282778,46.865423423668084],[16.005569110109334,46.85864522675333],[16.00187382821351,46.85468188681788],[16.001579896390307,46.8531917778396],[15.998468187240572,46.84891073106688],[15.999889799681938,46.84759547874293],[16.003237993394375,46.845980981021675],[16.001691656025955,46.84449664063578],[16.000692532925445,46.84247189437578],[15.999065919518529,46.84095565263404],[15.99883652016987,46.83906599371865],[15.997087945107252,46.8387760297305],[15.997136661860566,46.83702090114512],[15.993444557407093,46.8361010228545],[15.990559577517198,46.83426357235283],[15.98823740696001,46.83352085582526],[15.9862892637305,46.83117218482558],[15.986849366582472,46.83017276805053],[15.983308249818961,46.8281234747137],[15.984644170016127,46.823467409587224],[15.984725106877258,46.8210679142966],[15.985579141388607,46.81994385359532],[15.988437184365408,46.818768449094115],[15.988980715866937,46.817497694974115],[15.994731978391979,46.81212896215437],[15.995334080060543,46.80992920780305],[15.99222776728641,46.80636611334886],[15.990246335972122,46.80503827011241],[15.989579922049863,46.80378638374452],[15.990109992584387,46.80110425834598],[15.98979698051394,46.79885796783981],[15.99075751620961,46.797052165979096],[15.991257594842313,46.794186355227794],[15.990621520550906,46.78972336750799],[15.989055265727547,46.784947769936025],[15.986901753777575,46.78153405815781],[15.987150279812079,46.7791426010965],[15.9860085791046,46.77748799200738],[15.986148367069465,46.775834636995896],[15.987370642728955,46.773925122937875],[15.987044657928923,46.77160216256023],[15.985930743908396,46.76998921893158],[15.986547304517604,46.76859908522328],[15.986412921993653,46.764504783865426],[15.985447370453333,46.762341243516175],[15.986850013873758,46.759261695230215],[15.985685579480212,46.756286796011615],[15.981973254209342,46.75278095507572],[15.983762674367256,46.75108460246452],[15.98431796264105,46.74739843851324],[15.986006110006878,46.74449144546891],[15.985508096643626,46.74126583616265],[15.989055759526991,46.73780293617825],[15.988951820637276,46.736550448921285],[15.990358416198585,46.73216539952665],[15.991074058234284,46.731309120135435],[15.99319281909592,46.730703666164715],[15.995942787020596,46.72831833600325],[15.996755694488147,46.72660092387609],[16.000726088407795,46.72389263932409],[16.00083692344907,46.72309739201747],[15.99909043643279,46.72035524938979],[16.000919048862684,46.71777230408615],[16.005948925249122,46.71685236061886],[16.0087852250388,46.71816284408203],[16.009888890253787,46.71810814876049],[16.01415816111636,46.716437898650156],[16.017796613718584,46.71206614893558],[16.018995288067494,46.711521673244384],[16.0251341982632,46.71291807760914],[16.026671542291584,46.71260672885022],[16.0254087867231,46.7093802250521],[16.024667545142307,46.705887751229746],[16.02641708823559,46.705095885828015],[16.02696223527142,46.70347473637265],[16.026441797168232,46.701107621210284],[16.031677702838564,46.697988577854346],[16.033707767208767,46.695908552872325],[16.036518928322234,46.69191128149794],[16.037786534981823,46.688762569357834],[16.03969321231398,46.686244224487154],[16.03803052094321,46.679972945012906],[16.036800227325674,46.67723413199474],[16.036254292347774,46.673047141964005],[16.037919974863637,46.6689418403008],[16.037026436695204,46.6661927131666],[16.03733763177795,46.66217074147965],[16.035308621378306,46.65684024638388],[16.033909360532217,46.65753071860222],[16.02466693993863,46.660604812508275],[16.021221750633696,46.66242177036191],[16.01741724501652,46.6634054692868],[16.013374124400542,46.6636309754763],[16.01006451014023,46.66455719689852],[16.00586141825057,46.667219749588035],[16.00349194853318,46.67062633828944],[16.00217974228098,46.674825612208934],[16.00078414039704,46.677250450731535],[15.998980769151713,46.67913941001775],[15.995585487952008,46.6812794587528],[15.99185791195801,46.68255141661836],[15.980852578190449,46.685310460364775],[15.962760694353753,46.68736901066102],[15.954588088898879,46.6878915165465],[15.948414377718255,46.688686097346825],[15.944271763223398,46.6897696212966],[15.940304058772599,46.6913254676884],[15.935758905460958,46.69408294332033],[15.925027611310373,46.701667013701],[15.917609698725117,46.706701336234985],[15.913777039615136,46.70879921883247],[15.908899877005302,46.710757847966015],[15.902211035236085,46.7126346057201],[15.891660697606273,46.71428018209389],[15.889034954858829,46.71500259752391],[15.882234946221738,46.71788787138317],[15.874362255140666,46.72037419163835],[15.8676815551352,46.72175136790972],[15.860260220869113,46.722704763339436],[15.853357587780813,46.723023210004634],[15.836913818249304,46.723085115248445],[15.83322241178004,46.722976848285086],[15.827678233311913,46.72235674188238],[15.818830928026797,46.72076475032754],[15.811988333499148,46.71931948236872],[15.801067650993437,46.716746612642574],[15.796577995541936,46.715372498017125],[15.792632355846518,46.71360520704951],[15.784270234919527,46.70844510722419],[15.776488450498242,46.704997407550124],[15.770523851493856,46.701872764387204],[15.768317697795935,46.70041133977985],[15.766168953924058,46.69976270216899],[15.760273703434981,46.700068381917575],[15.757697880134788,46.69988427404458],[15.753384851146947,46.698770087533205],[15.749649088414047,46.69867313405675],[15.745039134090593,46.69945335550536],[15.740402017091899,46.70058900637904],[15.737441256148458,46.70068873761026],[15.734214784478759,46.70026535274725],[15.721312004220502,46.696588328647685],[15.717170575842523,46.69672438600859],[15.712889484012049,46.6976174194776],[15.701775053362919,46.69893643709105],[15.695013839147727,46.69912823286549],[15.69132819407231,46.70003570438499],[15.685116553523999,46.703320346160446],[15.680929928259731,46.70521892585437],[15.674293913035527,46.70732208895324],[15.671143464648242,46.70769892036839],[15.667381207960132,46.70762066863723],[15.66139110477211,46.7070745199749],[15.654862856249181,46.70718634975422],[15.647192600840109,46.70646136622434],[15.647015658766145,46.705750704819984],[15.649205779189316,46.70211914742599],[15.65130768072998,46.700149455673085],[15.651566639696178,46.69763184089138],[15.651191332920883,46.69347678214688],[15.649892013791224,46.69187198147227],[15.646655649753088,46.692603585691785],[15.640487346719716,46.69086954479006],[15.638448331626531,46.69312400289326],[15.633907083163558,46.690966773350105],[15.631412724423857,46.68881460867718],[15.63112613476154,46.686475329106564],[15.629444781192444,46.6853952328621],[15.630395711902601,46.68233917086195],[15.627006111210529,46.68133610816698],[15.620186411660846,46.680269555755835],[15.618977640081804,46.68141348690619],[15.61710254398671,46.68052482312861],[15.611752080737702,46.6828740150043],[15.610429226790542,46.68412727213702],[15.607821700133062,46.682774076829965],[15.606793267787268,46.683721692674474],[15.602570943074191,46.681848201654105],[15.601145399986574,46.684560584009574],[15.601486211215288,46.685428507115454],[15.605745023414041,46.68834828342714],[15.604261072122503,46.68888602062073],[15.60123460099393,46.688863880304865],[15.599343614112003,46.69018476422823],[15.59377936900125,46.69104292624008],[15.592170608382807,46.69065638188103],[15.587662236682753,46.686802320726024],[15.587922519622316,46.68497854430766],[15.586959466493855,46.68394631235321],[15.583995744229192,46.684978429347105],[15.5795455794087,46.68265495962897],[15.576707971090894,46.683972781075276],[15.574578168026598,46.68351371575006],[15.575294846888362,46.68164688679711],[15.572961097694073,46.6815026653599],[15.571915822162108,46.68218375246401],[15.57047206103262,46.68071967046519],[15.567357317663744,46.68161490896958],[15.5655322398521,46.680530974540915],[15.56460845571373,46.676037363313135],[15.561996516418436,46.67646605128961],[15.557239235204934,46.67428570397752],[15.556413774950299,46.67180398990722],[15.555159295924948,46.67168998819712],[15.551000714691508,46.67304702811824],[15.550259425675105,46.67189078507689],[15.548123338412394,46.67283755387745],[15.54646827833153,46.67269432211269],[15.544090649420879,46.670202637984275],[15.543483174661946,46.67085858678629],[15.54090439579146,46.669994534437706],[15.541565844210785,46.668900437837166],[15.543742479768055,46.66794246660195],[15.54350630999363,46.66530069375973],[15.545104645049701,46.66479589800077],[15.545901226755795,46.659921791757846],[15.550222491748276,46.65372483822705],[15.550675178158462,46.65184239416842],[15.54986964156133,46.64961121589874],[15.548681870847965,46.64839659535208],[15.544017559321007,46.64944469266731],[15.541932934865185,46.647082536480674],[15.541538184798338,46.644574662561766],[15.542841912872667,46.64313807668749],[15.544191950623114,46.64350983675992],[15.545387198429852,46.64215131781642],[15.548313714466829,46.64097113416345],[15.543314212292527,46.63713933088612],[15.542216513167002,46.63550054399157],[15.542919947468885,46.63425699912671],[15.540751620293973,46.6329194776281],[15.539664154251334,46.63065343743958],[15.538497816987448,46.63379170173669],[15.536033405991642,46.63499357142839],[15.53334963094324,46.634114603844786],[15.530751647303815,46.63188937924371],[15.52872594507611,46.63151163211525],[15.525681486951589,46.62879055937103],[15.521684471628014,46.6262960147852],[15.519845790513411,46.62355948618315],[15.516051557990643,46.622051678398364],[15.512955555117664,46.6239823084498],[15.509636727270179,46.62288437146346],[15.50824785785005,46.621364498127505],[15.509028533289193,46.61730842976029],[15.503887301787364,46.61636890270765],[15.501635558061121,46.61667624686842],[15.501267434543404,46.61499272580071],[15.499489794379818,46.61460978894523],[15.49757476657613,46.61541239642771],[15.49712370165368,46.61711480659499],[15.497818156887517,46.61833301360145],[15.495422390371138,46.6193561593618],[15.49281238983753,46.619358845086886],[15.490132855816803,46.62100074011846],[15.485383128644647,46.621395666446816],[15.484343523540913,46.6204702099244],[15.480917719011913,46.61948518881932],[15.479091501365504,46.616362467000386],[15.47564383261211,46.61386921498909],[15.471964822600174,46.612750039406365],[15.47005564365718,46.61270289994332],[15.467265877825616,46.61404578753496],[15.46635026456904,46.61355203832656],[15.463683528572606,46.615068477204],[15.461121881517963,46.61529247556236],[15.459723589399406,46.61634894375868],[15.459385749980907,46.61856426416664],[15.461064759972198,46.62028238861729],[15.461244444749541,46.62280046337619],[15.45935561771471,46.62664795860988],[15.457122717469431,46.62679472725688],[15.454396677219727,46.629952848288156],[15.452283055536956,46.63082221782463],[15.453104616923733,46.63198204028497],[15.452358915561456,46.63356241859366],[15.454074385200773,46.63967860132441],[15.450445357285403,46.640849060642594],[15.446856573597634,46.64304530357307],[15.439030328857813,46.640600679029944],[15.436575719720295,46.6405654783664],[15.433009969082399,46.64259963324518],[15.430880682650939,46.64313071171499],[15.427401164835153,46.647357245511806],[15.420968507129215,46.64820611786894],[15.418931782184785,46.647935157219884],[15.419096522108676,46.650215741158355],[15.420373806329243,46.65155575760244],[15.420538745817074,46.65339412081633],[15.418928170951048,46.65397000005714],[15.417151050184925,46.65568377191984],[15.414088375985372,46.65548198259466],[15.411293012239332,46.65624476652827],[15.409399568893388,46.65557980921791],[15.402882829771341,46.65517624945386],[15.398643675315277,46.65407123055117],[15.395347127181015,46.65398617866143],[15.390991268415833,46.6527764401948],[15.38824484848674,46.65290202627681],[15.386187914336842,46.6536299366975],[15.38009834434934,46.652329541572676],[15.377779556523764,46.652990311826294],[15.373120866681177,46.65259050336298],[15.371572349006472,46.651171167470146],[15.369516657604393,46.65044556986683],[15.36733202540833,46.650596597951065],[15.365351497441248,46.651998615889916],[15.362152854246833,46.651694275055654],[15.35293848469252,46.65215333540547],[15.352591849206341,46.65433808243536],[15.350958232179057,46.65569096455115],[15.348143409032806,46.65535262584045],[15.344380103969096,46.65412673904976],[15.341413504158194,46.65207162438193],[15.338355583629879,46.651573471000056],[15.33499381129297,46.65387228379778],[15.331066452578083,46.65385604315182],[15.328515685834233,46.65307024863345],[15.325642101478964,46.65394298276067],[15.320952308999507,46.65110959919747],[15.317871892488082,46.6485889375384],[15.315887570501282,46.64855606091796],[15.312755785860702,46.64977889955497],[15.311866370162452,46.650945235012976],[15.308531930874071,46.65284160305259],[15.305197043876301,46.6531438691042],[15.30313771696602,46.6536693937964],[15.2987976469968,46.65395571647459],[15.290655647861904,46.6529136313316],[15.28868085328011,46.6511891737983],[15.285769189270942,46.64970798976381],[15.2812980374363,46.64865627288891],[15.279452703300773,46.64592604767769],[15.274023465568327,46.64427458450208],[15.270166059315674,46.644886867934304],[15.267597265085449,46.64461989782553],[15.26506672692729,46.64544046280463],[15.259744966364899,46.645419974899625],[15.254768531565093,46.64424705547348],[15.250989777761516,46.64300135837565],[15.24120680399648,46.64247218528702],[15.238561072055422,46.64077452582303],[15.23311517595507,46.64009200845612],[15.226636382868465,46.642623418722785],[15.221504148246666,46.64414511153279],[15.215270944430012,46.6429171583507],[15.210938538377311,46.64450151781465],[15.206245546753172,46.64464813478039],[15.203368445920134,46.645909749796715],[15.199196800355677,46.64565267247692],[15.194568494131136,46.646440981691356],[15.18946431985387,46.64911924828241],[15.188024988647827,46.65182599633498],[15.186558191426457,46.653484014229726],[15.18361171888466,46.65431990827688],[15.179858196910967,46.65672814158692],[15.178343648788845,46.656975319705815],[15.174665683054231,46.65598265821543],[15.171885047348162,46.65625238946244],[15.17041673845288,46.65491619759628],[15.166584335919154,46.65454572741514],[15.163916250706475,46.654879495090626],[15.161753284543853,46.65800686552877],[15.159578718851654,46.658482290531225],[15.155778779190644,46.6570248723179],[15.152158912918043,46.65655921568158],[15.149836755385,46.658943518237244],[15.147680437068328,46.6590168304689],[15.142507845808144,46.66050968833523],[15.14041441822146,46.66011735439696],[15.139420945446872,46.65787251813576],[15.137400978243397,46.65708888831597],[15.135060314808067,46.658470467303104],[15.131002471471053,46.65696486385797],[15.13042932162432,46.65459274532878],[15.128352500734536,46.651262292846596],[15.125773090248764,46.65071389629484],[15.124163852101338,46.65123401347967],[15.122944949561123,46.653893717277064],[15.121968567577776,46.654698242070474],[15.118794142421574,46.65504400605362],[15.116710813347238,46.654577908272],[15.112962818547844,46.655771920965435],[15.110465647857739,46.65880525146088],[15.107842344383265,46.66037025718365],[15.104491182558263,46.66032193986751],[15.10366250084153,46.65920688114852],[15.097516506929091,46.65667614415306],[15.097378930764904,46.655505051879196],[15.094649923500935,46.653597031768086],[15.08977166932567,46.65364753916405],[15.08613289152137,46.65299692198158],[15.086251924100804,46.652102542488265],[15.08230889283784,46.64901348635681],[15.079607976411108,46.64584936481787],[15.073574150768035,46.64959139311347],[15.069835429699378,46.650838899926114],[15.06785227924642,46.650605625752476],[15.062313842013335,46.65277657493685]]]]}},{"type":"Feature","properties":{"name":"Salzburg","iso":"5"},"geometry":{"type":"MultiPolygon","coordinates":[[[[13.798352103631528,46.951844674621924],[13.793725075994473,46.95008070216351],[13.790129504591736,46.947776742111614],[13.787980405132544,46.945484783117806],[13.781858253483055,46.944566726240176],[13.776109009230114,46.94550523085197],[13.775213340550106,46.94713384587533],[13.772761835427799,46.94896276095091],[13.773517985233935,46.94968821141053],[13.77160745835519,46.95335444967572],[13.77524199766959,46.95620852777201],[13.774751978259085,46.95964540417384],[13.772112509610116,46.96122498132391],[13.770802396170982,46.96281548184624],[13.771559188117836,46.96930448868493],[13.768931487558667,46.97779355575246],[13.76639271598792,46.98005186330401],[13.76413642288036,46.98140393785268],[13.760259653651786,46.98249384918619],[13.75685767353021,46.98256553894425],[13.755274258205302,46.983988074899734],[13.755556137559177,46.987542289931696],[13.754780926881825,46.98970494660827],[13.74998045381726,46.99273383623295],[13.745070190706711,46.99424136986806],[13.741882558688248,46.99459967361784],[13.740418334097363,46.994067401007044],[13.734594238681629,46.99075828935982],[13.730901765264301,46.98995436915121],[13.727621811717366,46.99041319343988],[13.725241335092397,46.99159504058796],[13.719385921926538,46.99200445819143],[13.715270279051886,46.99324624444905],[13.71125203290877,46.9948403643664],[13.705891272945758,46.99618375748101],[13.704158071812861,46.996165501765596],[13.7030340504091,46.997811377407615],[13.699158486481263,47.00028855547346],[13.698978010431713,47.00267214069681],[13.696406737061356,47.00399643062416],[13.695020572137494,47.005606352499925],[13.692349068045838,47.00599382851467],[13.690855045470151,47.006829681492256],[13.689277441688585,47.00984245685662],[13.691192110093706,47.01103459382602],[13.688581170453704,47.01259511413396],[13.689616044302904,47.0139002528797],[13.687833281758401,47.01619876839251],[13.688379353965308,47.02014605473416],[13.686992905405688,47.02236593353041],[13.687263540577975,47.02358637310448],[13.684676386572288,47.02982427698881],[13.687997617296945,47.03144139584498],[13.692368739142651,47.03446138221022],[13.69241390113907,47.037576217624114],[13.69056973246382,47.03789210271363],[13.690529173080002,47.040919298560254],[13.683729312368797,47.04052982514287],[13.677163362747907,47.04087913247676],[13.673698730136149,47.04056357943724],[13.672728286100211,47.041922644395996],[13.670619853117811,47.04052705924805],[13.666240431248482,47.0399044664357],[13.664069167883065,47.041332116508435],[13.66124669844435,47.0402586703892],[13.657471858051661,47.04082890888249],[13.6556490915592,47.04222822815357],[13.65237549690786,47.04040344066081],[13.6461825451915,47.03988692397473],[13.642721597707103,47.04101718320008],[13.640871926182783,47.042724964269766],[13.641147986787544,47.04366152296865],[13.634826979627563,47.056210337271956],[13.612859151037414,47.05986163358905],[13.608778347698388,47.057790136810425],[13.603356754398131,47.05659241196726],[13.600311528245285,47.056404091241184],[13.598166494942515,47.055637371131795],[13.593013368372253,47.05520964182401],[13.591419662691269,47.056673264809525],[13.589302706882345,47.055425469744264],[13.58574742458393,47.05554140505313],[13.583176936998486,47.05412066580433],[13.57796705548267,47.05271854497363],[13.573564750946868,47.05327042723513],[13.566885321020028,47.05488211244959],[13.556132686670349,47.056619614968945],[13.552471085312744,47.058506298628146],[13.551939224726706,47.05948097823691],[13.549640247829418,47.06011487046944],[13.546342004152724,47.059907770590875],[13.54252602447323,47.061358388213904],[13.54118300083603,47.06240964104316],[13.537610210716624,47.06287870585631],[13.535329547661625,47.06449663564179],[13.531888767867585,47.06528011862521],[13.52870751312536,47.06501282657671],[13.520729128845899,47.06775810661406],[13.518741011728933,47.069222345967354],[13.51358116655766,47.069182431292255],[13.509944740129798,47.06949641437011],[13.5073537413783,47.07111876227895],[13.500268245430028,47.07080692749583],[13.499259007179985,47.07251448053863],[13.49381716787781,47.0735225939772],[13.485647895627114,47.07434707758099],[13.482520517207737,47.075360156448596],[13.480236106620442,47.076661969341764],[13.476721000982419,47.07646410721436],[13.469438089534439,47.07831033987674],[13.464702302500553,47.07831790448216],[13.461121081933658,47.07945220903432],[13.45893565285474,47.07940921222274],[13.45514787124471,47.08101900003322],[13.449678872892973,47.080156098741725],[13.444425887960023,47.07964588612316],[13.44303818205616,47.079047355710095],[13.436270962026617,47.07863206928985],[13.433028658729311,47.07933364668004],[13.42677933083458,47.081194317048485],[13.424763290456012,47.0820862928719],[13.418755810580187,47.08000520909823],[13.417835021092733,47.079135274993156],[13.414384787456997,47.07816144910005],[13.411623114685014,47.074950466010435],[13.403554866604855,47.06996352363297],[13.399983778738624,47.07021717334031],[13.395273702463344,47.07120951893801],[13.392070133620175,47.073893738104],[13.389963550405094,47.07415493984022],[13.388068374359055,47.075343491252255],[13.38519186184862,47.07625389495903],[13.384765103095358,47.0774473755033],[13.379242608739219,47.08100945850557],[13.378206481962149,47.083471936768056],[13.37864211434628,47.084706707007456],[13.378153744291934,47.09130091960714],[13.377313183665692,47.09317242696264],[13.368107654274183,47.09627492726729],[13.365597778360184,47.09649756058534],[13.361265484764086,47.09915027400286],[13.358971253153888,47.09958991323964],[13.352636304403518,47.09826347652659],[13.35170799917132,47.09781536481606],[13.343500172622988,47.09627186696208],[13.341379578411505,47.09671122527957],[13.336756330238549,47.09611060396571],[13.329792602209851,47.0963204532295],[13.32240773707134,47.09375834578685],[13.320778586462138,47.09156686692546],[13.313151740427132,47.09010572891661],[13.308564349740296,47.08882004747508],[13.307250812410132,47.08681226588331],[13.300006535996,47.08744564299529],[13.297106833335201,47.08847069290265],[13.294003000154058,47.091941643165036],[13.2872952066704,47.0951039362277],[13.274503599910444,47.095862267896415],[13.265713199166367,47.09244501015527],[13.257869668679177,47.09007468163197],[13.251873124870269,47.08858080601671],[13.24699826641847,47.08822145647568],[13.245342127605646,47.0864920805773],[13.245195298295199,47.084625738433196],[13.242647444320108,47.079315595124314],[13.238495769833369,47.075584713284236],[13.236572977614655,47.07224024421622],[13.242730652140168,47.068562951145765],[13.24578485380462,47.05201345286017],[13.245313561168297,47.05128768878815],[13.225139952375423,47.04774393699078],[13.211909211087894,47.044786183191015],[13.206405606794867,47.044987860068424],[13.201451297411937,47.04464392067658],[13.19421117446787,47.043285196119015],[13.185383672033623,47.043334006370806],[13.181808104853621,47.04445178520537],[13.176066330230736,47.04285895364142],[13.173547255053453,47.0415862189229],[13.168425577986818,47.04245638839647],[13.164895287142112,47.041525170113786],[13.163568342839207,47.040342328281774],[13.159164227417786,47.03775267929889],[13.152777670413716,47.03619115316947],[13.149040504642414,47.03632967309167],[13.143881299128799,47.03568038438645],[13.137225449825378,47.036673005196846],[13.135146835225324,47.035489793092175],[13.130392362178222,47.03551669144104],[13.127639700429082,47.03294395454548],[13.126350784806366,47.03054091001328],[13.124153515573449,47.02776133594837],[13.109384132584657,47.02616788980805],[13.103640632723598,47.02700008266342],[13.10083903182444,47.0259669328125],[13.097903669299326,47.025778153675176],[13.09282773116583,47.0261379828525],[13.088985694431415,47.02699593176241],[13.086833694150945,47.02844687179631],[13.08466965701119,47.027266687314146],[13.083243306329415,47.028315589522094],[13.077521976587828,47.02752186224722],[13.076713190359701,47.02512832544725],[13.076963961790211,47.021009318691114],[13.07579263387419,47.019010142565406],[13.073365943349579,47.01640631716379],[13.070207373241482,47.01412404171541],[13.06655309460578,47.01489312645914],[13.057309030941452,47.01801195641213],[13.05501435599665,47.01829492779818],[13.051865531426671,47.02026742946782],[13.046326736940943,47.02312615842674],[13.044272723691185,47.02326006591501],[13.042186858948059,47.022119218515385],[13.036456409871889,47.02439031711754],[13.032138754549466,47.027073649003164],[13.029059790481641,47.027865457232366],[13.022302696087344,47.0287968223763],[13.017048118923757,47.030889458097086],[13.018784612188254,47.036421749081185],[13.01842430631115,47.04003735345771],[13.015068456915284,47.042178597688626],[13.01140017256521,47.04265632478285],[13.000275721836859,47.04458431950818],[12.993009193980418,47.03936547084446],[12.982537409143534,47.036315422559284],[12.979822533065127,47.03910536164373],[12.97714948361176,47.03947934606252],[12.9733206358596,47.039308844033215],[12.968916702807084,47.03857175521865],[12.962028303362564,47.03971192309437],[12.95830043799971,47.042228645005636],[12.954034582007022,47.04394012170688],[12.950189502492924,47.0499694167178],[12.951346941410453,47.05137913836688],[12.952817171238713,47.05493337182335],[12.942252407463537,47.05874254151708],[12.940385987970508,47.059939851940456],[12.940193102560666,47.0644599985748],[12.936377306650922,47.07136019930802],[12.93360670146466,47.07381826795061],[12.934473141851598,47.07671988824226],[12.92666855869548,47.0795891529781],[12.916517509378341,47.08231893994657],[12.911717101832249,47.08228974884673],[12.904732593469303,47.08171542935705],[12.901235790370091,47.08212394482213],[12.898723265760703,47.081493616040405],[12.892920447804348,47.08204430536786],[12.889697103054084,47.081998139293724],[12.88230200993916,47.08530281508902],[12.877572240162353,47.085270394353024],[12.87487460491981,47.0848868701669],[12.868060719315366,47.0869755435086],[12.864185502897765,47.08531958879953],[12.862733193814671,47.08537199196793],[12.857849302164082,47.08266014712288],[12.856908132963259,47.08139407129153],[12.850371238990743,47.0822981756712],[12.843281090119337,47.082491476463126],[12.833940169585409,47.083512374550544],[12.832041473996105,47.08498518411898],[12.83140865343247,47.08680835175436],[12.828949649891765,47.091425225066544],[12.827413362456715,47.09213932589502],[12.824366731214994,47.0923872292681],[12.821786405025243,47.093517957603446],[12.817464537284497,47.09837715608704],[12.814550949606554,47.097670536844696],[12.811642482976707,47.09890490779261],[12.809862720117609,47.09821946333099],[12.801970442437089,47.09871567998958],[12.801097849755557,47.09622015518585],[12.796021384935209,47.09523676940196],[12.792156789939158,47.09360269938033],[12.78695136337928,47.0944497446606],[12.783514174252405,47.09328091622827],[12.779216676750414,47.093499609599206],[12.777446709300358,47.096957280388104],[12.77367962781963,47.09853939163895],[12.769952851400495,47.10165420799516],[12.76697071766602,47.10016338298923],[12.76356916089747,47.100161980549615],[12.761350152081329,47.101026902060305],[12.758973593609834,47.10073492181404],[12.754744795707115,47.098695169182875],[12.753383700457924,47.09843477089518],[12.748412035034765,47.09939615331577],[12.746068650083114,47.100370814661844],[12.742165499927767,47.09974622058438],[12.739449616808226,47.10058888030028],[12.736033033360467,47.10102981945141],[12.73386391155346,47.10218303595141],[12.730244337696421,47.10509773236871],[12.732842003836966,47.112211984326905],[12.73156967470105,47.11429641066077],[12.729735833630775,47.12687242546712],[12.728080438914334,47.13170610856031],[12.722593010898807,47.13199616558921],[12.717464345250171,47.13014591701594],[12.715142761727373,47.130090423015346],[12.7117886266765,47.12852046231194],[12.710200300539572,47.12877929752546],[12.70957837398399,47.12638052581432],[12.70753687844487,47.125149105021485],[12.705603155459398,47.12526866763048],[12.701662780456878,47.12272752263386],[12.697818553024995,47.12315298391908],[12.693899508822469,47.12236441773846],[12.689275729058226,47.123539789591106],[12.686199494091943,47.12502737131019],[12.682764104818125,47.1232767553579],[12.669509152345022,47.12142244098479],[12.666456533149335,47.121677791724245],[12.663320495046412,47.12354691699273],[12.66343253684334,47.12176235542723],[12.664500053440364,47.12055073759704],[12.663671898452204,47.11866257172855],[12.66401962852062,47.11682378652918],[12.665325714310592,47.11459866852002],[12.669027429524645,47.11157815702266],[12.670139332251516,47.10998360790813],[12.668283146421949,47.109190039365586],[12.667918603628388,47.107528482066904],[12.66324571284803,47.105853439484186],[12.6590836394593,47.103328029063206],[12.656091868398082,47.1023206625357],[12.654016066248188,47.100231353836485],[12.651533369178566,47.10096560682728],[12.648603996957608,47.10093444066635],[12.644347385943181,47.10281177432523],[12.642469498267822,47.10299511498301],[12.640834715474464,47.10415979876767],[12.636666953254103,47.105904036175644],[12.635411712079062,47.107524560028196],[12.630758736123916,47.11163013646604],[12.628540611111955,47.11267362044537],[12.626078102823488,47.116302866443036],[12.622743727752622,47.11777940035341],[12.619655147800026,47.119843876439056],[12.617363105803307,47.12016854119971],[12.61377099221158,47.122183712793266],[12.61099309221593,47.122183316196924],[12.605048023856813,47.12392880132359],[12.60096178663241,47.1243337026981],[12.594575023490952,47.12597376451969],[12.5894168444659,47.12558674595656],[12.584724850886293,47.13278261394098],[12.5760343338293,47.13249725072771],[12.571388441715886,47.13445945848141],[12.563556470390875,47.136739497405685],[12.559314688441734,47.135314328556866],[12.557137787873636,47.134150268107284],[12.549983499099291,47.12832553015984],[12.54439900705757,47.129543049239864],[12.54233186601784,47.12958846182929],[12.541280402038595,47.130425458201664],[12.525112987428992,47.13836036502133],[12.522906534852536,47.14634366848464],[12.51874124136571,47.15133606049137],[12.509244284457319,47.15229816592517],[12.495345033909375,47.15716807165484],[12.488645853763632,47.15711672634731],[12.48070043046074,47.15855964154146],[12.478907276009283,47.152104704999246],[12.462736611250595,47.14506846369805],[12.448128123946342,47.14440952528335],[12.431812212815379,47.15120473820638],[12.426264852213006,47.14899031241707],[12.421438144832338,47.144486890702055],[12.414984746240487,47.14304615828027],[12.410107166715177,47.14414224258317],[12.403993395176768,47.14773958150731],[12.396701690532645,47.15351595995203],[12.360454539252105,47.142098997698724],[12.355867657902209,47.11751013462442],[12.342795704847681,47.10998476028861],[12.335796313405423,47.10900688285231],[12.328512974228333,47.10878977064167],[12.32258919288599,47.10815153097196],[12.310319720504776,47.10363643656124],[12.307626676733301,47.10121238126028],[12.305812244310687,47.0938561690442],[12.280957414203254,47.09326480647793],[12.270964430996367,47.0840808530576],[12.258627057559803,47.07343633270649],[12.237924613286085,47.069884004190115],[12.23468792494701,47.07097870666714],[12.232622208650174,47.07344975308986],[12.230105560494211,47.07553340813222],[12.227599748173049,47.07687211340754],[12.225316324407325,47.080090596702505],[12.224196649109103,47.082793512403754],[12.221092063220738,47.08400817797507],[12.214411734841049,47.08481169077866],[12.21260308114971,47.086799433655926],[12.206398205305915,47.08730237541372],[12.204350870445655,47.08700780143747],[12.200816032970256,47.08789009750608],[12.19804115237905,47.088039993299994],[12.195080355589829,47.08944319557218],[12.194079951037738,47.08916592265968],[12.183138449276436,47.09286179526465],[12.180201698482295,47.09168365600583],[12.177742226600564,47.09188322819668],[12.174853638145281,47.08869925268427],[12.170768200361529,47.087789747636194],[12.16784927019588,47.08782324157653],[12.16219473577489,47.08417224107001],[12.158531387792387,47.08260369251732],[12.153428227313228,47.08189532629831],[12.148723299337178,47.07999466361706],[12.145534493447723,47.080291315754515],[12.143139385014443,47.081050984788924],[12.1378318493667,47.080541441040054],[12.134476293075382,47.08150914542945],[12.133192576151718,47.08138357679902],[12.132131032819222,47.08230933491904],[12.128611034633492,47.0877098564735],[12.126099967216497,47.090657546132455],[12.124843292051436,47.09084578247082],[12.122376492031496,47.09327552904435],[12.1230597271207,47.09794987418084],[12.125155258689748,47.10419142346443],[12.126575453896454,47.1060355937988],[12.125233570260988,47.10843971095959],[12.12502380809925,47.11039302416094],[12.122072567208324,47.1142218092973],[12.11963755475944,47.1154105427138],[12.117781530334891,47.11773908384699],[12.11598052580762,47.11874859180862],[12.113862305647308,47.121247316205846],[12.111799873150193,47.12240820038387],[12.1108000944433,47.125384554222016],[12.111724701963995,47.127991368409695],[12.111642063927677,47.131940081807386],[12.110511867174607,47.13306639854709],[12.110272486899396,47.13533847016406],[12.108977723376476,47.13923033500563],[12.107847926937872,47.14036437038877],[12.104709229192714,47.14166635099902],[12.093928580799172,47.145326213878526],[12.090447365445778,47.14676824315532],[12.09108212567773,47.15295929167187],[12.090768250398268,47.15737414111748],[12.090292098224184,47.15921506850551],[12.090749506602362,47.160976908959896],[12.089076363885614,47.16802790312738],[12.084271997710587,47.16937314617869],[12.083085280849607,47.17139901222167],[12.084581364655799,47.17524038951341],[12.086522301544235,47.17632233513761],[12.086426284023625,47.177654738567675],[12.08493152661488,47.18053862642507],[12.085154873697544,47.18202237742453],[12.082190743916774,47.18436639849318],[12.080713891616867,47.186692859942916],[12.081430690797239,47.18979211845308],[12.079031061700743,47.19257330564574],[12.079036764102465,47.19508702554223],[12.0799689120931,47.196434418696505],[12.084524635178047,47.19975333142326],[12.084683219400238,47.20188131967061],[12.08343625156458,47.20277627490846],[12.084288196894077,47.20521701180749],[12.08728618136621,47.20785020567134],[12.084594030844164,47.21044770829125],[12.085177956538445,47.21163196001217],[12.08335566244967,47.21610621338661],[12.087108610168084,47.21764171492418],[12.090394071914579,47.22059516421323],[12.095377324006533,47.2273889306202],[12.097102474563705,47.233452681981056],[12.09886171753796,47.23480247207153],[12.099822852032915,47.237202769303494],[12.103481230515468,47.23750744946698],[12.104079662100448,47.24022595511422],[12.107262767387029,47.24110464334159],[12.108163297787906,47.24325584596105],[12.106308526325469,47.24544602292727],[12.105561669007727,47.24752930988269],[12.102582289461811,47.251933626801424],[12.100293604971029,47.25273384666287],[12.099973132994231,47.25741092615537],[12.097958388930344,47.2588815013919],[12.091272367519313,47.25977866647589],[12.088507687227928,47.26044443247215],[12.087019890241091,47.262158311687074],[12.081495657900327,47.26592543112406],[12.075913441938697,47.26845539347223],[12.07415317744846,47.26866987487042],[12.073276740609742,47.270297993217135],[12.07562462550414,47.27247927590197],[12.076230102248745,47.27393988225828],[12.075754696908119,47.27589522045737],[12.07882762064537,47.28038711891649],[12.078984436078827,47.281558686207866],[12.083530800819695,47.28341008593945],[12.083701381335048,47.28426692792408],[12.08728514909546,47.28535290980482],[12.08972343248667,47.28538497261785],[12.09136899651487,47.286364396854026],[12.092432326525826,47.28956961895932],[12.09338962378067,47.29093396935215],[12.096843578709459,47.29369047428015],[12.09998101156861,47.294709573527875],[12.100771794217277,47.29880345108958],[12.102350244081173,47.29917510947639],[12.104406894754993,47.302290837011164],[12.106185065983455,47.302994482444944],[12.10810022838256,47.3049758585573],[12.11172562405633,47.307158890850715],[12.116132366542042,47.30415139320787],[12.120984776873266,47.302864243472065],[12.123435667998953,47.301328766984504],[12.127377538519223,47.297605294439876],[12.127274023112445,47.296541544942876],[12.134270396025519,47.29399278990216],[12.134633581300355,47.29171822202703],[12.136100630411592,47.290672570704686],[12.141277787676886,47.2888478771062],[12.141486062577021,47.28962951646903],[12.145662056172878,47.29212083032923],[12.150562930693075,47.29354532321777],[12.152019693901227,47.29428019914445],[12.156537475294636,47.298016812352905],[12.158861561097037,47.29894689052164],[12.162126879326136,47.29945445808311],[12.161804090720976,47.30225548421314],[12.16669448890618,47.30347894232464],[12.171395668141601,47.3028603172185],[12.177414587728927,47.301049294397465],[12.179398624270313,47.30239313397497],[12.183609464938806,47.30118270682994],[12.187768793767132,47.30204767509944],[12.192615050817166,47.2993034491373],[12.194964116006094,47.30008158885804],[12.197668955935814,47.30017626491541],[12.198984814983518,47.301745999552544],[12.205321091241423,47.30284014327835],[12.206163433716164,47.30438837914228],[12.212537299396809,47.3103457514799],[12.21338803503564,47.31216288812099],[12.21616138062162,47.31184493836425],[12.220120127899198,47.31338938140805],[12.223561101816921,47.31368488305538],[12.227170937160942,47.312747858958296],[12.228513495785434,47.31141277822764],[12.229793153924414,47.30846724066743],[12.228907594875722,47.30620950628572],[12.234478757148942,47.30216520265743],[12.238357348879918,47.30339905778941],[12.2429537582491,47.30342906319051],[12.244971627882515,47.303836855600274],[12.249299879074886,47.30827573826663],[12.25187573191091,47.30867861955565],[12.253653335288744,47.308004884650316],[12.25733718814827,47.30498392859957],[12.261297429832275,47.302924956931115],[12.263601488149572,47.303584451182545],[12.265679593734655,47.30615971924139],[12.270769011460855,47.30888968348692],[12.274053161832104,47.31242740420256],[12.2767059963762,47.313856616714034],[12.277300041630962,47.31577292408176],[12.280722739733903,47.317074714290115],[12.28290058324709,47.31838854267428],[12.28463533482199,47.321197939750654],[12.288995479730437,47.32321039829175],[12.289636031944971,47.32513164838804],[12.292726560164105,47.32703634804462],[12.29368730421171,47.32880364491527],[12.29379435706815,47.33331928986071],[12.30149725820727,47.33114586027477],[12.304276063293152,47.33169074115627],[12.307612867539037,47.330842035106755],[12.309509534952351,47.3309644962194],[12.314046225717698,47.330371367485974],[12.316051905243942,47.32641204719834],[12.33106869861931,47.32824303216734],[12.33243725497615,47.32923161071505],[12.33397688312999,47.3254388748515],[12.337008147235196,47.32467473988337],[12.339415035244402,47.322484712273614],[12.345389741335584,47.32148172071338],[12.348051951576654,47.319169274293415],[12.35172312470634,47.318923531193185],[12.3544887189207,47.3192520199615],[12.359216651293623,47.31752496154848],[12.363286148912637,47.31470071970644],[12.36643544295283,47.3147755450849],[12.37177067497208,47.31202262451423],[12.37942337611936,47.3139332883467],[12.382948540434231,47.31517814118334],[12.393330769548173,47.31568313396542],[12.40217948596195,47.31401017136079],[12.40753197840631,47.314329626615034],[12.41109916695957,47.31627589777709],[12.411636502214616,47.318423790465545],[12.4143384666951,47.32147164781652],[12.415916305098985,47.32242076600918],[12.425486218619591,47.325430849306066],[12.439054189178675,47.32932665008487],[12.441774092613214,47.32880125223524],[12.445883916684117,47.32734141877816],[12.44899820201924,47.327667798158146],[12.458180113602358,47.32599145662132],[12.464372182720558,47.32574228787212],[12.466981045522415,47.32448776886347],[12.469664517495119,47.3259565937928],[12.47549976642619,47.32710774589435],[12.479252283008117,47.330183055742395],[12.484258166881377,47.33825709665534],[12.488523627374725,47.33927047026328],[12.492393544557732,47.33812330074012],[12.491911202183768,47.34206281067177],[12.494305082638826,47.34343515108178],[12.49557441098668,47.345428445142225],[12.494855348633608,47.347809829370725],[12.495348819530637,47.349385141652945],[12.492331172626184,47.34914533039219],[12.489233280923647,47.35153480973426],[12.483374195932479,47.3531526524276],[12.483462138461562,47.357760240081596],[12.485082152114476,47.360160356103876],[12.48192232309706,47.36126254526586],[12.478502846990965,47.363171636714036],[12.476142949750866,47.36568100479427],[12.477812128751316,47.36904690493821],[12.476154094388688,47.368943885527884],[12.476504636488457,47.37168975729906],[12.478669473329504,47.37475080662923],[12.47924166447653,47.37811963860033],[12.479837738633515,47.37863049696372],[12.485471739852283,47.37989476142474],[12.489166161594277,47.3802289045502],[12.489924222176692,47.38108103048675],[12.493058390608224,47.38097253206968],[12.494988698170655,47.38243420360056],[12.496160956143724,47.3850119955677],[12.49592116020378,47.386423203998945],[12.498415117461768,47.389241881323635],[12.499998172916655,47.390184173216326],[12.503274276420276,47.394842678075356],[12.507548032025388,47.394107673929966],[12.512290779620491,47.394077630422046],[12.519983863444976,47.39134658310528],[12.52537040836993,47.392323218578106],[12.52822135376379,47.39254332965053],[12.52977981649997,47.39354054921521],[12.539807385166364,47.3955775413864],[12.542824812738797,47.39761522107993],[12.542482549397553,47.39875406995694],[12.543912171078599,47.398498405840584],[12.547430619170925,47.39907544579504],[12.552245780091791,47.40030440427356],[12.555810293532922,47.39899192927702],[12.560621355282152,47.39978914469705],[12.560374848679155,47.39663163013586],[12.561725491397564,47.39549557151654],[12.565031653632444,47.395188390989574],[12.568216004034484,47.39440538967034],[12.568936430996061,47.39353812119706],[12.574043650363791,47.39304275825925],[12.575794307927712,47.39321028987878],[12.58097202348168,47.396659147538855],[12.583904011492583,47.398230788424875],[12.58739614113803,47.40117692564666],[12.58682480930111,47.40380131292164],[12.588398286232797,47.40470928132797],[12.589743417871105,47.40721908187901],[12.594392327191079,47.408619913805175],[12.596936392282718,47.411061952997],[12.596998286705599,47.41249697460616],[12.600245301613771,47.41482909085035],[12.603023547877209,47.414472077753175],[12.61173769355448,47.41790924916876],[12.615559686651375,47.41724312703473],[12.61710386635743,47.417484128201544],[12.62012865820123,47.41987699654911],[12.620069782074523,47.42160412787769],[12.621757739986972,47.42322767010251],[12.621871102468553,47.4260590067378],[12.62358657183531,47.42699264610447],[12.624210444123479,47.43051205487808],[12.629478377239565,47.432807492676346],[12.631359088374836,47.4361583926351],[12.634709747173215,47.43728731157822],[12.635547267662416,47.4422262746735],[12.634046324341199,47.44510569180339],[12.634111881147414,47.44718404464758],[12.634954546238593,47.450059390676756],[12.630005365158084,47.45234066237514],[12.630859183615275,47.455264423642305],[12.628138677194855,47.459113621478785],[12.628363510563187,47.46199465688322],[12.629024715103933,47.4626354043128],[12.629463336415112,47.465777514603346],[12.633247624478358,47.46759529136281],[12.63495113582613,47.46695442168611],[12.637463251706738,47.46852253122036],[12.641876791730214,47.46889987563335],[12.646370523418673,47.468270500979116],[12.649881760996502,47.468239297685],[12.654605587225834,47.46703052725693],[12.660281377599484,47.466163761234284],[12.662421671572185,47.46551578083189],[12.66443534031566,47.46699003987222],[12.670550870660358,47.46780817754933],[12.673820543257467,47.46975065619772],[12.681302268286881,47.475043793692244],[12.683906395255667,47.47462884011076],[12.689446040846423,47.47697041923621],[12.693405022721794,47.47763168560279],[12.696777382304528,47.47859809099986],[12.693675997550232,47.483015348489786],[12.695001203872613,47.48611523669101],[12.694344598392306,47.488836889041835],[12.691380205009285,47.490933173089374],[12.684203215979517,47.49194083486585],[12.682492038088828,47.49345498723752],[12.672537990360397,47.49982936004312],[12.66920490326731,47.50042456639805],[12.666490326734753,47.508941684194895],[12.662316157261458,47.506781030711906],[12.658135426645757,47.51140632942636],[12.655630819206895,47.516924058500535],[12.655762989436164,47.51855395776344],[12.65326672457099,47.52469665877454],[12.652926593861586,47.526778771935],[12.651619057472745,47.52957801430759],[12.650392810446299,47.53451898647957],[12.651318336612611,47.53748228560774],[12.647839746216606,47.53718210158656],[12.645557339008267,47.53823944165308],[12.641992972948788,47.5391374140785],[12.640384029496452,47.54168988610321],[12.633769754104849,47.54388317484837],[12.631702513161288,47.54656067979378],[12.62535195417081,47.55025842621544],[12.62998993420496,47.55226919786264],[12.632250300664039,47.55218773435507],[12.638815943504799,47.55521457286809],[12.643470622909316,47.56166134824509],[12.647166622261691,47.56626884680672],[12.648962768141798,47.566598346626876],[12.649185276160491,47.57045604154499],[12.65443584496644,47.57339161010942],[12.657281077883273,47.575407199601294],[12.663787140690937,47.579338454584935],[12.65791498065192,47.58333607553789],[12.6549656997532,47.58613646879396],[12.650732825987651,47.588739771087816],[12.649763659677534,47.58984538887487],[12.64283601539725,47.59232707080091],[12.640520311433415,47.592309715591036],[12.637936513683991,47.59401885387466],[12.633924021481398,47.5938422674636],[12.62356688499693,47.5970576688784],[12.617531557121696,47.59847011030495],[12.612286625257452,47.59871769184586],[12.608495414282922,47.599538899219525],[12.605206771690906,47.59950704649431],[12.599123852659721,47.60212776950104],[12.59077129248474,47.60339424206219],[12.583734803109236,47.60369596863082],[12.577308804258887,47.60489069520147],[12.575464120216466,47.6044528710665],[12.571713210946912,47.60570124217504],[12.569792475905261,47.61011658422605],[12.56735354069512,47.612421562314175],[12.567196526600883,47.61698679849791],[12.568406147818145,47.61960199481165],[12.569114297338096,47.6244227509353],[12.570045352567398,47.62639607510466],[12.572213000152678,47.63302734283744],[12.575019349750338,47.63471888571239],[12.57561463274279,47.637701537984064],[12.578021709871843,47.6410030917583],[12.580067349934517,47.6480373677135],[12.586077719030897,47.65644451535967],[12.594089226520135,47.66681979293851],[12.599263832868951,47.669381380768286],[12.600584094360492,47.67292687273303],[12.601994811241497,47.67390289038882],[12.606347903506883,47.67461346169372],[12.611053319760522,47.673349971838334],[12.613716675884953,47.673134969461984],[12.619015772029003,47.67415229510945],[12.620432927556116,47.675525360269035],[12.622936380415565,47.67545635150392],[12.62693153105967,47.67691800495816],[12.62875095260412,47.676510775768385],[12.63334103988747,47.67398666337897],[12.63595728192434,47.67174725187086],[12.641010036727812,47.674172323687166],[12.644109762298223,47.67373034802059],[12.645853279922125,47.67093133494351],[12.648968962574328,47.67249736491202],[12.652077833096047,47.67279553557502],[12.6540354329456,47.674686030190365],[12.654431703713207,47.67677108331685],[12.663274400481706,47.681752463021496],[12.66765622707138,47.681319916252384],[12.675446040943127,47.68316353424106],[12.680247532080694,47.68337702537296],[12.681711720888032,47.68219326301197],[12.691643478400419,47.68251842590875],[12.692983560991644,47.682933736146886],[12.697931331164211,47.680388540307504],[12.702297230475866,47.681845287617506],[12.706744765953092,47.679094082472844],[12.712423428384701,47.67699815027416],[12.71483739323679,47.67720233753743],[12.72008089622509,47.678911447309176],[12.722735268622412,47.67899384511916],[12.728989258058588,47.68036438324961],[12.732454142408708,47.67873628131824],[12.735582774939399,47.677931923125534],[12.736387952173908,47.67689115356258],[12.742010996435436,47.67647165646622],[12.74459740570552,47.67427787323324],[12.747928684701751,47.67235432235356],[12.749035312903858,47.66994236771993],[12.751388810955817,47.66891447048767],[12.751680121823043,47.667639404230115],[12.754395619728479,47.66374762935702],[12.755994932836124,47.66423225035936],[12.758734426240176,47.66703800423214],[12.75999322370146,47.66762676661125],[12.763985839446647,47.667844614281364],[12.768301812082987,47.66633642929236],[12.770747266941816,47.667205040025706],[12.776088763533666,47.67304803784256],[12.77835574182495,47.674522845609964],[12.781203563082338,47.67218186102105],[12.779903076093824,47.670738300852456],[12.779035554420485,47.667465502649335],[12.775219942629379,47.663573459791365],[12.775646605575002,47.66162275317652],[12.773487725890417,47.66068608974864],[12.770119610599776,47.65836436583047],[12.767498463493915,47.65768696709926],[12.76482751695883,47.65614147031585],[12.76064262717833,47.65646738851128],[12.757845452642725,47.65566193998059],[12.755591019742068,47.65359619272397],[12.756840709766477,47.65094131685506],[12.75866988554051,47.650171656261804],[12.761937949740517,47.64787318441934],[12.763060492788483,47.6446852353354],[12.766434153288143,47.6431126152596],[12.76777917101226,47.64201561961735],[12.768790596638423,47.639906839121686],[12.771812878785925,47.63795921689969],[12.778126255823958,47.633364318406905],[12.782168723098941,47.63286416029312],[12.783896735730636,47.633615697936],[12.786886172366993,47.63393170802258],[12.79478748273916,47.628375046520524],[12.796508687390123,47.62674656324435],[12.808155516276397,47.62198980509373],[12.82167732121932,47.61281289820737],[12.820064092529913,47.61032261622711],[12.81559226129651,47.611631930845284],[12.812344846644748,47.611882596708135],[12.810458495505484,47.61268838723657],[12.807686845463127,47.61145750699324],[12.804556657477516,47.61096377566472],[12.80036073712302,47.60801989457459],[12.799982631248941,47.60611690290556],[12.796585183251064,47.605920335573224],[12.794647711391885,47.60446647261353],[12.79372197473347,47.60250240759663],[12.791523965326002,47.6022114412931],[12.790069762199073,47.60128837300485],[12.788515205985565,47.5990781803635],[12.789970611808686,47.596399789876195],[12.791360513674995,47.59586893531916],[12.792463530902442,47.593793567273046],[12.790752769568218,47.591781329037424],[12.784731040856357,47.58940459724897],[12.783816685967206,47.58712468764426],[12.78097891057735,47.5858051061822],[12.778812176601823,47.583313626371535],[12.77725034767474,47.58013762640575],[12.776444015382088,47.57999669054089],[12.777314525212505,47.57903502852792],[12.777849422324264,47.57594149893032],[12.781466727672536,47.56957684517289],[12.783545828560367,47.5687317828688],[12.78565054971121,47.56776893834596],[12.786406681611775,47.56660988685799],[12.789819657186747,47.5651051505544],[12.790206899121097,47.561730499117374],[12.791717889977116,47.55753292985319],[12.794802485087246,47.55605465960805],[12.798679736155705,47.55327887271799],[12.801139309131264,47.55083398104592],[12.807392329424202,47.54791664694492],[12.812449403502058,47.54712901959759],[12.814915573476876,47.54560664634879],[12.819713387192055,47.546596241882284],[12.82160184585021,47.54593031033946],[12.825708652304709,47.545320601053795],[12.828428017374549,47.545794428478146],[12.83233531153604,47.54559928846306],[12.836815110324288,47.54629976072748],[12.83982573659329,47.54755861519646],[12.844313011112847,47.54688167407105],[12.845639641130942,47.54508980150292],[12.845230693455566,47.54371990963012],[12.847492484939599,47.541199411758065],[12.846904986270534,47.54028467135246],[12.846511258292603,47.53686648190318],[12.847262332276255,47.53403194841519],[12.848878481112266,47.53151165514966],[12.851832438900978,47.53049377822206],[12.854435779784884,47.52765543203527],[12.85850069709661,47.52805740680878],[12.85996987823557,47.52884733376355],[12.861325830642215,47.52789774321022],[12.86205863985395,47.525783645592725],[12.86436241305899,47.52469628529727],[12.869114774806738,47.524580546299134],[12.871920484067594,47.52342857177751],[12.876698083087659,47.52288371072239],[12.880021466682548,47.52134094652967],[12.88238059125661,47.51922926110468],[12.88162235312483,47.51752152711039],[12.882696383376416,47.51521384411768],[12.881657514824614,47.513466587663615],[12.88337544418659,47.51314510590633],[12.896076542803478,47.50435235534862],[12.900869904544548,47.50089982226284],[12.905876849917455,47.4976685935084],[12.908492543630784,47.49701618029375],[12.92139352381379,47.491674432489546],[12.92567887818211,47.490449880467175],[12.92710941142668,47.48911684536844],[12.929111962535124,47.488461701056174],[12.929829824991119,47.48894820304061],[12.933608373565027,47.4871784832359],[12.942571739847011,47.48346468843057],[12.949869291130383,47.479893098239046],[12.957568746787436,47.47777626770999],[12.96098282755217,47.47601084200278],[12.96856912765047,47.474853480053255],[12.969592161039662,47.476798117624604],[12.969837091915146,47.47927086488588],[12.971531974782028,47.48142779089643],[12.970686027847597,47.48400874827434],[12.972422368249015,47.48577934809651],[12.974910760543338,47.4853482500181],[12.975076584683183,47.48366228020383],[12.97827797245589,47.48366971075011],[12.982775019414925,47.48218680596828],[12.983398583939277,47.480163826207914],[12.98658630844709,47.478280702757274],[12.989208343623757,47.479323216474164],[12.991928088716618,47.479372908808124],[12.99123529903853,47.474196123163665],[12.990587008584585,47.47242303283928],[12.994576863691742,47.47028511202337],[12.99824236041834,47.46472201900445],[13.000860448138365,47.464109528807256],[13.003820064762166,47.46509942453744],[13.005609020164531,47.46653119114033],[13.00751490697967,47.469262588421635],[13.012031047176608,47.47138712309958],[13.013411042533052,47.472601769829545],[13.015056978575542,47.4753883664406],[13.016922504813875,47.47816870522728],[13.019281914297585,47.47848172991334],[13.021227178421332,47.480829616487426],[13.021726516980046,47.48271027294868],[13.023672100696082,47.48416718847269],[13.022977661632503,47.48581256690885],[13.02407347621502,47.48740438478255],[13.029689530798262,47.4875862811704],[13.031474894194103,47.48823169827146],[13.03345976053069,47.489843484323096],[13.03643082562622,47.48935328865273],[13.03955805417904,47.48974813423373],[13.041418638516198,47.491683910758155],[13.044832919929666,47.492878763413444],[13.043161105070213,47.495375566322934],[13.045256724697683,47.497096563205396],[13.045013031722373,47.501480665922145],[13.043279101375354,47.50445570417751],[13.044135520482536,47.506493169309564],[13.043245610943819,47.51109786827985],[13.04388860680593,47.51547825625273],[13.04328162461103,47.51649990909822],[13.040969044866747,47.516797797924305],[13.040458916395574,47.52064540382056],[13.043245063668714,47.521212831363364],[13.044483634817446,47.522208544454216],[13.04342785586512,47.52458884244218],[13.039402598669051,47.52712046432705],[13.034576410997843,47.52831951200877],[13.032140154642635,47.53042366604297],[13.030600575843307,47.530865349497205],[13.02812666709542,47.53327513967393],[13.028890580417569,47.536241261376674],[13.031242010463979,47.537276857123786],[13.03208504477259,47.539599041472265],[13.03416696725405,47.54053894702053],[13.034373590116312,47.54355863867206],[13.038310410552935,47.545295045590954],[13.040712154374857,47.5467807105369],[13.042247988790267,47.548696906854055],[13.041915153401748,47.551015938253066],[13.044701797291657,47.55210445024815],[13.049309953467152,47.555151270230716],[13.052893317246973,47.55804875027],[13.0523729419511,47.56029258148316],[13.053692745149432,47.56244264960316],[13.047921177583696,47.564252581776884],[13.046016844216036,47.567604645992844],[13.043460435875904,47.5695524447325],[13.043402584616892,47.57151191225203],[13.041529539262847,47.57240564475662],[13.039848243383332,47.57442791807851],[13.038764027979079,47.57719793331086],[13.042025148778823,47.57931007829452],[13.041161686834057,47.583566304301065],[13.045620712641655,47.58494810195463],[13.051487567493224,47.586072622935525],[13.062937164131737,47.58710267538331],[13.065673772514694,47.58651345674255],[13.068812525857492,47.58887818122664],[13.068698231612442,47.59060827180462],[13.068300529468873,47.59235885266401],[13.06555449172479,47.59276060903727],[13.064748852969306,47.59412217523454],[13.062310460040948,47.59592247550437],[13.061167232199711,47.59741170099606],[13.061133955046111,47.59929384687859],[13.059792537766603,47.602166904891874],[13.061380820850806,47.60375184514228],[13.066679415364076,47.60552725491064],[13.068571365357874,47.60774188355134],[13.069532800036788,47.612080664067584],[13.072481208907767,47.6136214104525],[13.074986635161267,47.61547284023981],[13.07584429589253,47.61744227213223],[13.078531329840963,47.62024233381548],[13.07983561511589,47.620264287634136],[13.08861782557889,47.62567423089042],[13.090302159567454,47.62772510836413],[13.09288682540853,47.62903512650324],[13.093882595074255,47.632469084733124],[13.095138628499006,47.634426505171646],[13.096118573353387,47.63587518257796],[13.094213534648521,47.64142150137807],[13.09288490061985,47.642940513860054],[13.089228237820471,47.64499343929023],[13.087829720502764,47.64754268782307],[13.086301473602859,47.64862627532571],[13.085429363808995,47.65077390893425],[13.086872266243972,47.65465036268339],[13.082921972612148,47.65874723325295],[13.081444070921046,47.661297125013654],[13.077242372257809,47.663196960311936],[13.075105078591553,47.66804541321211],[13.074055539976612,47.6715480591102],[13.074403238399842,47.6743801386287],[13.075209002107446,47.67533590863957],[13.074903484242776,47.67794887935614],[13.07596507697809,47.6811945250441],[13.076908036433233,47.68256643275642],[13.076926536097236,47.68603853572924],[13.077936748898665,47.68774230478878],[13.075814245585148,47.68867507656984],[13.071428298518077,47.6925721692485],[13.066388266924124,47.69264427945031],[13.06171594762955,47.696440649834145],[13.060315474898495,47.696485385459],[13.058051423331667,47.697853041436076],[13.055843468208778,47.70071438843731],[13.053904366572112,47.7023747881624],[13.052882713588646,47.70447968524396],[13.049835398003435,47.70624941732954],[13.045225094182394,47.709843281066696],[13.046696452583358,47.71123977951343],[13.043132293801934,47.713407424860314],[13.039464477805025,47.71353389940141],[13.04019173049471,47.714648863257516],[13.037126999638867,47.715259845792],[13.035991308841236,47.71605630831256],[13.028001995336476,47.71756969010163],[13.02595933924289,47.71655182675346],[13.02416428558243,47.71726229088499],[13.020942394196029,47.720858804535595],[13.016640372231652,47.72218591521349],[13.015705065656531,47.72350401513601],[13.007709018895907,47.72363160058718],[13.005490639393507,47.72287172321096],[13.005094427248629,47.720985718455935],[13.001935967653074,47.718768360737386],[13.00315029774515,47.717643166730966],[12.999124529285966,47.71397624680818],[12.992155622612552,47.71377148136401],[12.989618925972511,47.712026073970065],[12.988670121976584,47.70935390282253],[12.984388964825083,47.708121198638366],[12.97261105059134,47.70835448935042],[12.970993682287348,47.70786105449567],[12.966770367253792,47.708691354862204],[12.963499276802898,47.708700157983166],[12.959892766787524,47.71019463898574],[12.95680419399277,47.709981975475166],[12.953938941618143,47.70851289201839],[12.950104925738342,47.70978319046862],[12.94787753239816,47.71151462830881],[12.943402028526105,47.71287918526665],[12.94066964455699,47.71244191699099],[12.936031032055414,47.712300329957394],[12.930368321934951,47.71025461386205],[12.925477929591686,47.71048042113913],[12.923982195584852,47.71120640172547],[12.92209094159657,47.71100767012433],[12.919957940906652,47.71456009905086],[12.915711250305659,47.71566060782114],[12.913744519933866,47.717615999577376],[12.910175390349913,47.71807376812964],[12.90849990523003,47.72074315822877],[12.905180593926499,47.723266523848935],[12.902447706618402,47.724145521498485],[12.901469689149703,47.72650818313921],[12.901766080696511,47.728166194538275],[12.905217127080642,47.73000069973087],[12.90860705184453,47.73328717992655],[12.90837112907131,47.7356589239283],[12.913298058815586,47.73990199146945],[12.915425392887801,47.74329197693276],[12.918488246344756,47.74487661682156],[12.92569537055807,47.745566209376406],[12.928169707762224,47.74556296335914],[12.92983750058142,47.747872586600764],[12.933471643501267,47.749769127957435],[12.9331357520187,47.75459269444994],[12.935102231541709,47.75736148707179],[12.93231711941329,47.75863993664244],[12.937924677203966,47.76056341631091],[12.940655718630108,47.76361507204281],[12.942005842972508,47.76511891451319],[12.939426404875649,47.771690242790385],[12.931969517596725,47.77090016213783],[12.928185418621045,47.77131950991989],[12.925917951948241,47.770289020455465],[12.926429349092869,47.77317911937041],[12.92934442863905,47.776041396773785],[12.931735966218064,47.777208011983106],[12.936656746990506,47.77891897681621],[12.936869373256377,47.78087879016836],[12.935674401142306,47.7836280991297],[12.937634733304048,47.78618852394914],[12.940369411411414,47.78688316283154],[12.943708765312087,47.786879819424925],[12.94550746592193,47.788096412132184],[12.94873088577616,47.79185917754316],[12.953450604991858,47.79506852436036],[12.958739390854634,47.7983063320032],[12.96116979408219,47.80051518813562],[12.967019374479682,47.80721604538559],[12.970813861976877,47.81199445970283],[12.975012288620912,47.81781006925023],[12.980035470807698,47.826523390861325],[12.982278799580282,47.829404526288045],[12.986257062250298,47.83267212381816],[12.994368266578535,47.8377130756716],[12.999777639501806,47.8423307487188],[13.001114970051656,47.845048379819865],[13.00135043775544,47.847075032531265],[13.000490485331003,47.85086612186333],[12.998581847888278,47.85510337499348],[12.990534778474284,47.86357745445908],[12.984790236493808,47.869900339367774],[12.981787327284378,47.873491091280904],[12.977164124125185,47.87983687160981],[12.965111784408288,47.89919733299953],[12.963649379017989,47.90137425902917],[12.961362418519563,47.90441381130425],[12.958224098518965,47.90780097687201],[12.947931847855084,47.917468987128935],[12.945301922004553,47.92051552631635],[12.940944419134809,47.92666033430545],[12.937923431676372,47.932907066427646],[12.936454197863693,47.93736666165952],[12.935888409343402,47.94340534908461],[12.934103316723174,47.94471404785407],[12.932791931988666,47.94453255645052],[12.930929878655501,47.941126582218224],[12.927631463847696,47.94024222536798],[12.922202186021844,47.93969902065155],[12.919541014396984,47.940154029221645],[12.91721657361481,47.941764263441726],[12.916455947783772,47.94332152557915],[12.916456539168557,47.94605044451004],[12.917879824205455,47.951591297071886],[12.917500810171989,47.95324295435117],[12.915277905113463,47.9553224975538],[12.913107171812742,47.956372087904576],[12.908677577801882,47.957812369668105],[12.904439560022082,47.95836919613662],[12.887310149598084,47.95929670308941],[12.883142158533108,47.95978410687338],[12.877706731945198,47.96117664690027],[12.873117696991306,47.963284192672845],[12.868304939173719,47.96714218663524],[12.866519376207671,47.96988568035703],[12.863903367433334,47.97728127881226],[12.860784229657575,47.988437515959916],[12.85947902385711,47.992457189895845],[12.857373111808512,47.99734890974755],[12.859545685531529,47.997501756692245],[12.868570936460808,47.996999065285586],[12.874006120335816,47.99732031954138],[12.879413685631356,47.995861811435574],[12.878828873380124,47.99444816227838],[12.882393096592004,47.99366185839809],[12.887152122875074,47.991628741432855],[12.889187330800945,47.991719778098854],[12.889476761024271,47.99562507557185],[12.890873567886599,47.99534752609901],[12.891051853175423,47.99901028821721],[12.894463364990713,48.001696687363],[12.894207536834728,48.00446383096264],[12.89510329894257,48.006317351780666],[12.899427296624214,48.007380707851674],[12.90156297472906,48.01051842526834],[12.902203846573482,48.014996310963774],[12.906251601844033,48.017986740797134],[12.906956924817385,48.021776606950326],[12.909353893235542,48.02363395906024],[12.915827889098914,48.02342309986316],[12.919648202591674,48.02498577661996],[12.923422745693976,48.02881846617069],[12.931646896901512,48.0354695790263],[12.935265163581597,48.0366690206478],[12.936698792726006,48.037115468453756],[12.94037855939314,48.03757132980071],[12.94630074261409,48.03742517349404],[12.947384340765238,48.03484875160346],[12.949665675183613,48.03612659105096],[12.953329404358907,48.033891391460955],[12.955965345833674,48.03407695474951],[12.958621393636216,48.03346392629955],[12.962800032736267,48.02946610436332],[12.968485783772248,48.02462948019343],[12.970061240897751,48.024210342493596],[12.974619221335434,48.02425116116638],[12.979330154596665,48.02679286755455],[12.98141500021209,48.02722050765462],[12.983205808983016,48.028601184931624],[12.985649954936827,48.02910513100401],[12.986804806863335,48.02854596229712],[12.988022373729804,48.029206769658956],[12.990350352088825,48.02874560327106],[12.99203954247978,48.02971228475076],[12.998117281241875,48.029801980604184],[13.002937193434676,48.031024635024735],[13.0051994081691,48.03209773983009],[13.007383443614534,48.034557077490426],[13.006760962638271,48.036245805401855],[13.009492383988002,48.03721884633031],[13.012641430067681,48.03776511803918],[13.015034348722306,48.037393598054784],[13.016877657957995,48.036028339021705],[13.01761178449342,48.034520865275354],[13.019384243901033,48.03324389540386],[13.026207414581561,48.03321466160038],[13.02825062738499,48.03538903910619],[13.031692447180518,48.036467867913586],[13.032723124092882,48.038499185584065],[13.03418953817501,48.03962740992006],[13.035462072585402,48.03898709661986],[13.039344472722199,48.042174181940034],[13.044412767567918,48.04068823955531],[13.044189302795095,48.03806907306838],[13.045586231801328,48.03568801514598],[13.043836064781203,48.03285435568748],[13.042470280515815,48.03291976031998],[13.041302113606285,48.028829486137006],[13.044399891734093,48.027968838524316],[13.050576379806442,48.03065134598224],[13.055938978355524,48.03039881460914],[13.053420415652491,48.028379322759065],[13.052909736668145,48.02635079153533],[13.054966926310124,48.02306978508425],[13.056954020586987,48.022595217633494],[13.060270059870893,48.02072654723255],[13.058185786200625,48.0197623528922],[13.058311739426134,48.01858405410635],[13.055448055931224,48.016298928774226],[13.054856938977494,48.01399941780563],[13.056714721995057,48.013926675994156],[13.060331654042045,48.01520497784511],[13.060634150479899,48.01643583669837],[13.0665359471307,48.01579985391464],[13.06798295889613,48.015249544356216],[13.070281758241366,48.01653503654872],[13.072214616656796,48.014065256217066],[13.075029781952244,48.01180765292453],[13.073106649482918,48.01126645722609],[13.074021992423637,48.00982874595047],[13.070672714057503,48.00726698855135],[13.072288548206103,48.004748261719755],[13.075101361035593,48.00584634748079],[13.077586466724767,48.003696256942035],[13.081238363131511,48.00316042823484],[13.082639922131971,48.00418229496788],[13.084646022168942,48.00314340604104],[13.08695285141041,48.00429166659525],[13.088611646232511,48.00134233065298],[13.086815460030442,47.99994320254298],[13.091122645786582,47.9978929385858],[13.091234967003125,47.99653410317354],[13.095544836200721,47.998446636239144],[13.0992824501125,47.99866943108814],[13.09995818793229,47.99826928865161],[13.101131942650055,47.997459459925935],[13.103710699440636,47.99626278030307],[13.106794476278916,47.996956521644755],[13.110594859875638,47.99454603989656],[13.115070128625403,47.996010418528435],[13.115767842737432,47.9952842895508],[13.118099996599806,47.99628794871732],[13.11918352599786,47.9954364766389],[13.12144503777586,47.99688921221891],[13.12069830887636,47.99468771367531],[13.118749781307317,47.99155764232157],[13.120400987123551,47.99022572463698],[13.123283429598368,47.98952765020823],[13.128666143653755,47.98912488382349],[13.128661920053698,47.99027181495445],[13.137139374037393,47.99276269505276],[13.138609573623011,47.99378184305824],[13.144421830054997,47.99588003109771],[13.147306780661179,47.99522724488841],[13.148260057457087,47.9927897869509],[13.143661605181967,47.99044962086625],[13.142524196434056,47.98710805865175],[13.13753429695059,47.98572744530389],[13.138338623199802,47.98277584989997],[13.137510888411184,47.98163830977992],[13.139037618395331,47.97875809479001],[13.141064848591048,47.97890640448208],[13.142370975421642,47.97505273345684],[13.14501556712939,47.973939802698546],[13.143698050046421,47.97076302438607],[13.144699587401025,47.970578433531024],[13.149183739703286,47.971451360259124],[13.151826412519334,47.97345991243496],[13.157895725270919,47.97561532886607],[13.163876492833742,47.97659609461414],[13.164742001894874,47.97464812036242],[13.167343654642323,47.97424325900106],[13.17375561489997,47.97433592282578],[13.175913510177093,47.97489196564831],[13.178773236131061,47.973860782646604],[13.180951940433783,47.97367780043835],[13.185093661014,47.97452135443657],[13.190682558017814,47.97499607905842],[13.195874250533201,47.974880264576974],[13.195312128740348,47.97658844946087],[13.199880143587773,47.97857613082013],[13.203220911231227,47.97887536260823],[13.204512213345083,47.98004920230249],[13.20707267531659,47.979650150038374],[13.209901470411149,47.98317470618085],[13.213465525316844,47.982087098630856],[13.213890860086146,47.98283719882244],[13.218397696876876,47.98329264131361],[13.220884102318339,47.98470632437895],[13.221176270234546,47.987251567737964],[13.22282984639129,47.9889508414864],[13.2262959897958,47.987964765433254],[13.231101789864704,47.988505811564856],[13.231848922009064,47.99029825551781],[13.23388886938824,47.98948603578204],[13.236113538901328,47.991066314765334],[13.239888378958424,47.992691078549846],[13.244882458196997,47.99041281088138],[13.247846598795423,47.99324444480515],[13.251669138331895,47.99297766331474],[13.254172049395745,47.991907488049335],[13.256924111559364,47.993518670100464],[13.261984834098373,47.99427154110086],[13.264610864942533,47.995272875211576],[13.264232244359397,47.99678798057071],[13.26690454702376,47.996524146135556],[13.268667473645943,47.99762331086076],[13.272258853655243,47.99853243070906],[13.275087046682689,47.99697923641435],[13.277858370738667,47.99784269882357],[13.279272635272346,47.99975488559882],[13.277363260483018,48.001596145241614],[13.279669866324634,48.0036275898936],[13.279528005044497,48.00588647779104],[13.28056311885921,48.00756528611464],[13.284488729802684,48.00913566578422],[13.284944713489894,48.01027261734324],[13.287914562785872,48.01031906104146],[13.288674710689387,48.009081744878074],[13.292091221682774,48.00961701573866],[13.292366147921562,48.0110534476377],[13.297575703717785,48.01109563855917],[13.301354058687364,48.00914968042773],[13.301126898814976,48.00857637935583],[13.30002652381284,48.00768742539712],[13.300581764591607,48.0049498510881],[13.2954735186789,48.00319629508888],[13.297429822097907,48.00186115058399],[13.297078143458677,47.99962835530657],[13.29842439903478,47.99606607007996],[13.302663187472,47.996259506069805],[13.305683574210187,47.995564396265344],[13.305798118026729,47.99360476834274],[13.308295922356008,47.99367855652558],[13.312071921934221,47.993131336431546],[13.318482857082468,47.993122328564695],[13.31886566338842,47.99101608027478],[13.321257590087287,47.99302296317968],[13.323762098862616,47.9922818067373],[13.32732679674442,47.99007093182574],[13.327818833509168,47.98807980946523],[13.330710552135145,47.987705566124355],[13.332815724713146,47.988049515123144],[13.336367492215842,47.98488232368016],[13.3386918297726,47.98410774113357],[13.343275875828935,47.9840659495178],[13.346922162765203,47.981482461142036],[13.347891385063395,47.980215661320926],[13.351818107319765,47.978651170266424],[13.353516251553259,47.97896017364673],[13.355683656986539,47.97837392863029],[13.358181664404825,47.97884409728178],[13.360517671892795,47.978455283646326],[13.364798886769474,47.977026470245406],[13.366942602346272,47.97782383264719],[13.368761921083225,47.97753045394172],[13.368852912648117,47.9726880695492],[13.367655190439306,47.97126116842456],[13.369018453820976,47.9681622354434],[13.370627871230166,47.966515482717604],[13.368716999988083,47.96477862604701],[13.363689534533082,47.96230067839911],[13.36222010045887,47.96077446860749],[13.36435357596781,47.95864096240828],[13.361688557438539,47.958471804190516],[13.359641438625015,47.9575945198091],[13.357959463907855,47.95611490377157],[13.35836271976147,47.95115385501742],[13.35934288117501,47.94987803819868],[13.360320994161707,47.94478873157334],[13.355964985169646,47.9430625518253],[13.355740647248055,47.940468302241094],[13.353944704018847,47.94158923522672],[13.351002356973941,47.94217809734577],[13.348814584840035,47.94191050544395],[13.343963871179364,47.94428468085056],[13.343315874450953,47.94533731948252],[13.339061516497994,47.94396702165259],[13.336795868843872,47.94460091585533],[13.335086925023987,47.948384303809256],[13.335741160681716,47.949998061606564],[13.338293950343651,47.952509131293446],[13.334478364338214,47.95491226653583],[13.330929050440927,47.954778933191776],[13.329057183509532,47.95633336812245],[13.325859524199421,47.95690889414779],[13.323784547130748,47.95676660603238],[13.320575855877168,47.95775887653016],[13.315928979389138,47.95789539125322],[13.310330281762178,47.95847604744837],[13.308261008492286,47.961524849710344],[13.30473321992954,47.96472179538623],[13.302667583159193,47.96489841141169],[13.297933850082687,47.96409937026838],[13.29294257696078,47.96221103833248],[13.29197796337299,47.96094014591223],[13.288386459687771,47.961392504777024],[13.285128982723904,47.96020143648285],[13.283158654560781,47.95760650473512],[13.278329592447704,47.95603149107876],[13.27748367233546,47.95542212434089],[13.279270027714402,47.954614912727585],[13.278590341410476,47.95269818733623],[13.275263577822573,47.95042840854571],[13.275014810468697,47.94797253995079],[13.275360521698838,47.945217206387525],[13.278025833761877,47.94419849058875],[13.277925019331494,47.94088362649023],[13.279287601274067,47.93777753432446],[13.279311625062522,47.93602558212528],[13.281553635925297,47.93253382627376],[13.282396815070857,47.92858691998265],[13.27883365034472,47.92675156151755],[13.28001643326229,47.924592060535055],[13.279553119582333,47.92295152324457],[13.275571508709142,47.92197988737788],[13.275753989554767,47.92034118156046],[13.277193123571553,47.91747965697412],[13.27958933877672,47.91500963488516],[13.278549769398433,47.9131037848913],[13.279109396433695,47.91064134751772],[13.276515342701204,47.907626013496504],[13.278323565236123,47.90534293936875],[13.277257050149919,47.901325127257394],[13.27821555546759,47.89988173350943],[13.278385767879389,47.89792372026562],[13.277689260536762,47.895943073043114],[13.27519093154098,47.894436371235045],[13.271962797618736,47.894860608824644],[13.267308525551996,47.89213552582762],[13.268429360782154,47.88963241795779],[13.268719046298678,47.887049848646015],[13.273143129883683,47.88487334639353],[13.274042536758351,47.88301133956052],[13.27261403406781,47.8793041945705],[13.27309564757736,47.877749026528754],[13.276282047032312,47.876968740483484],[13.278044566642711,47.875058087115214],[13.282346714270071,47.873490236776995],[13.281920940187275,47.8721366020233],[13.285850303411618,47.86987535671568],[13.286085724919422,47.867830344669876],[13.290325527302539,47.86446689504523],[13.289534772652296,47.86263461956329],[13.290767282209938,47.86028857740874],[13.2928329483257,47.85770125343903],[13.292924051576971,47.85673765577137],[13.289202336543982,47.85713845551505],[13.285784356068909,47.85656393471231],[13.284647489846936,47.85478725885165],[13.285302982229648,47.85378809440518],[13.288139652789816,47.85303297218924],[13.288800512979911,47.84921073098836],[13.283991356383886,47.84687496964555],[13.281732216324814,47.846796168553524],[13.281384067630169,47.84285475496581],[13.285351245157605,47.84320049122791],[13.285114656669558,47.83959488700873],[13.285671655100327,47.83646292203938],[13.284404857366251,47.836371979614235],[13.283603307309056,47.830929271042244],[13.286185810016299,47.82976437387367],[13.286904990495865,47.82508061755144],[13.291035151317352,47.82546059297008],[13.29627640844262,47.824051332758344],[13.300926686865331,47.823248770033324],[13.302394702108767,47.82164604274317],[13.305214689984957,47.822402749029365],[13.30693576993199,47.821984352441135],[13.307903796455774,47.82046160160508],[13.309401296692693,47.8135364131342],[13.312828332698274,47.813103328522246],[13.319130469985001,47.81384135765939],[13.321396901549141,47.81342172879476],[13.32665708309119,47.81330121878439],[13.333100750485773,47.81360116080858],[13.3351330969124,47.81415902771177],[13.337812371044587,47.813454860781256],[13.341311446982788,47.81399797279711],[13.342473003863638,47.813638192995526],[13.345213454110976,47.81462496593946],[13.346871860412085,47.81324215875952],[13.348156258606874,47.810649045104206],[13.362863631712502,47.8062793232105],[13.365895926252575,47.803089504555835],[13.37090825455225,47.8015853231168],[13.372006435806874,47.800506153588294],[13.373836294060881,47.800433095116844],[13.379723092536013,47.79872012045779],[13.381638275581016,47.798583386238704],[13.384516349812516,47.797542107292585],[13.38649149012494,47.79498468119723],[13.390384575275172,47.795457297825166],[13.391932465128466,47.796768247290004],[13.395275767028675,47.79860057191996],[13.399147918581255,47.80040523622478],[13.402572137985983,47.80006197176178],[13.404366113446173,47.79907950618525],[13.405954810486875,47.79944980820232],[13.415315245330705,47.79949037479405],[13.42068294672505,47.80034956637052],[13.422318378142627,47.80180155948686],[13.428631468179681,47.80163500179813],[13.429546932322534,47.80066834469602],[13.432382284009286,47.80091460552771],[13.439381354376481,47.8031269626049],[13.442220441052385,47.80264540906778],[13.446428968130665,47.803741829730576],[13.44761088071781,47.804451135674846],[13.448517032853498,47.80490708714781],[13.451943125751292,47.803637397199424],[13.455879718728989,47.80362840976047],[13.457150124361222,47.804378369084695],[13.463250736306275,47.80444604077475],[13.46969156631364,47.80336490828894],[13.476140218221003,47.801237169917094],[13.478609528839113,47.8025837746716],[13.480491539456604,47.80066749631177],[13.481186748794043,47.79747553321508],[13.481316233434956,47.79421285787488],[13.483118097845134,47.79149115083524],[13.485346151067075,47.79031909183584],[13.48817612181338,47.790110638913745],[13.489781781134022,47.79202451677833],[13.492219036715772,47.792692247718016],[13.496043482545929,47.78994917147924],[13.500555903021867,47.79014422858215],[13.505091070987318,47.79164397321786],[13.506014525009475,47.79280650839618],[13.506455768232838,47.79618630554562],[13.508164450879745,47.79766756431328],[13.51348488249371,47.79685783207675],[13.51814806154041,47.798302970690834],[13.5266703981245,47.797732246245786],[13.524068580574134,47.79394119413628],[13.526268026326097,47.79417198447833],[13.528603813463253,47.792473944203934],[13.530904659863067,47.788636650510774],[13.533686105277244,47.7866009866157],[13.535888797252637,47.783053275771444],[13.53421695526137,47.781756342863716],[13.534139493817937,47.77990429722009],[13.532580670419073,47.77684447891034],[13.525904235543718,47.775525663586144],[13.524016286705038,47.77478260931699],[13.52127392472562,47.77503399643624],[13.516349267531188,47.773472615842756],[13.512427952755662,47.77272062353967],[13.508817405313172,47.77485871418959],[13.505368695918113,47.77451286755329],[13.50260895722097,47.77510859587129],[13.49777755611958,47.77683832276611],[13.496143888413316,47.77864451449726],[13.491056246240317,47.78056640228617],[13.486811309343285,47.781437192062185],[13.483764288056193,47.78282673072727],[13.481866485230205,47.78230216373116],[13.478643767222128,47.78302800748248],[13.475239204614534,47.78303774819792],[13.472786482416423,47.78477623695253],[13.469157555082274,47.78633145354597],[13.465283862989839,47.78694441995545],[13.462474874718307,47.7868595313544],[13.461195895582442,47.78475597590396],[13.457031026970705,47.78168524018],[13.454964705940508,47.77865146588582],[13.450677604866115,47.776281569709965],[13.449163948697452,47.775811851500784],[13.443508076496789,47.772711616148],[13.441024709936437,47.766084371624956],[13.440372741174507,47.76252411275574],[13.442272155692121,47.76008030579388],[13.441632674585891,47.75810681639854],[13.438160378160207,47.75215293292761],[13.438525267230938,47.75024147919565],[13.435432189911316,47.74813539983945],[13.435785995438145,47.744142348765195],[13.43355430489293,47.740819691009044],[13.433469015572669,47.73925871047796],[13.473791613082538,47.724899357797426],[13.48324323864538,47.72281154015617],[13.495007185712696,47.72355591746649],[13.503152607402761,47.722140638234876],[13.503380980740536,47.720574467487715],[13.501277047686008,47.71928280802115],[13.503498416166632,47.718475928979196],[13.507302668917154,47.718320791034685],[13.50994048993955,47.71959505692976],[13.511990731776823,47.719270514939915],[13.51450475133812,47.7196298760925],[13.518372110493386,47.719359111683765],[13.522497902482755,47.717637928291204],[13.52763954341283,47.718209564192435],[13.534844605361089,47.71652785382422],[13.539334870583417,47.716150025728155],[13.544946984061417,47.7146980599049],[13.548063967268417,47.71482345429212],[13.547684789389523,47.71318760782394],[13.5460943319121,47.71162805391346],[13.546403240507518,47.710360523145305],[13.545128510133322,47.70915161247389],[13.543919564423446,47.70615611984539],[13.543601686527076,47.70367298516346],[13.541206115982163,47.702490187457336],[13.540180187078455,47.70102597412302],[13.53596161936802,47.699192970706],[13.532819529233983,47.696004434436496],[13.532593396528691,47.694679023870314],[13.530718070560855,47.69116495929238],[13.530892356004843,47.6850880524328],[13.52983265867043,47.68344035013371],[13.526043578917259,47.68125760690924],[13.51998341850287,47.68036053446862],[13.516415352293013,47.678415986260205],[13.514140817579701,47.67624104126502],[13.510028881514241,47.677394840115],[13.508799692852078,47.678155717942396],[13.5062769611164,47.67704588977894],[13.503070573806362,47.67306875338298],[13.497235281918648,47.669706301242655],[13.496613742517622,47.66764559639667],[13.498279986171829,47.66552835871053],[13.497582978037558,47.65961583960368],[13.491691190077526,47.651755975216574],[13.489206789944687,47.65004803725471],[13.486913876567197,47.64715828725009],[13.487821391331416,47.644637694004174],[13.48481291513415,47.64265262254162],[13.481288216952892,47.64224965462557],[13.48144230224201,47.63850304980686],[13.483103628427877,47.636079221931745],[13.483148028715588,47.634569083534856],[13.48499975985338,47.63357165467807],[13.487057210977767,47.63103549735677],[13.489197651428695,47.631542836012585],[13.493315627609448,47.631039801690335],[13.495209845198785,47.631618809142495],[13.497833264709351,47.63084662882765],[13.499284975986775,47.62949703304354],[13.502583261830138,47.62970571497898],[13.508440401748583,47.63258815751126],[13.51197709287622,47.63175676452182],[13.515612092568437,47.629334948061874],[13.515046307455453,47.62622804517286],[13.517488374527815,47.62505964629921],[13.51747441347207,47.62388895672504],[13.52049244471069,47.619037111381076],[13.517800632601613,47.61580563534881],[13.514638530893102,47.612687214199276],[13.511731983464891,47.61152240830857],[13.511275586774834,47.60974959028546],[13.50351744683649,47.60146037016943],[13.503731125598934,47.597501998036925],[13.502409460705426,47.59555767693576],[13.503145028369389,47.59079831645001],[13.504268870724047,47.588146240664685],[13.50245909417898,47.5826974986154],[13.496295028121509,47.58184836516697],[13.487789800855015,47.577539491304776],[13.479862496878825,47.57210180139341],[13.475518641362283,47.56884415167152],[13.477779004747353,47.56490789725648],[13.478469659926446,47.562433763605],[13.478789228608283,47.56032898506335],[13.48131907204514,47.55913009426979],[13.480221179071702,47.5573325016826],[13.4808385506775,47.55468002771599],[13.481959842857483,47.553536641371565],[13.480657454349698,47.549920423406554],[13.476099538882357,47.54811558352308],[13.475514284836546,47.54551618226536],[13.472696900018573,47.543777410226696],[13.474223573300453,47.54294149045199],[13.473951596431355,47.540323068307224],[13.474393893740535,47.53729672735078],[13.475277092812094,47.53608882492933],[13.473400640536246,47.533079734360555],[13.47393478304975,47.531024630060806],[13.476331212352987,47.52804570318344],[13.476811060855445,47.52620991631425],[13.478570150125023,47.52499017706444],[13.478556884058763,47.523508152332155],[13.480474087240214,47.522021591042424],[13.484161084138995,47.520323489233206],[13.487245414899526,47.513968420675695],[13.492142726735167,47.513880210902016],[13.493529480012421,47.5132294779207],[13.49918992469601,47.5124243358086],[13.503713219951285,47.50868657160071],[13.510628680807567,47.50375045171706],[13.513283821245908,47.498891768303224],[13.51336171370177,47.49721345287628],[13.517486097121978,47.49504751404844],[13.531503124230039,47.495640685409754],[13.532339606212897,47.49415988132432],[13.537327492848595,47.49180277517484],[13.541080670791155,47.490919404903714],[13.544894264898875,47.49076413999867],[13.552394945591018,47.48680582989836],[13.555962729122548,47.48666974092033],[13.5587689285232,47.48416701240108],[13.565423379269378,47.483211408142246],[13.570416365875033,47.48110000219974],[13.572418223256138,47.47888264806378],[13.57851776979307,47.47640912085617],[13.582856450628059,47.47550827496876],[13.58371277964265,47.47377187661451],[13.585514609497151,47.47326847120269],[13.585417176178277,47.47085332017066],[13.588275392986542,47.471989033887056],[13.589096660146483,47.46914859407879],[13.58745158235649,47.46676757349366],[13.589040770911188,47.464802945867106],[13.589040220159843,47.46250580437079],[13.589863422909664,47.46176095052497],[13.58686408444944,47.45826798147458],[13.586889318016691,47.45703482192004],[13.584531669131065,47.45634379934718],[13.582989065614495,47.454603646154624],[13.583169127477488,47.451736116756436],[13.581880466759621,47.4486230067069],[13.579190472763507,47.44512214147239],[13.57657473121528,47.442602050413846],[13.575059044598966,47.4395320813331],[13.573655438665996,47.43863619048703],[13.572969424106349,47.43674419738189],[13.573273086939812,47.43432638245793],[13.571659245976534,47.43074416347909],[13.571111792216227,47.42772825957584],[13.569503202504928,47.42645043905712],[13.567155245594602,47.42620882440779],[13.563684917596468,47.42382973127551],[13.560536909865533,47.42117159932046],[13.561322502595704,47.41877795531392],[13.561746557279987,47.41739787895367],[13.561612169213289,47.41336923711365],[13.56381178768001,47.41183686183104],[13.56593040844454,47.411530611926864],[13.568491350477398,47.40737453894722],[13.570866501495408,47.40665999044289],[13.571197209242591,47.40150299221929],[13.569492539300748,47.39381056606523],[13.573624789144487,47.38765652663881],[13.577908442308065,47.384703881483034],[13.57893670919313,47.38307482472989],[13.577931988822867,47.38070135223135],[13.578087965258614,47.37888899682095],[13.57938568912823,47.37522113533869],[13.58122531891192,47.372816242339255],[13.579688409727495,47.369368724727416],[13.582508936237026,47.365878198282914],[13.58282731681625,47.361656281711674],[13.58645710886071,47.35982951753268],[13.587255300268499,47.357350885249815],[13.587315464253203,47.35486012440168],[13.59078328028378,47.35230990236517],[13.59216309044885,47.34855099854514],[13.59390423439647,47.345247610842335],[13.596895659286297,47.341409015053536],[13.595422416979046,47.33952848455149],[13.597742880037995,47.33769508420192],[13.598361700636456,47.33311745290689],[13.60072664451828,47.33039617930243],[13.599437894672096,47.32814312352655],[13.59663015298994,47.32609097628645],[13.59640463465128,47.32473312230006],[13.593733420559348,47.319236289757676],[13.592659982042631,47.31819473760205],[13.593474343806452,47.316606147962],[13.592729606983294,47.315536313438066],[13.593000824624642,47.31341036076224],[13.594639467349738,47.312386824741914],[13.598884910911012,47.31225051392634],[13.600034728988847,47.311572377331366],[13.599067563759702,47.30911422429945],[13.599412353207581,47.302143469451806],[13.59715784921364,47.30023031381319],[13.597727182570795,47.29752087634944],[13.594893678159599,47.294225174282296],[13.598119767894932,47.29201743717099],[13.598592749251853,47.290240465984986],[13.603027196494727,47.28644752804794],[13.605134010473964,47.28409682834876],[13.609511378128992,47.28441733469471],[13.612187696145249,47.283942671077035],[13.619190827603655,47.283836522352615],[13.620471771732179,47.28032132285652],[13.628651546437597,47.27470583774074],[13.633967071644268,47.27453790483005],[13.63585014014028,47.275336959470074],[13.638888421225372,47.274842351478114],[13.641804868782595,47.275861317505964],[13.64588687121297,47.27630089670988],[13.648635758226716,47.27738619107041],[13.650849252364452,47.277255610636345],[13.65282574077407,47.275801637492286],[13.656630579715324,47.274986697103145],[13.65859073338747,47.273989573778415],[13.666322273688449,47.27265304985138],[13.672029750068884,47.2752938988528],[13.674403202633052,47.2740780697421],[13.676914876060767,47.271284291856254],[13.679678516097628,47.269702407057565],[13.687022589576342,47.26853472101772],[13.687475503189495,47.26802674236402],[13.692803016941264,47.26578114986187],[13.693014143657168,47.26079573074071],[13.699230366156785,47.26146121949437],[13.702912869409218,47.26050538738434],[13.709056671941815,47.26021105480682],[13.709275082497255,47.265143446286075],[13.711056100502075,47.2708945041466],[13.712608720557778,47.27267792420493],[13.716488160596752,47.274503827131134],[13.716891259607008,47.276489445657624],[13.722519067521791,47.27897013630341],[13.72470069601698,47.2779435859158],[13.726755245338678,47.27768844953351],[13.729068395594343,47.27838812084401],[13.736008671658253,47.27902057688629],[13.744913271963956,47.278523339562696],[13.748544585236063,47.27672637134682],[13.750740854791614,47.273745941280744],[13.757832871689208,47.266979618653856],[13.76596754211805,47.27087640369627],[13.772181217863185,47.27250645817443],[13.775080938185802,47.274756228962595],[13.781123277672327,47.27595663788147],[13.785717660282682,47.28057156262385],[13.788329986208883,47.28214235525693],[13.785846675493039,47.28468933844681],[13.785629117171087,47.2874184193636],[13.786525134425077,47.289727383919384],[13.793240941177853,47.28805058769182],[13.794777327766932,47.28809927092918],[13.800386547919128,47.290987233249524],[13.799840577438177,47.29222378336293],[13.801728470724793,47.293419683671374],[13.807054688299923,47.29473125932635],[13.809871525456288,47.29511705356902],[13.814365342470847,47.29690081752533],[13.815341329404665,47.29613566596586],[13.82038793277682,47.294869303447655],[13.822535502019646,47.29391075928638],[13.82018037076904,47.29090350815323],[13.8207792616986,47.28770169153195],[13.824329812402004,47.283696928408354],[13.823644465104842,47.2823998715286],[13.820571908977142,47.27889839847339],[13.823279592411545,47.27670420112843],[13.824438173931924,47.274927548280075],[13.820495666707195,47.27401371865668],[13.818524923912026,47.27087845951176],[13.820813057780049,47.26771928494706],[13.827834243525292,47.265837216908814],[13.830518630477206,47.264487118779584],[13.835783755533232,47.26369050100672],[13.837577033497892,47.262319503477855],[13.841849434810587,47.261792965538106],[13.844733397898349,47.25984481254808],[13.847375530846637,47.2588729531435],[13.848825348998687,47.25760697909848],[13.855587078464714,47.25548898004695],[13.859567711638604,47.254773256028166],[13.86137413022891,47.252877782610945],[13.862673926667142,47.24983695377846],[13.86422596289046,47.24795485078462],[13.865633954084633,47.24314206864973],[13.865319519128269,47.24175300343355],[13.863644256418695,47.24086479902321],[13.862539127991672,47.239010881669046],[13.859942613222287,47.23834689433999],[13.857298661460424,47.23682214897453],[13.85565202407989,47.2346294536814],[13.850067477284117,47.23358802719445],[13.8473125743275,47.230352428537905],[13.849270616640863,47.227548030514946],[13.850774770791604,47.22656836048787],[13.854210887234492,47.226355655102],[13.858427726872055,47.22360103652197],[13.861939615717835,47.22064419930689],[13.862533380700755,47.217129653265516],[13.863485176005106,47.216116654355936],[13.866368931016764,47.21522032719715],[13.870277663369647,47.21309331613226],[13.871283489973768,47.2130522205058],[13.87313071826559,47.21022479821384],[13.87739793764105,47.20733767541268],[13.878437371780146,47.20594306812838],[13.881296147765328,47.204216689636404],[13.883943636893182,47.20355706440467],[13.88700424685673,47.20127646236186],[13.891347214956307,47.19939009055991],[13.891937777265104,47.19876858802227],[13.895346530524304,47.198065459345464],[13.900380739461488,47.19545765138851],[13.898529841418997,47.19207129403262],[13.894594949292419,47.191578767543284],[13.893208156927182,47.18696136744509],[13.891516908228558,47.18618990642722],[13.894421829314242,47.184686561691215],[13.895819246747843,47.183418335608295],[13.897897308782705,47.18469728018881],[13.900330934398037,47.18512833992872],[13.901503213317355,47.184488861711614],[13.904598389939485,47.18445799221306],[13.906338191807704,47.18606870533557],[13.910071665373575,47.18176646975798],[13.912719765783994,47.18040495280202],[13.913497107319916,47.1758552198918],[13.914633697115978,47.17432984548819],[13.913988965074045,47.171310624796554],[13.916868238379115,47.172460333929834],[13.920210174426126,47.172482119748636],[13.924398933311343,47.17168356766699],[13.927947795357671,47.170195898958205],[13.93128683979471,47.16982164255232],[13.933072396342812,47.170165063071],[13.93780375842904,47.16858240035591],[13.939942624981187,47.16710273135776],[13.941423573366803,47.167556159273026],[13.94562853185221,47.16656462872251],[13.949440730207213,47.16507720803163],[13.955009684051438,47.16196403517633],[13.957543832822546,47.16009198745304],[13.960009445484376,47.15766040217547],[13.960374776366631,47.15658420589743],[13.962997377003555,47.15412325509174],[13.96386629914386,47.15232108811168],[13.967133408940706,47.15024914159166],[13.970949879929549,47.14912115752219],[13.974620088928354,47.147015511037786],[13.978348734427133,47.14657036361369],[13.98103555251687,47.145328130831835],[13.983804113376628,47.14511456457038],[13.985569247527208,47.14411683589477],[13.99009642683173,47.1429496672736],[13.991296989735776,47.141021735666754],[13.988782753896798,47.138289764027675],[13.989203508505328,47.13690181747053],[13.993318548848043,47.13351913577813],[13.990057640704753,47.12994705181055],[13.985521420622577,47.12836104916963],[13.985012729848352,47.12781112252956],[13.984456688552022,47.126486101070206],[13.980522848595363,47.1256845931306],[13.975849635643732,47.12613101982969],[13.972071082334104,47.12754645467483],[13.969752808115052,47.127658244411016],[13.963058749149459,47.126642899744404],[13.957115547749565,47.124444664729296],[13.954469738975664,47.124710905930016],[13.951111047592425,47.12601537318578],[13.949071329082887,47.128562976658046],[13.945939684999134,47.13016281511936],[13.94456454053131,47.133228460711514],[13.942311906206724,47.135245838900516],[13.940964635112577,47.13727615662731],[13.936675180492859,47.13712432888092],[13.932850541084347,47.13580419887789],[13.930181141007154,47.13398983529087],[13.926001901011896,47.13191154445434],[13.924770851243144,47.1304274296595],[13.919051242223258,47.13011284390471],[13.917223560986587,47.1284958486576],[13.913352954327697,47.12709009359991],[13.910505698156626,47.124337508560544],[13.906307086779206,47.124092841874536],[13.900488948271569,47.11889416181561],[13.89952948870899,47.117516849453466],[13.895273555763909,47.11445767154016],[13.894002277149061,47.115318214794826],[13.889635403493527,47.11496552050636],[13.88751051239751,47.113478088474295],[13.884505914065318,47.11052803204447],[13.880354878392485,47.110292261081625],[13.878367975186235,47.10868423317903],[13.880298944394555,47.105637872346264],[13.875611432150723,47.10107458962025],[13.874654393261315,47.098071213485],[13.875024829405154,47.09589544582786],[13.877664285322608,47.09399686130647],[13.882686623662726,47.09257558622464],[13.884702219962897,47.08986723978944],[13.88467269151031,47.0886871156668],[13.88676207292456,47.085688187604205],[13.888323027946992,47.08493401317754],[13.891423381364211,47.08152739584626],[13.893380283083928,47.080278025357124],[13.894735100176568,47.0781917217888],[13.895987064313783,47.07748269641797],[13.899822942642684,47.073601874365515],[13.903967588488547,47.0708202774534],[13.902093927051668,47.06863640252248],[13.900969781849682,47.06622362531472],[13.900766394526288,47.06361998400739],[13.897699475461238,47.06160953378195],[13.898158453760963,47.06092484332935],[13.892963299536758,47.056761532102165],[13.888489268092172,47.055342863731376],[13.884742510318523,47.047942060403926],[13.881883851976452,47.04595908022708],[13.879640444242925,47.04019032571445],[13.87729783003038,47.03800741379793],[13.874024075088993,47.03347242980428],[13.872138307795137,47.0319888661173],[13.870873729183508,47.03192068859804],[13.86811155364267,47.02845173600211],[13.863911487360397,47.024075941596166],[13.860938351853413,47.02030091770551],[13.862006450727677,47.01642725739155],[13.861257846343227,47.01523589624086],[13.860299776806851,47.0106713414539],[13.861485708197055,47.00596311208489],[13.860314013153847,47.002574240682485],[13.860745872794617,47.0001681472876],[13.861870679521834,46.9994953522529],[13.8618498671006,46.99690132351731],[13.85934110601797,46.99593552639701],[13.857008609404641,46.99568483219434],[13.85478190249188,46.993213346866376],[13.844198252340139,46.99049298617452],[13.842154721607198,46.98976298335624],[13.839847184811937,46.98725189048537],[13.840162437755634,46.9846124509907],[13.839183626707658,46.980672909147145],[13.838085565337389,46.97940197479173],[13.835265068597913,46.97841175346398],[13.83234853089763,46.97570893793571],[13.83106085958289,46.975780280752915],[13.829564231797223,46.974437679815146],[13.829703611052924,46.96983891847507],[13.82873953376294,46.9681150702141],[13.829007172764317,46.96615800830227],[13.824989664197052,46.963111052544285],[13.824746643172665,46.962442565852236],[13.817846495143362,46.959581656055626],[13.814205368758017,46.958719402814246],[13.811737864002486,46.9539800786715],[13.810188595370887,46.952535051809306],[13.805877941217673,46.951216991229295],[13.802314839827318,46.95172415522587],[13.798352103631528,46.951844674621924]]]]}},{"type":"Feature","properties":{"name":"Kärnten","iso":"2"},"geometry":{"type":"MultiPolygon","coordinates":[[[[14.431692925911257,46.44365425302772],[14.426801111783204,46.447752411658286],[14.420738265912275,46.44607249202958],[14.418075264045973,46.446454028320595],[14.414401356724829,46.44618754129536],[14.408985164174728,46.44624375165628],[14.407946406552137,46.4472025679596],[14.406546888844083,46.44642318889266],[14.40145360751537,46.44526063467951],[14.398750124882417,46.44558117822944],[14.3935609217304,46.44465034558312],[14.388125065674089,46.44279017480055],[14.386705346415715,46.44271189162495],[14.383393084550262,46.44082805648947],[14.381131050567884,46.44075190407691],[14.379381166144173,46.43985146329315],[14.375874232675967,46.439830971489286],[14.372621759233024,46.44041522145045],[14.370335224763997,46.44016712140253],[14.365570677722406,46.440546994938785],[14.364848180555551,46.439444412755776],[14.361378681936678,46.43892965986045],[14.356800775729008,46.43939509705099],[14.35291672658929,46.4393146963198],[14.349210877619042,46.438009687307414],[14.344565078951344,46.43760789864006],[14.341905677241932,46.437714499653985],[14.338228278911796,46.43594798716674],[14.335101202903758,46.435720546793505],[14.333471044986652,46.434440227182684],[14.329447024904256,46.43264358486151],[14.323363610241747,46.431716651877785],[14.316107459002648,46.43178406108135],[14.313850955570315,46.432247032088334],[14.308242045608285,46.431109441803436],[14.305342799404816,46.431338016743794],[14.299822600195538,46.436870848477874],[14.29891483312495,46.43894319722332],[14.296117641024386,46.439742307512255],[14.291537149426778,46.44009568535645],[14.28789337859998,46.44173098828251],[14.28306528553598,46.44308104950588],[14.28039112325805,46.444209047511066],[14.278894291550666,46.44355048223824],[14.275703192171656,46.44368185240093],[14.272078992545364,46.4432390702599],[14.266437087602325,46.44159405987756],[14.26525483776874,46.44015535301491],[14.263059769520716,46.440001406175696],[14.261334826915792,46.438942641395315],[14.259676085344044,46.43984615620798],[14.254684654707782,46.43995306973786],[14.252021297757327,46.438078708316795],[14.245666072698448,46.43517921297258],[14.244853318141184,46.43534093832251],[14.240398515448572,46.43408541224125],[14.238297327763137,46.43424686919976],[14.234377009537496,46.43292966140553],[14.231593442039228,46.43414456141613],[14.228052271120491,46.43456918865935],[14.22730897857973,46.43538790292628],[14.224179382630979,46.43659097377362],[14.218841562043421,46.44268411134633],[14.21575864955619,46.44373144939654],[14.214205095034618,46.44327853063357],[14.212546014930485,46.44385957473797],[14.20957284241421,46.4406042686172],[14.204857113104286,46.44002323508728],[14.200915184464161,46.44045191089574],[14.198465613666025,46.44137375577577],[14.192616024885025,46.4418842991074],[14.191934010949012,46.44290386270046],[14.189409878373679,46.44322329971011],[14.188290480159955,46.44463875719028],[14.188479681828001,46.44287784091409],[14.186519798772474,46.44136271653075],[14.180261606975062,46.438932555109176],[14.177717198168937,46.43900605725431],[14.175720541972243,46.43750767151664],[14.175243223778644,46.43604340424461],[14.173672839788415,46.4346698299612],[14.168620168470083,46.43448877503844],[14.167592953254122,46.43397002605045],[14.160402752621653,46.43431869303187],[14.156365088457973,46.434957154186584],[14.151832852705116,46.43638612801249],[14.149725667020029,46.43801507044284],[14.149419043111607,46.44158661873198],[14.14843300897645,46.44366538381581],[14.145440342253266,46.44381824755729],[14.138467252888379,46.447334909041736],[14.137530566900942,46.4489716917869],[14.135531049814015,46.449173413829804],[14.132103129818391,46.451890391106716],[14.133122953839312,46.45402780536976],[14.132293585486215,46.45942043934647],[14.130127447064366,46.46167811756605],[14.127915158722743,46.46286270975176],[14.125395827631792,46.46595087696904],[14.126667106233793,46.46713648366262],[14.121141180369378,46.47311798514577],[14.118686864375452,46.47397152320919],[14.117344555996151,46.4757047285604],[14.118716827993019,46.477317487293064],[14.11279516704341,46.4782409566838],[14.108624532282356,46.479516018884404],[14.101816314565246,46.48063739510082],[14.099675097008454,46.479618594455985],[14.096462700472676,46.48077275245395],[14.097140237921192,46.482169135697056],[14.093290426898488,46.48428149598796],[14.09184434432225,46.4856150435068],[14.088725629567456,46.48640995664262],[14.085456436546787,46.486058188759586],[14.083212483815185,46.48734639007928],[14.081067594676723,46.48686137845479],[14.07745334667991,46.48752376289727],[14.075412999649464,46.48729439355311],[14.066543536715997,46.48815988159177],[14.0625096258398,46.49024628564876],[14.0554741515357,46.490711356796304],[14.055052310191,46.49127283739762],[14.05028449121331,46.492414495531925],[14.047936696941981,46.49390231330789],[14.046974977549958,46.49342631196839],[14.042257204364377,46.49313753939903],[14.037747330876451,46.49373500218138],[14.031812643960116,46.49174911358991],[14.029213267061309,46.49009045026138],[14.028232670231375,46.487566033499036],[14.025034239921098,46.487502346706556],[14.023208103262741,46.486680901417884],[14.02157347326937,46.484089808047926],[14.016860625993521,46.48208737826753],[14.0117160912395,46.482855828255346],[14.008245202483629,46.48270899969048],[14.003683669933451,46.482070900703945],[14.00088510351178,46.48340997198523],[13.9961615120009,46.4871108538983],[13.991928146487803,46.48831778380148],[13.989825456523661,46.488032072499955],[13.986718168835464,46.4890420091805],[13.985943497268405,46.49360797820185],[13.983067881541203,46.49405014168243],[13.980100227252164,46.495971470443294],[13.9753461644001,46.497414709981584],[13.972825007641028,46.498978509036355],[13.96908578087702,46.49749787956274],[13.966837128917547,46.49752676728383],[13.957696830308139,46.502062152524005],[13.956995902123568,46.50362869953766],[13.953822785146063,46.505318953804455],[13.952193733845405,46.505520484545826],[13.949702682625386,46.50807128989797],[13.945765677483234,46.50876052913735],[13.940136720329567,46.512188988938064],[13.935268167586543,46.51225888047956],[13.934717424637162,46.51293504549499],[13.92837212740232,46.51444660074252],[13.924528674623138,46.514774325214056],[13.922594725212269,46.51768708679979],[13.92013906798749,46.51941176376342],[13.916941921522547,46.52027167490813],[13.91491895172357,46.52029852882097],[13.909152198216141,46.52184892138495],[13.90601740797546,46.52134008153327],[13.903896922576553,46.520035105278595],[13.898399949899108,46.51951866649916],[13.892835702043998,46.52003902291951],[13.889555572163456,46.52191576967777],[13.886790385690132,46.52147034101476],[13.883945350718246,46.52185051481538],[13.879163631824794,46.523484967999224],[13.875976431198783,46.51984026172123],[13.874336628536867,46.52021032255388],[13.871974402966869,46.519424994694496],[13.868619546456129,46.51991816426507],[13.863123268252467,46.51819510694596],[13.859552357381261,46.51578669753546],[13.857806894172578,46.51606658402144],[13.855211953378126,46.51481545685871],[13.852466621471752,46.514575595368896],[13.849222616568623,46.51519769321327],[13.845650271866234,46.51488434523701],[13.839142422009676,46.5166646796427],[13.835106161213902,46.516740166268505],[13.832650912018261,46.517684612257575],[13.83151166869672,46.519135875531845],[13.828474042297945,46.5193806223774],[13.825796553340924,46.51764168358635],[13.826372792817754,46.51597025408143],[13.824270321678455,46.514303979495956],[13.820194196289924,46.513703554728906],[13.818421216644927,46.51265695022392],[13.818026395287234,46.51122387153042],[13.814502821139357,46.51081943935525],[13.81219484692647,46.50809838682049],[13.80795757961795,46.506699748921115],[13.803066575524653,46.50771795749869],[13.799327063979831,46.507228025405084],[13.796129488432994,46.50725382920029],[13.792415249561335,46.506112488415994],[13.790895335708392,46.50642334717673],[13.78916139587947,46.5086304239554],[13.78727356618479,46.508333398583446],[13.784159784530086,46.509870231076285],[13.780861418457121,46.51198491578084],[13.77733104916521,46.51282355276315],[13.775865253522596,46.51784367287753],[13.773539275514368,46.518313395741146],[13.771531737250408,46.51671739218638],[13.768445628523061,46.517073988652285],[13.764896490813484,46.51631098262352],[13.76352214833118,46.5152141185208],[13.754625448683576,46.51816864098954],[13.751076950532461,46.51874198715867],[13.744730986211152,46.51794641192296],[13.734576406801086,46.51778749574836],[13.731186083372238,46.51895691691433],[13.729932582528603,46.51999671045428],[13.7233982180929,46.52271491815842],[13.723008675519191,46.523854927680084],[13.718136968393564,46.5239144430927],[13.714950823889101,46.523326864193194],[13.710009198191104,46.52339202377924],[13.707555919909103,46.52193251178257],[13.702456424156617,46.52175060906377],[13.698832788264546,46.52315654789079],[13.695441445880803,46.52397317322578],[13.691545094280713,46.523302909304],[13.6883135349986,46.52171292062461],[13.684857338367205,46.52254895643153],[13.678027767704856,46.52237395211549],[13.676015885081444,46.523507240728264],[13.669398706368542,46.52426826252359],[13.668354036352623,46.52560168605219],[13.663898342761481,46.527496017541246],[13.659692746336178,46.527567597957976],[13.656195169717227,46.528378938196624],[13.655632588199795,46.52999446442268],[13.651525915335622,46.53145658539785],[13.6456387793907,46.53290417051216],[13.642677835291545,46.53390182924434],[13.641126641326323,46.53302566427037],[13.637789431156175,46.53553097307834],[13.634346799317932,46.537059048277136],[13.631911024407465,46.5376144002507],[13.62701988205202,46.54024398337408],[13.62512984889842,46.542042949108904],[13.619081134351674,46.542909931771035],[13.615796973631694,46.54324997338991],[13.610109589808586,46.54331126402589],[13.607786913297256,46.54433423320115],[13.60398074688644,46.544190138716985],[13.602925861828066,46.543739370621644],[13.598234790287302,46.543847695165816],[13.594565857369888,46.54640009796942],[13.589187345341747,46.54687602483512],[13.58835901740907,46.54598003020438],[13.58434745394098,46.5452916493456],[13.580872551104282,46.54247642977844],[13.58011357086948,46.54039910105817],[13.575527303009792,46.53903261528323],[13.572960678660564,46.53876665692185],[13.568101531003741,46.53956042546154],[13.566325014843155,46.543890280348],[13.565673951179743,46.54720249331308],[13.563783418264082,46.54875299108587],[13.561461147852386,46.5493374462444],[13.560863433095875,46.55178637932671],[13.558136733796777,46.55259886432951],[13.5546960159543,46.55196424906227],[13.54723309799655,46.553126617119204],[13.544210052275943,46.55416957794974],[13.539846140527102,46.55431813292758],[13.536422784203813,46.55359016187141],[13.53550985481991,46.55211970241923],[13.53089936085486,46.55015840648353],[13.52715352777065,46.55009051825389],[13.523223926049651,46.54939217144437],[13.522163098835515,46.548756296170616],[13.519073899940858,46.548394071026195],[13.517522249541623,46.547675644320876],[13.511982045177659,46.54952811507516],[13.509107427148006,46.552902984315736],[13.50869711007737,46.55612370158831],[13.503790031016532,46.55666382283432],[13.50271500979669,46.55781939621843],[13.504335102252684,46.5593937797814],[13.503728050583812,46.56300041916494],[13.50143526403357,46.56701736426058],[13.495852452899088,46.56646637247155],[13.49291572531096,46.56506415879005],[13.486173556998603,46.56321470849134],[13.478893188291991,46.56148630273762],[13.47557369171639,46.561411376013396],[13.473520599248088,46.56015851650226],[13.47190720065884,46.55805831054571],[13.46618251126139,46.55812407314272],[13.459846957567821,46.55956012476247],[13.458488179525618,46.55923269404142],[13.451059761476033,46.56016325717758],[13.447948871142735,46.5596806945064],[13.446897904470374,46.55808144377189],[13.443231397584844,46.557223120972594],[13.43988377489142,46.55734034957916],[13.436944452625795,46.55849344945123],[13.436725795476702,46.559413569010545],[13.433810971143064,46.55995670511428],[13.426584429171996,46.55884543996823],[13.424426629322545,46.55825714898526],[13.420670044436319,46.55928901690671],[13.414673376821936,46.56032591662627],[13.413553247476663,46.56108909317604],[13.40822253546756,46.561458446392564],[13.404683792974337,46.56220522024524],[13.404155894487886,46.564966658570455],[13.405061080187563,46.56920999720757],[13.4063275227755,46.57218766759059],[13.402937144116313,46.57271078881596],[13.399303243322198,46.572396901279525],[13.39526005152552,46.57349953223321],[13.393971926363577,46.574567717661665],[13.385759517745251,46.57738417106853],[13.379068113074343,46.57757938974375],[13.37409133335831,46.579107768206526],[13.369421917320153,46.57998709766953],[13.368172568007717,46.577344977553715],[13.365576560888707,46.57448810913534],[13.367172111137428,46.57237957872178],[13.368053855386224,46.56803353934473],[13.360064934556636,46.57078110555601],[13.353346338709674,46.56925688500666],[13.349651498639899,46.56721602141215],[13.347247206064882,46.56840556987241],[13.345603839699143,46.568088870248985],[13.341129124523379,46.57033608421204],[13.339680464055508,46.568543221988826],[13.336551633615843,46.567098796460755],[13.335366167512344,46.56440367832741],[13.333338428411372,46.56452742150689],[13.329515073242007,46.561524052781586],[13.329230405574165,46.56017404012203],[13.324867082669005,46.558839465075465],[13.323145623188841,46.556351666298255],[13.319276323709943,46.55392028719338],[13.312394563986471,46.553124483757394],[13.310933355249562,46.55424090243284],[13.309237855723671,46.55383215679014],[13.307892653673825,46.554647230170346],[13.304338268160603,46.55531481751929],[13.297811034274783,46.55892848676694],[13.297395266343734,46.559807784254815],[13.294465484183874,46.56102348119186],[13.292186522362186,46.561175279938226],[13.28499968956798,46.55989829808321],[13.282659841187659,46.55781531793237],[13.281815112158315,46.558665483309866],[13.276407713209393,46.55975431232557],[13.274118765394524,46.56080676291422],[13.271697669765336,46.56064423563374],[13.270455331272329,46.56165497701081],[13.265352227430125,46.56162782815502],[13.26419148249562,46.56044303800059],[13.25980349923232,46.559136249126595],[13.257972869980104,46.55823933223129],[13.253680979280565,46.559740618341145],[13.253009932989755,46.56065655285689],[13.249993269013684,46.5611940504026],[13.248876183147578,46.56042266546032],[13.245989474147285,46.55987647806891],[13.24321926607575,46.556704261700425],[13.239137877867636,46.556709935205724],[13.236889588781837,46.55264156386274],[13.232436342288587,46.55449325928972],[13.229738615709888,46.554337860668724],[13.230046209571643,46.55642046298686],[13.22955238525499,46.55967094472476],[13.226235484116241,46.5616051326821],[13.223678497018051,46.56493576654891],[13.219251137033803,46.56594074163383],[13.215952486890043,46.56884765237816],[13.214532013584119,46.571208320338826],[13.210985737224028,46.57041274547401],[13.206191194160981,46.569985195121006],[13.200508332103887,46.57296245995771],[13.1958611811978,46.57208584039901],[13.193761204947597,46.572156507226396],[13.190408318068117,46.573058559771354],[13.187283707225115,46.5748514858281],[13.181765503254399,46.57736977077247],[13.17932421379197,46.57757791455143],[13.17631225900674,46.57851321448612],[13.174596452097113,46.58025006483521],[13.174248255818986,46.58242521013453],[13.16855083367845,46.58420389086679],[13.1658196182268,46.58566127569291],[13.1663023426502,46.587426433520676],[13.165783664211574,46.589614349290045],[13.162669641856294,46.58997589383118],[13.159731784181679,46.58892093935817],[13.152447423565363,46.589806759011935],[13.150388053113321,46.58949815151303],[13.14808686188347,46.590741839359815],[13.145471077629225,46.589467946942705],[13.143512333294188,46.58780819973737],[13.140116374988441,46.58910899444582],[13.1393106208526,46.59050954179461],[13.135117292281977,46.59139114177579],[13.132284147159659,46.591494556304426],[13.130236028256682,46.592399298208285],[13.12766163250534,46.59196023125357],[13.125464231296563,46.59259540391916],[13.123048371943213,46.59194210832777],[13.11895102378272,46.59245483098062],[13.114899377345724,46.59489956759274],[13.110824754720067,46.59473721248953],[13.10998341656582,46.59570154410483],[13.106103551181917,46.5967588612411],[13.103107845009333,46.59509028912577],[13.101303959622825,46.596026766394836],[13.093872981370918,46.5980333061546],[13.090467206924663,46.600543770196595],[13.087824679188047,46.6015422900405],[13.084789000801713,46.60197302792549],[13.080727367593656,46.60275428400966],[13.079019327033958,46.600932732550966],[13.076131409943038,46.59986086230387],[13.07461534900554,46.600398970924495],[13.071135624309486,46.60030231656901],[13.069656206357603,46.59948115919711],[13.06781896006076,46.600231131949634],[13.065785631067605,46.59961169810692],[13.060872113716604,46.60062595718262],[13.059867698354259,46.60042809840137],[13.058498311691446,46.59790982137587],[13.056930460694543,46.597505775267415],[13.051818704620095,46.598118035632474],[13.048827806688204,46.597741091319946],[13.046191091699239,46.59629019136789],[13.043800484693016,46.596014333466506],[13.041549573253318,46.596457344015995],[13.039871465871514,46.59753200082784],[13.03609915430642,46.597890947714866],[13.029760059273684,46.596731636449576],[13.025492691049593,46.59798884884225],[13.024608933559941,46.599174855517674],[13.02131430236278,46.60155298548014],[13.018676375382096,46.60293941263647],[13.0177929116371,46.60126264763381],[13.014174365118391,46.6025853095708],[13.012172288314577,46.60180519570448],[13.009807179999632,46.601682910780696],[13.004538758133526,46.5999492987095],[13.00215988792187,46.60086650223398],[12.998912423192971,46.60304032042086],[12.996331494896237,46.60318812540997],[12.991793674464716,46.60206011454981],[12.990553973923909,46.60247619155298],[12.9887995284188,46.60039020990415],[12.986108127099868,46.60061914280741],[12.984361222434027,46.60015828881037],[12.97717185913165,46.602614982329584],[12.975380824793879,46.60141351423104],[12.97263322211141,46.60245102611523],[12.965069907160146,46.604506254614755],[12.96409675933837,46.60576060316268],[12.961702456795463,46.60597867905139],[12.960390197144058,46.605179937573894],[12.953724792932423,46.60721478717898],[12.952908479845807,46.60602847142842],[12.94858229201298,46.605046185698306],[12.94742558324883,46.60345241947954],[12.942139175200051,46.60429089770034],[12.938086619800448,46.60599193496724],[12.93308781914889,46.60863154441245],[12.931182029846518,46.60901293455588],[12.93075056680859,46.6104151416533],[12.92647890221122,46.61083909663646],[12.922257558212594,46.610481164818125],[12.921408889892152,46.609698501553304],[12.914540161293807,46.609467983351394],[12.907224423980646,46.610389328145715],[12.905132717138038,46.60884242672789],[12.90228958151019,46.608309190863125],[12.896232670334285,46.6104316023824],[12.893334040270442,46.61018549578998],[12.890922996333995,46.608765032646],[12.889145691207196,46.60882409519861],[12.887392948554197,46.607939085915575],[12.88525490752036,46.60736042531842],[12.883947442835833,46.60798957252538],[12.879285588824205,46.60786014882388],[12.87642077083827,46.60943130311933],[12.874566120898658,46.60988824657822],[12.870146163886407,46.60826587904597],[12.866642630841813,46.60909796019623],[12.864171654484991,46.61037422454165],[12.862437782776277,46.610398855225355],[12.857647015841378,46.60701951030033],[12.854402612280845,46.60601584477648],[12.850157689963504,46.6054411415679],[12.847555621831578,46.606275946481006],[12.844887866586161,46.60615807556426],[12.84283999953261,46.6068677602874],[12.839645557996489,46.60710396951527],[12.838647059632434,46.6079372963429],[12.83451147574166,46.60867589981647],[12.830858429966487,46.61060259950278],[12.830265173732611,46.6127403671565],[12.831700388822547,46.61511526287808],[12.830686297757568,46.6176095473505],[12.831397054539583,46.620621956647625],[12.830593852795122,46.622159896464794],[12.832258338928096,46.623634580387375],[12.834461274105319,46.62796898382784],[12.828105225448951,46.62968099376044],[12.828445801088536,46.63201611689942],[12.822607449077024,46.630242015749175],[12.81616259081227,46.62889493265556],[12.814524645618954,46.62990066834896],[12.813747186233712,46.63215412272192],[12.808873556975666,46.63160178954],[12.8062382984067,46.63181752204525],[12.80373302046236,46.63331114447101],[12.801187677727706,46.63389276598193],[12.79515907518581,46.63762810080332],[12.793165266490467,46.63933331038509],[12.79258326033986,46.6431261138265],[12.785892152178679,46.644561159983894],[12.784131602603624,46.644513829068096],[12.781546829457422,46.64571747617398],[12.777257048030949,46.64613714913076],[12.773114549599189,46.647408684654124],[12.768469415024438,46.647458515199666],[12.76357543181321,46.647109280080066],[12.759913260076162,46.64860941399023],[12.755902940469058,46.6479027029568],[12.753527823961694,46.6478786541689],[12.750817912793385,46.64630967981222],[12.747848016735384,46.645889410249836],[12.74453605990983,46.6435731192743],[12.742586557384984,46.64095280832472],[12.742278424988088,46.638521477980724],[12.737394258389097,46.637225108573666],[12.734932963918485,46.63559173588798],[12.73217076122002,46.63642268754503],[12.728569302262331,46.635007776264885],[12.727304534231138,46.63543766422666],[12.72534772443589,46.63754274348906],[12.724777273898486,46.64036845116935],[12.723944624621772,46.64115578100993],[12.71878387152286,46.64239427046709],[12.716550664532695,46.644669648124164],[12.716509266977274,46.646720961803275],[12.713913275235486,46.64757757416768],[12.713875387078533,46.649440849267386],[12.710388086093703,46.64963464505017],[12.707528646120503,46.650864154742074],[12.704845663616245,46.65060846599586],[12.702559974285702,46.651258422573335],[12.699221826239302,46.65149949692329],[12.696386449239249,46.65229074867386],[12.691992592171578,46.654249038360916],[12.689748408410349,46.65568135043457],[12.687814998391627,46.657687939565015],[12.688670896976495,46.66537785762676],[12.686213436731792,46.67375590383749],[12.687272166205576,46.675574707457834],[12.680909662247705,46.680743593641544],[12.684298484233862,46.68163484382852],[12.682915290126092,46.684276091637685],[12.68387095004645,46.686924493893216],[12.685985333440058,46.68750197509571],[12.689316986355374,46.689502562544185],[12.690819762047754,46.69672700528972],[12.689672860704674,46.70236558123919],[12.690614798152478,46.70355472473433],[12.693500233084823,46.70506765140015],[12.695637039164449,46.70462307732401],[12.698636303647502,46.705180022396945],[12.700008735342523,46.70486370182168],[12.702560582085379,46.70605356563061],[12.708084652728127,46.70574647325664],[12.70955273785895,46.70459320952237],[12.711493923209305,46.704727089323555],[12.716302639462011,46.70323736713557],[12.718701351533454,46.70366371626773],[12.717101571419771,46.706151776072566],[12.714408873994078,46.70908067728289],[12.711843666434346,46.71079566339632],[12.710130708345439,46.71297014466105],[12.707189941106854,46.71389481828768],[12.706296762305705,46.71576370866946],[12.707442668527312,46.717953972508724],[12.707263057855057,46.720634213578116],[12.709034049702923,46.724098803883614],[12.7094800807004,46.72659030366926],[12.711539385069816,46.7317470862966],[12.708906048803351,46.736370258232114],[12.710007986749567,46.73747328896762],[12.712665276624863,46.7386963410437],[12.715503054363186,46.741322841052074],[12.720513068941923,46.743056125982015],[12.722138168134554,46.74415989052112],[12.728079894453233,46.744203808638595],[12.732127886364804,46.74202106013868],[12.73560196301282,46.74173893903757],[12.737362699942187,46.74307507894933],[12.745381295751143,46.74816493301869],[12.749903189969581,46.74800244658954],[12.75432277934046,46.75099746813003],[12.757884341174682,46.751022029508476],[12.763656283873797,46.75024106206325],[12.774206334370378,46.752809716760204],[12.784301687404593,46.75290261921365],[12.788202320080957,46.757162772080875],[12.791320473395905,46.755275398357135],[12.793001465389452,46.75605573563165],[12.795967257783614,46.755665580960475],[12.798803563743727,46.75739214136748],[12.802994394520905,46.757377309714755],[12.807097813753057,46.75699830816364],[12.809804870809835,46.7560308969598],[12.810928838453114,46.74966913017356],[12.813949919581178,46.75085385500847],[12.819526037435935,46.75070304612683],[12.823450623650558,46.75256412287221],[12.825726495330176,46.75120666710248],[12.826434958015895,46.75003606027386],[12.830350008987969,46.74899357481373],[12.831882955925607,46.74972813385504],[12.83840776878861,46.75005145771911],[12.854022169611744,46.76088408544631],[12.857126254615597,46.7613361995165],[12.863975631013163,46.761333051561905],[12.869862266861803,46.76276089957729],[12.874175222117644,46.76340437570048],[12.878536427470374,46.76568343342452],[12.879975959605877,46.76732953022353],[12.88248791951012,46.769011467886415],[12.895732292140352,46.77654638298114],[12.896567448024967,46.777562323716694],[12.907632046701949,46.77299214154106],[12.911025905158922,46.76960184540629],[12.913523394797053,46.76777862240957],[12.918467120951151,46.76592879568263],[12.924078870273227,46.76569791325818],[12.928609757041915,46.76475736834992],[12.937725015422203,46.76904766323301],[12.941965773396808,46.770214762986],[12.943002403496024,46.771580082002636],[12.943297839992065,46.77560072621267],[12.944008398051043,46.77721190414337],[12.947534869143647,46.77973150617306],[12.95114893544751,46.78316304886786],[12.9522333694645,46.78268756630598],[12.95675365938763,46.78397849889739],[12.961062118656551,46.786374483677264],[12.962965650069428,46.78841064699643],[12.963180591031167,46.790268242569084],[12.96186365727837,46.792181289743],[12.962279839228348,46.79414833163116],[12.961946541350258,46.7973328503816],[12.960670629253963,46.79936335184976],[12.959616548019055,46.79995760878657],[12.953580764568775,46.80059294108905],[12.95013976400414,46.80176259632244],[12.948309888465722,46.80310670546288],[12.943435694621,46.80533473923762],[12.94174546932468,46.805626289724366],[12.936050745600019,46.80904168079111],[12.9334768682435,46.810042730216914],[12.931291426309004,46.81190341102403],[12.927377909641491,46.81307250065053],[12.923495329832933,46.814781892224225],[12.921614185963398,46.81501432627834],[12.916019601052206,46.81957811683523],[12.911260572181874,46.82206452058458],[12.90497186211503,46.823024213939014],[12.904298041316295,46.82338779024406],[12.90264695172511,46.82334499490438],[12.895056106125304,46.82521202220152],[12.89278121589817,46.82652148783386],[12.889194539472724,46.830435266616945],[12.89111203446467,46.83349423659244],[12.889310387419078,46.834885561857675],[12.88458898608493,46.83963389601768],[12.884998336259585,46.840558255254656],[12.88365872757486,46.843218229909525],[12.87708168823757,46.84489498818313],[12.873792542038343,46.845186461544586],[12.870600657302104,46.84679463756297],[12.868456127113916,46.84953977756147],[12.865217277191059,46.85059279688999],[12.858568132693145,46.85382195730599],[12.849495140540975,46.857795252239455],[12.846891864667912,46.85951055354246],[12.841005882755885,46.860387553336516],[12.838340668011002,46.86169424249905],[12.839910786756803,46.86742326284278],[12.839943503390698,46.87073664210334],[12.840810406098294,46.87407137361082],[12.840624355389268,46.876456380422844],[12.839126886396777,46.88056311298822],[12.839277825196037,46.88384614525708],[12.83853273915839,46.88776952805287],[12.838437415706128,46.89057324443069],[12.839096126515166,46.89369319840385],[12.8370520900745,46.893599243793446],[12.833835153537892,46.89605111396913],[12.833367464073149,46.89690341296909],[12.829167033620315,46.9005079560459],[12.829246989350125,46.90339441773429],[12.833279753553084,46.90873007513957],[12.83560741431896,46.910682884547306],[12.834238730733468,46.913204858542876],[12.828134875293715,46.9158876861463],[12.822429104185915,46.917706823039914],[12.819009511450858,46.917531662989035],[12.817197146398025,46.92149245442188],[12.814449038406519,46.921213133217556],[12.809132420036947,46.923592250613666],[12.805634318053574,46.92331374882672],[12.799586266634494,46.92325946402176],[12.796001970582275,46.924280833250826],[12.790855801946638,46.92719618819176],[12.786491152212575,46.92954658459247],[12.780124899058373,46.932606560539114],[12.781350386756808,46.93764620519275],[12.78359041430831,46.940276760811784],[12.777352286724561,46.94079148435091],[12.774789124641886,46.94289452185592],[12.769820291579418,46.94492449168567],[12.766825383250005,46.94549752032077],[12.76601035481447,46.94726300624025],[12.763809575253068,46.948497678292995],[12.759657742091813,46.95177438298309],[12.75789187324255,46.95412554677112],[12.756752974781406,46.95732550566128],[12.747718549716756,46.957377266333474],[12.741756433404865,46.961235688188204],[12.741152367493486,46.96817274704669],[12.73826593135879,46.96970298983289],[12.738974775253531,46.97364029536442],[12.736150744277436,46.97950023264221],[12.73351613413123,46.98358335413517],[12.726612693488216,46.989580448025656],[12.72457304128747,46.99241689008846],[12.723084653593633,46.99308223292147],[12.721818527199579,46.99650063465308],[12.726560048660549,46.99820913909314],[12.728954798409795,46.99958393737766],[12.730736617469512,47.00180692354029],[12.734633590869995,47.00456184979325],[12.734750902740315,47.00649201239092],[12.733038574093671,47.008339282924645],[12.73335689947969,47.01116248642699],[12.732953186346224,47.01371274566393],[12.735890442433446,47.01477100518519],[12.739454827594056,47.01525371079941],[12.741726703392642,47.01899713921858],[12.745004932631959,47.02176827350088],[12.752064972756102,47.02557638523418],[12.751579597985945,47.02743577824262],[12.753308826551063,47.03422913458876],[12.76364308605057,47.03788292169249],[12.765849862559131,47.04000920991113],[12.769458055096072,47.04086460060181],[12.763107971183299,47.04514263971485],[12.75786994698444,47.045249072844044],[12.75499928348473,47.04653805962214],[12.751815975319328,47.04620141099727],[12.75061014253862,47.04472667040848],[12.748846742462892,47.043986082491855],[12.739602545832764,47.04246486587091],[12.735815292575971,47.04296899050002],[12.732015457579859,47.042391356456285],[12.72853092502413,47.04303081978569],[12.72520979565456,47.043187044698186],[12.719707285373724,47.04398927418237],[12.714238850130425,47.0442022299089],[12.711760541200531,47.04542055022425],[12.707697515119014,47.04914786384203],[12.707314221737708,47.050450206280786],[12.698466613533503,47.07129543636998],[12.69677011694111,47.073772308344935],[12.69459755431355,47.0745754515964],[12.691665186481854,47.07484644488049],[12.689316396931268,47.07679062094934],[12.68647913915543,47.07789191296214],[12.683201076368308,47.080613872837795],[12.683150294228726,47.08234103560297],[12.680900559019983,47.08390102833029],[12.678036489769424,47.0847599102343],[12.676537405394049,47.08627797656496],[12.675914550278494,47.087990677127635],[12.673586588207336,47.09032814072289],[12.671541543371788,47.091662835315816],[12.666581886832965,47.09191175675689],[12.662148378537424,47.09415367599348],[12.65922846068749,47.096095131545695],[12.656836294315575,47.098400924217366],[12.654016066248188,47.100231353836485],[12.656091868398082,47.1023206625357],[12.6590836394593,47.103328029063206],[12.66324571284803,47.105853439484186],[12.667918603628388,47.107528482066904],[12.668283146421949,47.109190039365586],[12.670139332251516,47.10998360790813],[12.669027429524645,47.11157815702266],[12.665325714310592,47.11459866852002],[12.66401962852062,47.11682378652918],[12.663671898452204,47.11866257172855],[12.664500053440364,47.12055073759704],[12.66343253684334,47.12176235542723],[12.663320495046412,47.12354691699273],[12.666456533149335,47.121677791724245],[12.669509152345022,47.12142244098479],[12.682764104818125,47.1232767553579],[12.686199494091943,47.12502737131019],[12.689275729058226,47.123539789591106],[12.693899508822469,47.12236441773846],[12.697818553024995,47.12315298391908],[12.701662780456878,47.12272752263386],[12.705603155459398,47.12526866763048],[12.70753687844487,47.125149105021485],[12.70957837398399,47.12638052581432],[12.710200300539572,47.12877929752546],[12.7117886266765,47.12852046231194],[12.715142761727373,47.130090423015346],[12.717464345250171,47.13014591701594],[12.722593010898807,47.13199616558921],[12.728080438914334,47.13170610856031],[12.729735833630775,47.12687242546712],[12.73156967470105,47.11429641066077],[12.732842003836966,47.112211984326905],[12.730244337696421,47.10509773236871],[12.73386391155346,47.10218303595141],[12.736033033360467,47.10102981945141],[12.739449616808226,47.10058888030028],[12.742165499927767,47.09974622058438],[12.746068650083114,47.100370814661844],[12.748412035034765,47.09939615331577],[12.753383700457924,47.09843477089518],[12.754744795707115,47.098695169182875],[12.758973593609834,47.10073492181404],[12.761350152081329,47.101026902060305],[12.76356916089747,47.100161980549615],[12.76697071766602,47.10016338298923],[12.769952851400495,47.10165420799516],[12.77367962781963,47.09853939163895],[12.777446709300358,47.096957280388104],[12.779216676750414,47.093499609599206],[12.783514174252405,47.09328091622827],[12.78695136337928,47.0944497446606],[12.792156789939158,47.09360269938033],[12.796021384935209,47.09523676940196],[12.801097849755557,47.09622015518585],[12.801970442437089,47.09871567998958],[12.809862720117609,47.09821946333099],[12.811642482976707,47.09890490779261],[12.814550949606554,47.097670536844696],[12.817464537284497,47.09837715608704],[12.821786405025243,47.093517957603446],[12.824366731214994,47.0923872292681],[12.827413362456715,47.09213932589502],[12.828949649891765,47.091425225066544],[12.83140865343247,47.08680835175436],[12.832041473996105,47.08498518411898],[12.833940169585409,47.083512374550544],[12.843281090119337,47.082491476463126],[12.850371238990743,47.0822981756712],[12.856908132963259,47.08139407129153],[12.857849302164082,47.08266014712288],[12.862733193814671,47.08537199196793],[12.864185502897765,47.08531958879953],[12.868060719315366,47.0869755435086],[12.87487460491981,47.0848868701669],[12.877572240162353,47.085270394353024],[12.88230200993916,47.08530281508902],[12.889697103054084,47.081998139293724],[12.892920447804348,47.08204430536786],[12.898723265760703,47.081493616040405],[12.901235790370091,47.08212394482213],[12.904732593469303,47.08171542935705],[12.911717101832249,47.08228974884673],[12.916517509378341,47.08231893994657],[12.92666855869548,47.0795891529781],[12.934473141851598,47.07671988824226],[12.93360670146466,47.07381826795061],[12.936377306650922,47.07136019930802],[12.940193102560666,47.0644599985748],[12.940385987970508,47.059939851940456],[12.942252407463537,47.05874254151708],[12.952817171238713,47.05493337182335],[12.951346941410453,47.05137913836688],[12.950189502492924,47.0499694167178],[12.954034582007022,47.04394012170688],[12.95830043799971,47.042228645005636],[12.962028303362564,47.03971192309437],[12.968916702807084,47.03857175521865],[12.9733206358596,47.039308844033215],[12.97714948361176,47.03947934606252],[12.979822533065127,47.03910536164373],[12.982537409143534,47.036315422559284],[12.993009193980418,47.03936547084446],[13.000275721836859,47.04458431950818],[13.01140017256521,47.04265632478285],[13.015068456915284,47.042178597688626],[13.01842430631115,47.04003735345771],[13.018784612188254,47.036421749081185],[13.017048118923757,47.030889458097086],[13.022302696087344,47.0287968223763],[13.029059790481641,47.027865457232366],[13.032138754549466,47.027073649003164],[13.036456409871889,47.02439031711754],[13.042186858948059,47.022119218515385],[13.044272723691185,47.02326006591501],[13.046326736940943,47.02312615842674],[13.051865531426671,47.02026742946782],[13.05501435599665,47.01829492779818],[13.057309030941452,47.01801195641213],[13.06655309460578,47.01489312645914],[13.070207373241482,47.01412404171541],[13.073365943349579,47.01640631716379],[13.07579263387419,47.019010142565406],[13.076963961790211,47.021009318691114],[13.076713190359701,47.02512832544725],[13.077521976587828,47.02752186224722],[13.083243306329415,47.028315589522094],[13.08466965701119,47.027266687314146],[13.086833694150945,47.02844687179631],[13.088985694431415,47.02699593176241],[13.09282773116583,47.0261379828525],[13.097903669299326,47.025778153675176],[13.10083903182444,47.0259669328125],[13.103640632723598,47.02700008266342],[13.109384132584657,47.02616788980805],[13.124153515573449,47.02776133594837],[13.126350784806366,47.03054091001328],[13.127639700429082,47.03294395454548],[13.130392362178222,47.03551669144104],[13.135146835225324,47.035489793092175],[13.137225449825378,47.036673005196846],[13.143881299128799,47.03568038438645],[13.149040504642414,47.03632967309167],[13.152777670413716,47.03619115316947],[13.159164227417786,47.03775267929889],[13.163568342839207,47.040342328281774],[13.164895287142112,47.041525170113786],[13.168425577986818,47.04245638839647],[13.173547255053453,47.0415862189229],[13.176066330230736,47.04285895364142],[13.181808104853621,47.04445178520537],[13.185383672033623,47.043334006370806],[13.19421117446787,47.043285196119015],[13.201451297411937,47.04464392067658],[13.206405606794867,47.044987860068424],[13.211909211087894,47.044786183191015],[13.225139952375423,47.04774393699078],[13.245313561168297,47.05128768878815],[13.24578485380462,47.05201345286017],[13.242730652140168,47.068562951145765],[13.236572977614655,47.07224024421622],[13.238495769833369,47.075584713284236],[13.242647444320108,47.079315595124314],[13.245195298295199,47.084625738433196],[13.245342127605646,47.0864920805773],[13.24699826641847,47.08822145647568],[13.251873124870269,47.08858080601671],[13.257869668679177,47.09007468163197],[13.265713199166367,47.09244501015527],[13.274503599910444,47.095862267896415],[13.2872952066704,47.0951039362277],[13.294003000154058,47.091941643165036],[13.297106833335201,47.08847069290265],[13.300006535996,47.08744564299529],[13.307250812410132,47.08681226588331],[13.308564349740296,47.08882004747508],[13.313151740427132,47.09010572891661],[13.320778586462138,47.09156686692546],[13.32240773707134,47.09375834578685],[13.329792602209851,47.0963204532295],[13.336756330238549,47.09611060396571],[13.341379578411505,47.09671122527957],[13.343500172622988,47.09627186696208],[13.35170799917132,47.09781536481606],[13.352636304403518,47.09826347652659],[13.358971253153888,47.09958991323964],[13.361265484764086,47.09915027400286],[13.365597778360184,47.09649756058534],[13.368107654274183,47.09627492726729],[13.377313183665692,47.09317242696264],[13.378153744291934,47.09130091960714],[13.37864211434628,47.084706707007456],[13.378206481962149,47.083471936768056],[13.379242608739219,47.08100945850557],[13.384765103095358,47.0774473755033],[13.38519186184862,47.07625389495903],[13.388068374359055,47.075343491252255],[13.389963550405094,47.07415493984022],[13.392070133620175,47.073893738104],[13.395273702463344,47.07120951893801],[13.399983778738624,47.07021717334031],[13.403554866604855,47.06996352363297],[13.411623114685014,47.074950466010435],[13.414384787456997,47.07816144910005],[13.417835021092733,47.079135274993156],[13.418755810580187,47.08000520909823],[13.424763290456012,47.0820862928719],[13.42677933083458,47.081194317048485],[13.433028658729311,47.07933364668004],[13.436270962026617,47.07863206928985],[13.44303818205616,47.079047355710095],[13.444425887960023,47.07964588612316],[13.449678872892973,47.080156098741725],[13.45514787124471,47.08101900003322],[13.45893565285474,47.07940921222274],[13.461121081933658,47.07945220903432],[13.464702302500553,47.07831790448216],[13.469438089534439,47.07831033987674],[13.476721000982419,47.07646410721436],[13.480236106620442,47.076661969341764],[13.482520517207737,47.075360156448596],[13.485647895627114,47.07434707758099],[13.49381716787781,47.0735225939772],[13.499259007179985,47.07251448053863],[13.500268245430028,47.07080692749583],[13.5073537413783,47.07111876227895],[13.509944740129798,47.06949641437011],[13.51358116655766,47.069182431292255],[13.518741011728933,47.069222345967354],[13.520729128845899,47.06775810661406],[13.52870751312536,47.06501282657671],[13.531888767867585,47.06528011862521],[13.535329547661625,47.06449663564179],[13.537610210716624,47.06287870585631],[13.54118300083603,47.06240964104316],[13.54252602447323,47.061358388213904],[13.546342004152724,47.059907770590875],[13.549640247829418,47.06011487046944],[13.551939224726706,47.05948097823691],[13.552471085312744,47.058506298628146],[13.556132686670349,47.056619614968945],[13.566885321020028,47.05488211244959],[13.573564750946868,47.05327042723513],[13.57796705548267,47.05271854497363],[13.583176936998486,47.05412066580433],[13.58574742458393,47.05554140505313],[13.589302706882345,47.055425469744264],[13.591419662691269,47.056673264809525],[13.593013368372253,47.05520964182401],[13.598166494942515,47.055637371131795],[13.600311528245285,47.056404091241184],[13.603356754398131,47.05659241196726],[13.608778347698388,47.057790136810425],[13.612859151037414,47.05986163358905],[13.634826979627563,47.056210337271956],[13.641147986787544,47.04366152296865],[13.640871926182783,47.042724964269766],[13.642721597707103,47.04101718320008],[13.6461825451915,47.03988692397473],[13.65237549690786,47.04040344066081],[13.6556490915592,47.04222822815357],[13.657471858051661,47.04082890888249],[13.66124669844435,47.0402586703892],[13.664069167883065,47.041332116508435],[13.666240431248482,47.0399044664357],[13.670619853117811,47.04052705924805],[13.672728286100211,47.041922644395996],[13.673698730136149,47.04056357943724],[13.677163362747907,47.04087913247676],[13.683729312368797,47.04052982514287],[13.690529173080002,47.040919298560254],[13.69056973246382,47.03789210271363],[13.69241390113907,47.037576217624114],[13.692368739142651,47.03446138221022],[13.687997617296945,47.03144139584498],[13.684676386572288,47.02982427698881],[13.687263540577975,47.02358637310448],[13.686992905405688,47.02236593353041],[13.688379353965308,47.02014605473416],[13.687833281758401,47.01619876839251],[13.689616044302904,47.0139002528797],[13.688581170453704,47.01259511413396],[13.691192110093706,47.01103459382602],[13.689277441688585,47.00984245685662],[13.690855045470151,47.006829681492256],[13.692349068045838,47.00599382851467],[13.695020572137494,47.005606352499925],[13.696406737061356,47.00399643062416],[13.698978010431713,47.00267214069681],[13.699158486481263,47.00028855547346],[13.7030340504091,46.997811377407615],[13.704158071812861,46.996165501765596],[13.705891272945758,46.99618375748101],[13.71125203290877,46.9948403643664],[13.715270279051886,46.99324624444905],[13.719385921926538,46.99200445819143],[13.725241335092397,46.99159504058796],[13.727621811717366,46.99041319343988],[13.730901765264301,46.98995436915121],[13.734594238681629,46.99075828935982],[13.740418334097363,46.994067401007044],[13.741882558688248,46.99459967361784],[13.745070190706711,46.99424136986806],[13.74998045381726,46.99273383623295],[13.754780926881825,46.98970494660827],[13.755556137559177,46.987542289931696],[13.755274258205302,46.983988074899734],[13.75685767353021,46.98256553894425],[13.760259653651786,46.98249384918619],[13.76413642288036,46.98140393785268],[13.76639271598792,46.98005186330401],[13.768931487558667,46.97779355575246],[13.771559188117836,46.96930448868493],[13.770802396170982,46.96281548184624],[13.772112509610116,46.96122498132391],[13.774751978259085,46.95964540417384],[13.77524199766959,46.95620852777201],[13.77160745835519,46.95335444967572],[13.773517985233935,46.94968821141053],[13.772761835427799,46.94896276095091],[13.775213340550106,46.94713384587533],[13.776109009230114,46.94550523085197],[13.781858253483055,46.944566726240176],[13.782012983861737,46.94351866183012],[13.780654056447723,46.940454290280606],[13.781990668468575,46.93827420142842],[13.789639477001616,46.93696199643507],[13.791734410253698,46.93594361156701],[13.792235077071,46.934395195531145],[13.797612280814528,46.930327089637316],[13.800496251101645,46.930285904608326],[13.807371628844358,46.92622833171118],[13.808980298093472,46.92280721939601],[13.812548725751137,46.91922079716213],[13.813799042477196,46.918477668016266],[13.81624887236511,46.91891418289239],[13.821917986573297,46.91610167403459],[13.824586724891496,46.91523469589763],[13.825991686873223,46.91393396513052],[13.828133822351287,46.9141386023713],[13.831534087429612,46.9152983895175],[13.834512123988288,46.914235279858026],[13.835346855850897,46.91335697937411],[13.837175988707825,46.91467354485271],[13.839854380982427,46.91464693594873],[13.840874967734898,46.912116990618244],[13.845390312308153,46.90998682175693],[13.847061689486512,46.910399461983054],[13.847917891288201,46.91237954614988],[13.851894636176553,46.91566458298518],[13.853304683583303,46.918014249335734],[13.860575992425114,46.91894811568918],[13.86378223761436,46.92084307097045],[13.867032309636189,46.919294818367135],[13.867539658167086,46.918462090520165],[13.876132225887046,46.91892712569899],[13.878065378849204,46.91771562281192],[13.879060825088889,46.91852569455783],[13.881095898865533,46.92287182189734],[13.884395911665447,46.92413966265026],[13.885541057208858,46.925887805427166],[13.88948987723361,46.92670990287915],[13.89256637307596,46.92792659596385],[13.894201376071443,46.92806446503839],[13.894577351627467,46.92978824824324],[13.897452497329557,46.93438430255122],[13.901988409420417,46.933621098963414],[13.908415170877634,46.93370313101761],[13.91080321472171,46.93667132629528],[13.91329388310146,46.938219504171336],[13.915924768253609,46.940501509181054],[13.924780867197185,46.94320267281734],[13.93162025980074,46.94632637097326],[13.932814888821909,46.94614117931078],[13.935324709226006,46.94369066264068],[13.938906659108923,46.94207451827987],[13.941714097110276,46.94202403567571],[13.94391568309175,46.941339953575834],[13.948843373857164,46.94332924003273],[13.947852400211355,46.94486941930086],[13.947138697864277,46.94911525334904],[13.948371524843408,46.952152086379066],[13.947501839550755,46.953934911918815],[13.94787723126065,46.956170432531415],[13.9468639631679,46.95862609766094],[13.948653891369124,46.95876981782819],[13.950962385103187,46.95704349338227],[13.952114947988061,46.95702281366682],[13.956381643794789,46.95989890949521],[13.957755481462716,46.96013772184793],[13.960183632126588,46.962861638826254],[13.962654638328136,46.96407727582783],[13.965353819946968,46.96375750198801],[13.968588166066807,46.96399821909692],[13.969262266955079,46.964698543507794],[13.973054733668407,46.96583131520431],[13.974046925140149,46.96677564563533],[13.976105860821058,46.96666807729992],[13.980578147932102,46.96753831908375],[13.983846243025518,46.966988915479114],[13.989711511239035,46.96682852439829],[13.993422236076885,46.96958723374955],[13.994947393556185,46.96933962844638],[13.997442618672512,46.97067980698925],[14.003274460908786,46.971248122062605],[14.006502578427437,46.97434065999711],[14.005757200989693,46.97638873796924],[14.004210270716337,46.97677752718786],[14.003001453011587,46.97852247888966],[14.004774866267356,46.98115394149622],[14.004811016786157,46.98212120744362],[14.008649984960945,46.98580286952742],[14.01354984246642,46.988350133158185],[14.013625887190985,46.989780922491505],[14.012077977950232,46.992888432089366],[14.013172015117062,46.99491492475813],[14.01273050501141,46.99841010822465],[14.01198925175985,46.99864714472544],[14.011586800917957,47.0028097514101],[14.010019833968835,47.00440871486565],[14.01406998828274,47.00444055746833],[14.01725404007688,47.00563157947029],[14.018986264359153,47.005752233131744],[14.023685949117276,47.00743429898699],[14.028591386435195,47.00741588006497],[14.031698883250803,47.00602719604492],[14.039992430352793,47.00468436518038],[14.041942758130181,47.00500136076476],[14.04617833469332,47.004700308265946],[14.048081075941829,47.00565213907803],[14.052968575667983,47.007205211987426],[14.056514962977953,47.008651540349106],[14.061545295530868,47.009434531946646],[14.065178277227785,47.01111300006776],[14.066658731043525,47.01227159348488],[14.069509467945917,47.01337495083381],[14.07230922460017,47.0200157032739],[14.076338288515274,47.02273881391121],[14.078042044093978,47.02465443998097],[14.082030676202656,47.027217269634626],[14.084683072971588,47.0294018859996],[14.09043990187492,47.03033447426957],[14.092344080522068,47.034083651491756],[14.093933310615288,47.03500406682183],[14.098781930056154,47.03567785733818],[14.09900332111799,47.038818366266156],[14.103487620319177,47.03956450995391],[14.108459160034458,47.04159714131158],[14.11315304697438,47.04161198840171],[14.116011655298985,47.04066515061199],[14.119191883048765,47.0428057447016],[14.120675012103732,47.042913352769666],[14.122943106324259,47.04605824768432],[14.120857953131347,47.04906949724783],[14.120927766075049,47.05085552564916],[14.122050484550003,47.05362729710706],[14.120699412620924,47.05651340648444],[14.122551319771995,47.058824807315425],[14.125585100495197,47.061481937128754],[14.129757610613044,47.06305077344774],[14.132283744535464,47.06221411169874],[14.134411521808103,47.059863095061104],[14.13691232638174,47.0612555573513],[14.137458774472009,47.060376431007484],[14.141902534009954,47.06011166614316],[14.147110391376648,47.058723492442184],[14.150274521367981,47.05584212654196],[14.151874850810911,47.055581267953116],[14.158799840554162,47.05312008248935],[14.160678402571387,47.05430535315984],[14.16454223595315,47.05588155255343],[14.16684121510655,47.058066597751576],[14.168887611686777,47.05851507270679],[14.171538873776692,47.062960238292675],[14.173412079411522,47.06318468293222],[14.175989700508618,47.06543353528285],[14.181124661047674,47.06614778835986],[14.182201098722773,47.06748050345794],[14.185220868549973,47.06875951805107],[14.186795219202704,47.070914413988255],[14.191007676005603,47.07311609280571],[14.194036981295797,47.07336656588436],[14.19962181928544,47.0766044867391],[14.20161192965963,47.076618998898965],[14.202081248729232,47.071881296694336],[14.205328825339063,47.067798806615],[14.211666802387484,47.063458421530164],[14.213674459490164,47.062376942978794],[14.212532125287918,47.06098717064917],[14.213456576449483,47.058076514361204],[14.214758343858962,47.057722687893346],[14.21644757473841,47.055998174512695],[14.216978723975954,47.05425835067352],[14.219429428751328,47.05116983316102],[14.220068872393968,47.048868010329606],[14.219713486697309,47.04292744750973],[14.220630192468073,47.04177731817998],[14.220482593733776,47.03919908629201],[14.221651211821085,47.036180536693195],[14.223322818297197,47.03466004386273],[14.227727530743264,47.03248491211988],[14.232236104985565,47.02653071848637],[14.233089424866602,47.02874773554644],[14.234893334266026,47.02906133305401],[14.236952727270012,47.029113265998646],[14.240656762538961,47.032246767774936],[14.24532215797702,47.03497317854172],[14.247435367803876,47.03543067977286],[14.250172728312451,47.03372213623443],[14.254338551726242,47.02994329250729],[14.258782030461521,47.027640111224564],[14.262039878638683,47.02662414188736],[14.262493730494407,47.027931592217236],[14.265180687065104,47.029467029844426],[14.267837148658506,47.03009831246004],[14.270908501994851,47.02903035215695],[14.272202034051345,47.02722240700666],[14.274337912420345,47.02770792515835],[14.276605605463041,47.02729939203857],[14.28025828695902,47.029715590225926],[14.284248277753777,47.02860703051441],[14.285335478811847,47.02673011122606],[14.286829912031594,47.02644546169706],[14.28822389803058,47.02743294120769],[14.292785000955611,47.02774058581941],[14.294529896731476,47.02834519857117],[14.295915154318617,47.02756256741559],[14.300229403810489,47.02956696099666],[14.30292069428537,47.028297728507006],[14.30703871261476,47.029824461031886],[14.309153845266213,47.02919315193871],[14.310670748205524,47.02949586769602],[14.315691410188252,47.02866167841386],[14.325717579134102,47.03049579929844],[14.327397088037056,47.02984590762905],[14.331113694185007,47.026627749774505],[14.334812528421352,47.024933345914654],[14.338175342548976,47.02449241095297],[14.340639994896652,47.02627874773729],[14.343123697421046,47.02671193055369],[14.349116443530995,47.02622557401162],[14.352296680843411,47.025714764830816],[14.354113799332396,47.02601159872104],[14.355464418532318,47.0252686783147],[14.36064047709303,47.026005936281514],[14.362945421611302,47.025362723406026],[14.364991165115777,47.02373521275978],[14.367597660287396,47.02281317776256],[14.367876507834406,47.020672212517375],[14.369095160339826,47.019548338694406],[14.372091497927213,47.01825558891355],[14.375107242118917,47.017852362779294],[14.378782230432842,47.0162037904915],[14.379844311114981,47.013493704161725],[14.37573885270453,47.00944015835867],[14.37466000959345,47.00798607417166],[14.376784844752537,47.006887813721626],[14.375571057787552,47.00537333793724],[14.376824448055597,47.00374693468214],[14.373955478854045,46.998600057858035],[14.373995759717268,46.994464738301794],[14.37463808540877,46.99285331597737],[14.377534870423487,46.99240026080084],[14.378839907299954,46.99078388473407],[14.379045755915817,46.98778481910794],[14.380076664258118,46.984088942035875],[14.382245217297099,46.98350758664878],[14.38310411039435,46.980704132635076],[14.385010353061066,46.98105506717389],[14.38628396276642,46.98219202254893],[14.3884932050816,46.98270053329697],[14.38958314068628,46.98086844093202],[14.392524359676074,46.981027839744186],[14.395816364224626,46.98337576879343],[14.399284490614319,46.98838654108442],[14.40132774753472,46.98893343878232],[14.404226828490605,46.99062567663152],[14.409396603112812,46.99102770737094],[14.412381887540858,46.99282105814594],[14.41591452908149,46.99372499378756],[14.418659884605574,46.99374683118723],[14.421276362982288,46.99533650826544],[14.421659004751623,46.99678360820615],[14.42403119930357,46.99752689943976],[14.425553859682974,46.99689818928166],[14.428163797326281,46.997788845424495],[14.425974200419558,47.000332363845324],[14.42739604891257,47.00118650442543],[14.427516304462216,47.00068339843636],[14.432011721708443,46.99927425048026],[14.43167742826746,46.9977563450135],[14.43634567379345,46.99746703855462],[14.437326011713573,46.998305727449704],[14.44001823324667,46.99781023157831],[14.440228709983105,46.996858275315915],[14.44319857546533,46.9972425898655],[14.44484510668745,46.998679773928735],[14.44600859282176,46.995185600492384],[14.453883623846167,46.996645302556864],[14.45553706777873,46.99830966419606],[14.457073526151573,47.00254781084565],[14.456626253854273,47.00587502164259],[14.457368362166264,47.00731953414115],[14.456864781513538,47.008868611915474],[14.454485695975062,47.01051333966583],[14.45422832954925,47.01231373759496],[14.45616345044934,47.01458263849],[14.456999734498197,47.01223874406104],[14.459892380105751,47.010845873911556],[14.462355210618528,47.01103792311937],[14.46576336303967,47.01197189154368],[14.468291387815285,47.011590931609156],[14.467734104914781,47.009835893408614],[14.4690500355669,47.00841794284422],[14.470502937652775,47.009333873374764],[14.47183660300996,47.01254755590243],[14.472622588745619,47.01687311794018],[14.473510955273039,47.01883907134938],[14.475145720328584,47.02010605161978],[14.478616198547975,47.02151271114041],[14.481460975516853,47.02192537907093],[14.48319554624582,47.0232790654355],[14.486280451016066,47.023490219588034],[14.489349880176634,47.02565544513176],[14.491996046774512,47.025588168059194],[14.494166522353366,47.02693175413248],[14.49577580293338,47.02651322983677],[14.498361987026833,47.02705140842538],[14.502144268348003,47.02718424919459],[14.502370832170994,47.02483205765562],[14.50033850057107,47.02321733333953],[14.50109357741021,47.02165502787283],[14.50054747074724,47.01948679871216],[14.504920840140462,47.01736538023457],[14.506998373893541,47.01580692979148],[14.508881723043839,47.015848012101785],[14.513567617933212,47.014129945720725],[14.512795642572437,47.01176326387433],[14.513187446748955,47.01065566645624],[14.51636079714031,47.010133022873895],[14.518212548622195,47.01035857401842],[14.522056513024669,47.009811673113944],[14.524371909843047,47.009902685816435],[14.527053817414917,47.01150313732141],[14.529730734096098,47.0125125343157],[14.535477967987832,47.01252337900328],[14.539122108823767,47.01334593562387],[14.541409246332552,47.01313472049833],[14.542513023220142,47.013922793844785],[14.54577495874827,47.01350889079328],[14.547814950424698,47.01228294964533],[14.551602403470326,47.012530974768005],[14.555375335586888,47.01407928284401],[14.558289785030524,47.013046663285046],[14.56255763946117,47.01325746498125],[14.570409612798166,47.01269282606594],[14.572606247596244,47.013362423622084],[14.575954063121488,47.01325015843217],[14.583124270383646,47.0124232984338],[14.58732741453828,47.00441620229421],[14.589967696937787,47.00234019383327],[14.592847000397327,47.002282371684814],[14.598580575379547,47.00135912752798],[14.599636156172021,47.001561715077706],[14.607028836315571,46.99931250887186],[14.612463774440057,46.998655758835234],[14.614236050510282,47.00273627158041],[14.615699055261489,47.00462044099206],[14.619022140038199,47.00728976914164],[14.62033884641038,47.01005771350899],[14.624948149152406,47.01428298253796],[14.629802457898258,47.01424566568261],[14.636026219531102,47.01549730431715],[14.640697457157342,47.01469958163146],[14.645693644456006,47.015178749667335],[14.647266554115616,47.014829215787906],[14.653688513127857,47.017417384526134],[14.662050561943595,47.01902024165732],[14.667142890292553,47.019011485952305],[14.674128907104254,47.018377669438635],[14.677227902391333,47.01832124305379],[14.680127348804081,47.01895787323225],[14.687372217592028,47.01954360677861],[14.693458907318933,47.01824491994937],[14.695861526766844,47.01698773271139],[14.700088689967806,47.01905111846673],[14.701208673412028,47.02062131246659],[14.704171915319352,47.019741190896994],[14.705500708454924,47.02064783256945],[14.708988719614725,47.02092322078875],[14.71043481246022,47.019548345610616],[14.713200778079347,47.01886764064104],[14.715394982213356,47.02041420426594],[14.719799107692014,47.02132686397413],[14.723102044820864,47.01924151012795],[14.724908570241979,47.017375535542875],[14.725711497568026,47.01993065818387],[14.724081972981718,47.021964923041686],[14.724983387068905,47.023455944863215],[14.729417463322438,47.02746451081204],[14.734178932103358,47.02899461929242],[14.73861611162479,47.03104204179421],[14.74011838754254,47.031115690361226],[14.745867477695683,47.032999533037554],[14.752037055338532,47.033786315484164],[14.753539187123467,47.03479085676008],[14.757083976178276,47.035758999477345],[14.764361641024447,47.03920375447934],[14.769610553128777,47.040124568206316],[14.771524903004831,47.04001782848264],[14.776883614803324,47.03861166855497],[14.77997319860071,47.038090456303564],[14.785729399685222,47.039580296659274],[14.7874384201871,47.039110988515354],[14.79094132331161,47.037176504343186],[14.793157561713372,47.037497945018046],[14.795194075832706,47.03916535347871],[14.802517930580377,47.039703271983356],[14.804868436560186,47.03965683447575],[14.809513510257956,47.04166230383264],[14.811132526128153,47.041497267310454],[14.813726080875048,47.04249258919216],[14.815258375244614,47.04450279536792],[14.819120125570214,47.04520561788907],[14.820779774084638,47.04646920442981],[14.821877019699432,47.04846000138914],[14.827742214325907,47.05027668563559],[14.82986128530787,47.05002849271761],[14.832408982496062,47.04894791597706],[14.839631224887166,47.049349633865646],[14.841676489061658,47.048805304818195],[14.84073119858725,47.048330256093536],[14.837312371329212,47.04298955000276],[14.837841540344384,47.041844110650615],[14.837591061351297,47.03907630803648],[14.84211910632234,47.036262424077776],[14.84417882509954,47.03364454740318],[14.848569534628993,47.03052020878821],[14.853271623980193,47.026741672194994],[14.856412091194855,47.026028242011364],[14.86344841604795,47.02512038738758],[14.866647849794205,47.02396363902783],[14.87043924234395,47.02323031793995],[14.873662860362577,47.02034341480643],[14.879107436941043,47.016866524306174],[14.882741006492154,47.01187740670246],[14.885154504301093,47.009674558903555],[14.88804918452767,47.00904476954366],[14.890949557317263,47.00722021947299],[14.896509521113327,47.00427869431537],[14.901192939612505,47.00100476031003],[14.910539802462138,46.99958105970259],[14.91658778854203,46.99767786561858],[14.919297219156705,46.99748579323432],[14.923909764168737,46.995988152642504],[14.93582826197534,46.99366519592054],[14.941168428242047,46.99318451799191],[14.946529029735691,46.99370064857636],[14.949491188320737,46.99242554976015],[14.950478377599383,46.99114783551827],[14.953004104157502,46.98992673717186],[14.955948177942615,46.98918684872774],[14.958171339942234,46.98710147921715],[14.959237076215263,46.98504803930041],[14.964149997281826,46.982472194636294],[14.964696848249256,46.98014275032159],[14.964212540723636,46.97904147719081],[14.967252385366539,46.97558926011673],[14.96836619759234,46.975147797289445],[14.96993341479217,46.969223855659784],[14.973274090661588,46.967750951940516],[14.97627436272628,46.96427024751562],[14.976599869615336,46.95957842755672],[14.977634338340588,46.957587437644555],[14.982890558790377,46.95391290469758],[14.985087525808073,46.9508449288386],[14.98621219461009,46.94753874268676],[14.986422461426352,46.945390385319975],[14.988131763564144,46.943805694779606],[14.990588469663683,46.94255187209336],[14.989906498837119,46.939054952764465],[14.992062216466914,46.936382163159216],[14.99595590494189,46.93310615775268],[14.996241140193153,46.9316011568074],[14.999066112505565,46.93213838309721],[15.001579767628341,46.9304968390628],[15.003673967286762,46.93073168398768],[15.006020962441713,46.9287891971688],[15.006930108925365,46.927090190489444],[15.0105253064992,46.924959345414486],[15.012050954719038,46.92497906479746],[15.014326927868044,46.92338403618975],[15.01761894772554,46.91958913767729],[15.017251530733285,46.91700216860785],[15.018003746917573,46.91611403922629],[15.021738315245932,46.91392972002428],[15.024207631891255,46.910440804398895],[15.024980056767498,46.908385121833625],[15.022879275673692,46.90484033386831],[15.020996348276334,46.90344928035228],[15.021098847448007,46.90015890922235],[15.019140379389269,46.899307148731914],[15.01971813773897,46.89769962503009],[15.018818624478177,46.895655445595764],[15.016585296820498,46.892677181520234],[15.016043070621519,46.889905881203504],[15.014607920231208,46.887839387238536],[15.014640425839806,46.88548452758471],[15.012112493120615,46.881946353479314],[15.008476133490461,46.880763148717435],[15.005425055975238,46.880570359407294],[15.005125916904259,46.87708290790887],[15.00556008846362,46.87485496639534],[15.007844359869715,46.87255900548687],[15.006389183160636,46.86471568635013],[15.00562568624404,46.86214669589474],[15.005951063925052,46.858652003898584],[15.007212117064983,46.85522556061765],[15.016832434338669,46.844960815216176],[15.013569789095763,46.841147340519],[15.01172095896831,46.83597426842267],[15.010587862902035,46.833907409973726],[15.009295048562624,46.833306109029664],[15.00313394997897,46.83249763886374],[14.992648415446066,46.82818262231979],[14.989661640214571,46.82390411381412],[14.987584916617868,46.823127387390386],[14.986899372626509,46.81662728980565],[14.984723035797103,46.811518826534865],[14.984918982124872,46.810146643020005],[14.981726285566426,46.80897850369887],[14.97907036621321,46.806642573354104],[14.97703630484979,46.80167320763522],[14.975977820120798,46.797076098178046],[14.97670006152296,46.792206525543165],[14.975945100897093,46.789664251996236],[14.974566835044723,46.78832439517667],[14.973464266422333,46.785491239529],[14.976108936305245,46.7841638083791],[14.981093634278167,46.78239841576524],[14.985353844256988,46.782412030136896],[14.993871884429375,46.78153279916539],[14.99479817122681,46.779505838233625],[15.016509810171055,46.77386171661333],[15.021062568052644,46.77368521211504],[15.023921707667302,46.77304219840865],[15.024090723443765,46.772063450858646],[15.026667558830807,46.77101068182232],[15.02799354274714,46.76958745497648],[15.02801097252234,46.76576807985672],[15.026567754877254,46.76339816214948],[15.025495443808941,46.76325141246299],[15.024440232693525,46.760047939775696],[15.025431044147908,46.75682032456304],[15.028181818952818,46.75466259700421],[15.030812862046057,46.75007230112643],[15.02943678865783,46.74867727793442],[15.028749900382708,46.746421499326736],[15.030743084079916,46.74285334993648],[15.035620986831123,46.737350670607775],[15.038491645007134,46.73672445408834],[15.040431944379849,46.734539038052034],[15.040473451527498,46.73296702299582],[15.036399777913168,46.73283672291089],[15.033067000270446,46.72896430810732],[15.03474364579633,46.72658990893666],[15.036618391500053,46.725376184818046],[15.038753215970061,46.724912155063244],[15.040710044580157,46.72173045787932],[15.039478767649438,46.72158463624366],[15.041245142830672,46.717293144486746],[15.041555125969827,46.71537750231759],[15.038522604900079,46.71257657043184],[15.035768147735947,46.71174576972445],[15.033790776024066,46.71015243194796],[15.031738278662282,46.70654187541808],[15.032266440621632,46.700024487392206],[15.031231439993983,46.6976694878022],[15.031605304277402,46.69514263602534],[15.029736862085285,46.691963442544186],[15.029863250042851,46.6877660699817],[15.0275599074889,46.68130546241287],[15.027655850457352,46.678709090731324],[15.024764619670169,46.677937434927124],[15.020062243760343,46.67470478509143],[15.019625740465425,46.673181695863434],[15.021723960006229,46.67044019676584],[15.026200970064004,46.669458640717394],[15.028654818897811,46.66791270109462],[15.031828075929337,46.666589064894275],[15.0409983419507,46.66795380309595],[15.04116521920731,46.66923268195102],[15.043821990272765,46.67025514546104],[15.04710672085381,46.67086634623896],[15.047912068762704,46.66998885999749],[15.046486905846074,46.66786843976786],[15.047263574627713,46.66650926828524],[15.051075854610085,46.66243939944615],[15.054993030425885,46.660728112829084],[15.059560316287266,46.66031425074696],[15.061180311340403,46.658833800456776],[15.061685652154576,46.65474476800668],[15.062313842013335,46.65277657493685],[15.056300970035311,46.652860301961915],[15.051585879972496,46.65226290322364],[15.045686381873338,46.65255889557868],[15.042906621159434,46.65232773425965],[15.041216080782828,46.652815847959616],[15.038244464858485,46.6524739882512],[15.037053984930598,46.65124045417676],[15.034168675840256,46.65011554723766],[15.031224802164807,46.64963673956119],[15.028409985226297,46.64754584406901],[15.026475725080697,46.645490265118006],[15.013368241990358,46.641529001273476],[15.0124037674779,46.639643147798374],[15.011131005814761,46.639194821984056],[15.007330430461014,46.63452398765622],[15.005069324348733,46.63412167393722],[15.003603988709813,46.6327883837714],[15.003612336899995,46.631532432115705],[15.001541459716577,46.62954570336607],[14.999144230724003,46.628283382102914],[14.996156595571195,46.625455485250825],[14.992545565226857,46.62264065137971],[14.991920503921348,46.618340867554195],[14.993370196783205,46.61677508374291],[14.992150658496369,46.614544544979125],[14.990162317010832,46.613568880288895],[14.986790824445377,46.61076934957781],[14.983923148017512,46.60917406637642],[14.984164459300555,46.60703085278745],[14.981788108766265,46.604339268793666],[14.976576037392586,46.60210463029701],[14.974067802595554,46.60503367239798],[14.972173566634403,46.60873445054617],[14.971620446490688,46.61111705594615],[14.971204982635342,46.617257093277836],[14.96872771464356,46.623852384398624],[14.966386539994293,46.626716809351684],[14.964304742334495,46.62850269031448],[14.952874555691627,46.63343538070825],[14.951397532954038,46.63165836717435],[14.945017550584879,46.62645832368982],[14.938717339662778,46.62211671560498],[14.937131476028407,46.620286000661395],[14.935106431532798,46.621011091490004],[14.933595518892895,46.620476105088706],[14.930767323697316,46.61703337933891],[14.927816443620774,46.61648316703303],[14.925485856034356,46.61989265842996],[14.923263912467045,46.62073460980632],[14.920162639714828,46.620895841476276],[14.918373003982063,46.619147476770195],[14.917814803779768,46.61686790838507],[14.918808432785115,46.613216498575824],[14.919833229152294,46.61170509345673],[14.918941912006414,46.60747695973233],[14.920195018584995,46.60558804699815],[14.920242590075713,46.60395521961447],[14.916093188033646,46.60260874575639],[14.913822016658475,46.60578406726999],[14.911369506681112,46.60683943091488],[14.9107500646042,46.60521000930005],[14.908604064928294,46.604736863261174],[14.906748285494313,46.605695677730395],[14.903243116519981,46.60595262855622],[14.90069840117278,46.608513128193714],[14.899292893233495,46.6086733278673],[14.897399113675322,46.61023232897261],[14.898229108963692,46.61145508916895],[14.896610614953582,46.612423396119404],[14.894142425667507,46.61092057906058],[14.891392299406249,46.61144982135212],[14.887143514052987,46.61318318682281],[14.883818395587012,46.61344919294067],[14.881591747872761,46.61246160129254],[14.87686361624382,46.61195597427698],[14.87713450702841,46.60992891789737],[14.874904649387362,46.60885664742748],[14.871337235842743,46.609108503117085],[14.870181679955396,46.60823071257778],[14.867660544605908,46.60796817204065],[14.864257480917006,46.605107638056865],[14.863641264201167,46.60292330034079],[14.864778336408287,46.600118395520425],[14.863766241981486,46.59741585412145],[14.8620588497458,46.59548301081607],[14.861849247922079,46.59409967665589],[14.85868507671751,46.59460656556267],[14.855175751344412,46.59378431826189],[14.854294485322502,46.59233894786198],[14.853046647521056,46.587501612159215],[14.851905015203474,46.58556864250751],[14.849345558980986,46.58324726092937],[14.849238346617314,46.581345608871544],[14.845367559835815,46.58053576409938],[14.841009257856545,46.57781446506849],[14.841060292473454,46.57653974574401],[14.837452419672546,46.573475744447755],[14.837056146487267,46.57199002769417],[14.835199370831056,46.56978972123329],[14.835061474637756,46.56706323748529],[14.83270130441784,46.56576710712637],[14.831709226795693,46.563927534560605],[14.834416606914946,46.56188895192564],[14.835297930466327,46.55936189335644],[14.833838194256574,46.5564791698771],[14.831451183714213,46.55401869048748],[14.831785093055187,46.55296753915845],[14.829170645716317,46.551883153633504],[14.829519877887117,46.54938481102899],[14.828519041163693,46.54864702757548],[14.826299908486327,46.5493071478478],[14.823259563956736,46.548764993121964],[14.822729770417032,46.54645757178756],[14.820246561411338,46.546620437437774],[14.820219584973048,46.54394639377387],[14.82323237598106,46.54356944602925],[14.825788034186923,46.54253370283987],[14.827559941662967,46.540549794660606],[14.82705912620253,46.539262526791454],[14.823301886352684,46.536884144739936],[14.820667872384874,46.53705730091666],[14.819946564830833,46.53525123161495],[14.819896913329458,46.5329719281264],[14.822361595887957,46.530728410577815],[14.81973492983239,46.527967428698986],[14.818970787266348,46.52504763748829],[14.814983152633726,46.522968205828604],[14.81493001332635,46.521304769122146],[14.816289217388109,46.520223965535074],[14.815311069720831,46.51803087379059],[14.816341632282121,46.51411109374847],[14.816435842599102,46.51176276619067],[14.815810830087,46.51009850020857],[14.811815372591287,46.50887238376194],[14.808392304248395,46.508462140289744],[14.803729561507522,46.50841483239698],[14.796013577359005,46.50484763215271],[14.791737211700262,46.50424441869782],[14.786165267638575,46.50145803548272],[14.78157963618953,46.5001978095318],[14.780263661853455,46.50175251645414],[14.778131610196178,46.50214492684446],[14.776987697261324,46.50111589662269],[14.774596813528847,46.5037676395769],[14.774023309410063,46.505303126048155],[14.770177102840384,46.504591805945104],[14.766094418793083,46.505291798877224],[14.758595054230645,46.5047181844111],[14.756288397793044,46.50515144573579],[14.752668450286428,46.50258879933637],[14.750226522872326,46.50144682810748],[14.745538536361403,46.498309682043676],[14.744308451152843,46.49999147335274],[14.742331486921827,46.5039477586431],[14.740936763376126,46.504197035773075],[14.738489343525268,46.5059075759727],[14.734884616263402,46.50382139575065],[14.734026557338819,46.50248420934745],[14.733480658143609,46.499804257009856],[14.731262042370334,46.49693461968192],[14.728208113420084,46.4946139864366],[14.72696617352047,46.49238629158939],[14.725084495608373,46.49186200489102],[14.724832507482448,46.49355999421201],[14.722794929071432,46.49461359159279],[14.719065423753067,46.49893205651042],[14.711967345197497,46.50065880758124],[14.710479281292775,46.49563014232122],[14.7086566454459,46.493747364274604],[14.708978128344114,46.4920363288043],[14.708489570133676,46.48796199538466],[14.707003451957156,46.48476879276743],[14.70605095620112,46.48140195008757],[14.701687133806434,46.48086949106558],[14.699317935194312,46.48112534220336],[14.698581468227465,46.47885521849156],[14.6950879217117,46.47534949246932],[14.69678815322067,46.472925094724204],[14.698699450523675,46.471758585239485],[14.698406003463283,46.46952096878561],[14.699576826313482,46.46802021397965],[14.696326755027028,46.4643026251442],[14.694779205956452,46.46519418357365],[14.690178428575,46.4645196441114],[14.686542159156785,46.4651231203604],[14.683765105371842,46.46615206458291],[14.680404326975927,46.46860642872093],[14.677668517058263,46.4661047379272],[14.675484676587566,46.46321025377254],[14.672889625135696,46.462294981325684],[14.673498771985805,46.46117744114355],[14.676424644246099,46.4586984260093],[14.673342360656514,46.454948862150644],[14.671990069974159,46.45138874871521],[14.66821580212237,46.451776051347764],[14.665697140758637,46.45074803953238],[14.663812383827992,46.45066688392875],[14.661876751774777,46.44938720590997],[14.660592897448362,46.447142325649125],[14.656851818861288,46.44520707603132],[14.652513090635757,46.44492397306568],[14.649576230616946,46.4456994648961],[14.641543757688593,46.44407576616188],[14.638050642339294,46.443719986863435],[14.634282204694411,46.44184712833747],[14.628656030003196,46.440190493345625],[14.621865289285674,46.43998952930458],[14.619379233601675,46.439403041274836],[14.61501961961515,46.439649752106135],[14.612595565337505,46.44064555046819],[14.606509010324237,46.440151549605964],[14.603013827197636,46.43905906785016],[14.601898145622021,46.437652398157226],[14.593169299574054,46.43753105403208],[14.593476449056237,46.43472884387139],[14.58903858140049,46.43201765950132],[14.583525722020047,46.43029201838021],[14.583870674347997,46.42866878339825],[14.58161141339638,46.424775278644496],[14.581501747731767,46.421932121228586],[14.580796029437195,46.419273670043836],[14.579736061409251,46.418845676215625],[14.580463149822686,46.416570582694945],[14.585191167320522,46.415508242201426],[14.585615389005206,46.41207332766486],[14.5865788352537,46.410983014705614],[14.58565008357992,46.40881220171301],[14.585512945257204,46.40636088911931],[14.58376058285948,46.40491373515009],[14.584311884117087,46.398981024023335],[14.58479692985601,46.397111198476956],[14.582843388994245,46.39357041685243],[14.583332826632835,46.39296287223955],[14.58113564011882,46.39024283993913],[14.580886128580978,46.3890627501324],[14.577406439884195,46.38664143225804],[14.575812215553968,46.38384137125335],[14.578765424016053,46.38288565620829],[14.577527293149007,46.380177863998],[14.576155102079927,46.37956163965182],[14.575342513149932,46.377745549116845],[14.573479292544258,46.3768789880184],[14.570083852745832,46.37618334879559],[14.566226284555155,46.376500971673],[14.562575978873587,46.375377237152],[14.562373553611417,46.37316509797451],[14.560662170511735,46.37302230607365],[14.558812355730376,46.374032090112465],[14.558149096283081,46.3753459160071],[14.55551149684064,46.37589037854652],[14.553134346235112,46.37930355263501],[14.554025043342275,46.38231251029745],[14.553274125094417,46.38367522226961],[14.554011172302342,46.38586995673427],[14.551803600800367,46.38850387549047],[14.550886681893761,46.392280967999085],[14.547472080331042,46.397259853221875],[14.544659318284172,46.398798481519215],[14.544015814173699,46.40035406931716],[14.539336807806254,46.40433435384618],[14.538177234484179,46.407534170581165],[14.537070079808835,46.41230158735734],[14.533346185521594,46.41495884581648],[14.529255036597071,46.415320406968554],[14.52913649495836,46.416056128640804],[14.526331414864913,46.418687704652505],[14.524294734170049,46.41978428435664],[14.522423065847855,46.42204348764446],[14.519315126990717,46.424530694275944],[14.518958637846614,46.427970092049456],[14.513756842545352,46.42689160596762],[14.508506486963544,46.42689068990584],[14.505825312348026,46.426220696480904],[14.500383318128305,46.42363730738126],[14.499813518719698,46.42100775212382],[14.497318959513464,46.42080066313147],[14.494738828966712,46.41957172812038],[14.492585027040924,46.41765985144951],[14.491359362928003,46.415371141543574],[14.489409188414971,46.4136341975865],[14.482910465764418,46.41544139232635],[14.481640699892843,46.41614375393589],[14.478776149541314,46.41455698000837],[14.475517795721974,46.41459610759262],[14.475448480248277,46.418397569037126],[14.473625527245868,46.420519926350146],[14.470935649167096,46.42032413410581],[14.468962187227058,46.42135211005707],[14.466079818113545,46.4216919337805],[14.464407161309776,46.42258280782171],[14.462267306174807,46.422786465389436],[14.458219814418827,46.42209388636048],[14.454124752648976,46.4218913303135],[14.451449130667564,46.42217976284985],[14.448693234997368,46.42317809193861],[14.443957445302393,46.42230367767151],[14.440688103638792,46.423347557768395],[14.439026465237893,46.424530748103784],[14.438649072662443,46.42625549275918],[14.439446694877974,46.42834975298233],[14.434925195695511,46.43152301417255],[14.432327724386486,46.43190623233229],[14.43115869423954,46.43376727991255],[14.42852561170642,46.43491885830116],[14.427374487649985,46.437911146754914],[14.429322024951874,46.44007886087147],[14.431380896826157,46.44080877264892],[14.435898737328158,46.441485028213954],[14.435534422709656,46.4436546070093],[14.431692925911257,46.44365425302772]]]]}},{"type":"Feature","properties":{"name":"Burgenland","iso":"1"},"geometry":{"type":"MultiPolygon","coordinates":[[[[16.06292885586225,46.85059656895981],[16.063179375590178,46.84675455700659],[16.05877902865559,46.84342915558411],[16.057103774125455,46.840633074436234],[16.055604363869193,46.83935727614556],[16.051912279172633,46.84121454627143],[16.048067049013994,46.83833737951622],[16.045469843648423,46.83970503764153],[16.04224949565438,46.83984599882942],[16.040880165791002,46.841507637523875],[16.038486004424836,46.84070408653168],[16.037536048388898,46.839111065039944],[16.037146629155014,46.83681976892392],[16.03562259821992,46.83666890356749],[16.029600462768283,46.833400234144605],[16.029452218079374,46.83556561898866],[16.031074138194494,46.8361636736788],[16.028904474481113,46.83895559393838],[16.02666858073496,46.84100492834927],[16.024590787286712,46.841815576404834],[16.023572796166835,46.84067062349908],[16.021475653466137,46.84069776596602],[16.020501351502812,46.83933504322754],[16.017860041548083,46.83895864250939],[16.015539627063728,46.83703260446387],[16.011174709112606,46.83677926848217],[16.008267482598967,46.835196758681526],[16.00489614160898,46.83137102538738],[15.99870807903921,46.832227386535585],[15.993444557407093,46.8361010228545],[15.997136661860566,46.83702090114512],[15.997087945107252,46.8387760297305],[15.99883652016987,46.83906599371865],[15.999065919518529,46.84095565263404],[16.000692532925445,46.84247189437578],[16.001691656025955,46.84449664063578],[16.003237993394375,46.845980981021675],[15.999889799681938,46.84759547874293],[15.998468187240572,46.84891073106688],[16.001579896390307,46.8531917778396],[16.00187382821351,46.85468188681788],[16.005569110109334,46.85864522675333],[16.00676620282778,46.865423423668084],[16.006821765523938,46.86879783689619],[16.005669831015272,46.871518854565],[16.006791450078417,46.877789353244786],[16.011062991747963,46.88527143586467],[16.013098021305506,46.885157316199376],[16.0167665657202,46.88630093013135],[16.02063565181343,46.88863061392031],[16.021151059204804,46.88943362492487],[16.025590570140164,46.8920103471219],[16.029400398023725,46.89368806494525],[16.032607364588106,46.893565782674635],[16.033574833528764,46.895638052147504],[16.03336032151962,46.898555894224316],[16.03402060446283,46.89964044385583],[16.033390577692963,46.90294605554131],[16.03511117055057,46.90530431834272],[16.040257769327887,46.90705416893897],[16.042761438131006,46.90890708057051],[16.044572208813122,46.91106084444685],[16.04663395611898,46.90967676041222],[16.048836988330567,46.90945968072197],[16.051258370533102,46.911077148922466],[16.05611836198714,46.91220816731681],[16.05875179143986,46.91402368474841],[16.059480841158326,46.91598004461318],[16.058532895999218,46.91965784122402],[16.06014956009542,46.925506882097125],[16.065734456076118,46.93205074140424],[16.06547342935114,46.93431048717181],[16.07026778982478,46.93642507964036],[16.074281618999215,46.93473928314729],[16.079543469083145,46.9355665840083],[16.082345850660158,46.93530977740709],[16.088217273341588,46.93579426238262],[16.0920023328516,46.93504614362515],[16.092463670505914,46.93699182495031],[16.091094576170587,46.940002585214096],[16.09297894068545,46.94148895150404],[16.09353232937188,46.94298500694568],[16.09213313006296,46.94648422889992],[16.09305028618767,46.950961315421985],[16.091990209466978,46.95229828395768],[16.092612098137973,46.95473777555299],[16.093579465409924,46.95669806552992],[16.096430509773825,46.95748884015593],[16.097865587858514,46.9616777761871],[16.101266726972693,46.961931294546226],[16.101955129032476,46.964566842219135],[16.104969698078822,46.966031480721185],[16.10651549197048,46.966753241300474],[16.10683313517477,46.969806500396544],[16.105271902043736,46.97100764428095],[16.104508640017738,46.97287516595012],[16.107106857001714,46.97368609799944],[16.10793003034782,46.97678569915207],[16.108805098988633,46.97695985421084],[16.109971571279857,46.9801032670998],[16.111950036981465,46.979688121282386],[16.11583651255385,46.98078792829864],[16.11575261910184,46.98204013233327],[16.118758041102712,46.987540971685235],[16.11819869408607,46.98994326076029],[16.118929945306668,46.991367599923606],[16.12113825050144,46.99162715322533],[16.125743669464846,46.99287321140373],[16.12610677916224,46.9937756234743],[16.132142926086868,46.99554615319278],[16.135768259964777,46.99463088406188],[16.136979558951143,46.99363055448603],[16.139516240340633,46.99403686623317],[16.14079186511543,46.99267655694355],[16.143033426281832,46.9932056968163],[16.146794623371925,46.992228269480314],[16.151740961122126,46.99151535103217],[16.152684308397113,46.99372763719765],[16.14924809811304,46.994495694078545],[16.14580589801764,46.994520897509446],[16.146744643974525,46.99713958926793],[16.14636578816684,47.00078881624036],[16.14477307730816,47.001234341500535],[16.142810831509557,47.00050122374456],[16.14185790067814,46.998926110884526],[16.14012403009784,47.000627745522365],[16.13921226024809,47.003625730467164],[16.13656723074449,47.00382361097038],[16.13552504367583,47.00618804143686],[16.133661637776797,47.00673408397135],[16.135096440471393,47.00839830280513],[16.134810293958093,47.010270380757945],[16.133724368441417,47.0116617638569],[16.12980081116805,47.01170084721575],[16.12793859490346,47.01282713383637],[16.128732515579923,47.015941482069316],[16.126970160677132,47.01752789589319],[16.125536612148924,47.017377231465666],[16.12467170305538,47.0182668944639],[16.124021143581423,47.01846844905469],[16.121972690533926,47.01959749491396],[16.122067181925534,47.01987761721873],[16.123164660419175,47.02031380480006],[16.12206801281477,47.02063056762453],[16.12179448696204,47.021805140949375],[16.120729152393984,47.023454192626204],[16.118548495327488,47.023440709230464],[16.117666524726463,47.025505698745775],[16.120747807206367,47.024464297737886],[16.12146710038825,47.02778463265393],[16.119006545634207,47.02699975502434],[16.11752949829187,47.02957480302651],[16.11555741493892,47.02890500493277],[16.112412601179734,47.02958964941238],[16.112254968332994,47.03116444641054],[16.11550603930968,47.030990499207114],[16.117138707367047,47.02996469315382],[16.118573164456958,47.03154512735135],[16.116758841206874,47.03310274438176],[16.1129931455151,47.03375219235605],[16.111590793176664,47.03598192764827],[16.115780945904838,47.037279419105914],[16.11493526450265,47.03930693492271],[16.117706756870405,47.04256288560348],[16.11828903463888,47.04542723557852],[16.116420747274788,47.04593967297617],[16.115772467424513,47.04773465586918],[16.11035564456483,47.049643673509884],[16.108454518356133,47.04950447114574],[16.106895801132165,47.052073512744734],[16.10406053352817,47.058410660707324],[16.10188846049652,47.06145780378453],[16.09543503974335,47.05893152976971],[16.09407076799063,47.05968874031338],[16.0955744934835,47.061767746088016],[16.09241309413695,47.063041912547604],[16.092333093982106,47.06535018105509],[16.090667173457785,47.066706644671186],[16.088653974479268,47.07125844966168],[16.084875254688026,47.073495951358666],[16.083817318454543,47.075128665718914],[16.085016511834702,47.07653208854279],[16.08632381809323,47.0811453056669],[16.08744917146963,47.08228786521858],[16.086460088538978,47.08476399499578],[16.084049326668243,47.08651480837289],[16.08379119127893,47.088540159123625],[16.08930654825953,47.09145562388352],[16.090332198506115,47.09478823340551],[16.089368439087405,47.0988672821957],[16.089824526436395,47.1006027147023],[16.088591451839296,47.10129830801572],[16.089541599181583,47.10492851822745],[16.09082532954947,47.10816213834],[16.09309985295831,47.110176236503385],[16.09200488331858,47.112900947470955],[16.092193025807024,47.11370327281081],[16.098961964508256,47.11321586518388],[16.101638423729163,47.11671118836606],[16.10426789676685,47.11892991637376],[16.10557180334558,47.12365037260661],[16.10630773307712,47.12758632168051],[16.107866595818663,47.12994667250114],[16.111340891390018,47.13218409187708],[16.11223706808718,47.13389169512108],[16.11119239925213,47.13570664689702],[16.11087366062658,47.13827241168964],[16.112294709199034,47.138762446307815],[16.111895860433428,47.14143046931409],[16.109670627299167,47.14174407208637],[16.111743522106746,47.143656432793954],[16.11404086760728,47.14456469675535],[16.11272764658383,47.14656619801343],[16.111261497764296,47.14748784261886],[16.111841250707815,47.150943011090355],[16.1112443242921,47.152518965357416],[16.109288590323843,47.153453335367885],[16.110653744526697,47.15518589372312],[16.10839468131097,47.15718789472897],[16.110491786008513,47.16057104964379],[16.10912778910655,47.163009231019295],[16.109630416850425,47.16377109598966],[16.10748189804975,47.16568844094289],[16.106498791610996,47.16748643081477],[16.10767433033386,47.16903187328476],[16.105917505342067,47.1702604168728],[16.104580296518048,47.1701890659089],[16.103502963861107,47.17172128507655],[16.104638903313834,47.17391525017635],[16.102753009845788,47.17676272768834],[16.104277522484715,47.17917386540158],[16.103063496348852,47.179926820799395],[16.102626973057745,47.182815924981504],[16.09991528998615,47.18312176076503],[16.099793329518068,47.18435125977481],[16.100690467678778,47.18691903427524],[16.098807187242144,47.18852479224758],[16.09619304977727,47.19171033453798],[16.094239960657397,47.19219110671488],[16.095300012373375,47.19386633505723],[16.094467684259325,47.19584798999632],[16.091667603627688,47.19827830192153],[16.091620267355623,47.199547394232766],[16.08870982183728,47.199163592268384],[16.090014113418867,47.200610938367774],[16.08841918915513,47.20424905946335],[16.08833777704749,47.20834206614474],[16.0869236886994,47.20976663097947],[16.08371194938566,47.21067564565277],[16.0839253573821,47.212862178600325],[16.083400232040553,47.21603961379171],[16.084401197032776,47.21848462381418],[16.083044491540626,47.21911599226614],[16.083016441687235,47.22128178994436],[16.080384667659445,47.22325538779615],[16.0819024257102,47.224683553083864],[16.080871688780615,47.22603720010011],[16.07650886201005,47.226624662684294],[16.077725547668585,47.22824685543862],[16.07922187694645,47.22862173608308],[16.0786278385363,47.23060965683964],[16.08243323273829,47.230172954234405],[16.082855013851706,47.231576844726575],[16.082155582822928,47.23407070273489],[16.083734166890213,47.23424160111403],[16.081999273186575,47.23477402865712],[16.08151151172205,47.23820119233509],[16.082621750566023,47.23910267044888],[16.085030628220135,47.24370882634608],[16.083548527840495,47.24641316105555],[16.0820914378362,47.2478260657393],[16.080233850992066,47.24849222955389],[16.080750031490926,47.25117943457476],[16.080509964434146,47.25421941712003],[16.077909145942602,47.25789261378023],[16.075778181922896,47.26023087643598],[16.079276293389416,47.262249351179115],[16.078125383542478,47.2633951651755],[16.078904453329244,47.26463669673587],[16.07660156249556,47.267035825582916],[16.074589549036784,47.26735527470806],[16.075528526217365,47.269471704065325],[16.074702186560963,47.272893890949405],[16.07348043721224,47.27232749291293],[16.07195757259727,47.272849779451846],[16.071944319118813,47.275387030187574],[16.071086955892948,47.27755001331036],[16.068522893845017,47.27937595218425],[16.06827006480937,47.2811167518809],[16.066373078542835,47.2810493881008],[16.06516749762171,47.28197236225695],[16.062752703933384,47.285141374923924],[16.06201225469058,47.289865675830455],[16.063375161456154,47.29185772199694],[16.061563961591947,47.295619429643715],[16.059541973663503,47.295650181245065],[16.05714769814822,47.29691006878388],[16.05934906957437,47.2987750149792],[16.057771256855965,47.3011413472891],[16.05886862100873,47.303194343446144],[16.058593740953906,47.3057526694326],[16.055412446187567,47.30717137908055],[16.055664585847495,47.31082316246469],[16.055482982144856,47.31357686906175],[16.05673238140275,47.315391460800434],[16.05438991804879,47.31692525464574],[16.051291863637868,47.31649854857093],[16.049329181906153,47.3181072831295],[16.047852977164286,47.32052289012364],[16.04835737039614,47.3241916353029],[16.046359950440696,47.32513409580915],[16.045032253208174,47.32819173944627],[16.04824746041355,47.334165616351946],[16.045230937760234,47.33658481668674],[16.043287148846098,47.33619051293015],[16.042459189236638,47.337778572517585],[16.039331924595377,47.340222018172035],[16.04119984715163,47.3420889273044],[16.03809153696276,47.344285378151504],[16.034505731041097,47.34361953500745],[16.033322881223917,47.34441941100425],[16.034130566459943,47.346096039310844],[16.032446698738326,47.349851997233884],[16.029969662937294,47.35336105401825],[16.03109912707305,47.3541735649277],[16.031718176228672,47.356307783280435],[16.03100587033918,47.357250196376626],[16.02819857998988,47.35627298176611],[16.025376762992906,47.3571177924609],[16.0240535771944,47.35865064590913],[16.02446560566801,47.36144563552856],[16.021559542659443,47.363982809166615],[16.019525527272844,47.36235788378879],[16.01830234225416,47.364645728546385],[16.016307451053798,47.365203756630684],[16.012371551309755,47.367827058213585],[16.013215452859672,47.36890274985071],[16.0227047970681,47.37081232734008],[16.027430487596547,47.37210245401324],[16.031256102645052,47.372894344310296],[16.03053566936787,47.37564203270061],[16.02832769067063,47.3780536855901],[16.02732620577123,47.37998987335984],[16.0311548416561,47.38121583106888],[16.035956878263335,47.38195554797674],[16.038619608896404,47.38293269369039],[16.045695538245834,47.383533018020024],[16.047647338801987,47.38335066661524],[16.05101647824349,47.3845972360404],[16.055217989493585,47.38511634986664],[16.055967976466043,47.384506814206084],[16.05763297797225,47.38493882757068],[16.0601929807122,47.385230636997015],[16.063110476749785,47.3880466923912],[16.062614977905756,47.39081427061984],[16.06094066126301,47.39193683606864],[16.0621254114721,47.39505802560849],[16.06335240610285,47.395647704281444],[16.063717465424183,47.398391047812446],[16.065702446377315,47.39913357458404],[16.067727273654032,47.40092973652165],[16.06763823670003,47.4021610554233],[16.069283815638904,47.40479985368903],[16.073623622490125,47.405263077256265],[16.07741182036184,47.40684963562852],[16.081326072415987,47.40985517946214],[16.082828001788453,47.40847078282877],[16.085252637786745,47.40773724590649],[16.08685419711541,47.408418418900396],[16.092523303703814,47.40943512924749],[16.091925710360087,47.4067741590018],[16.090173209232862,47.407188508062696],[16.086989091952162,47.406598246044595],[16.08479027804533,47.405543407898485],[16.084764525554228,47.404201208237694],[16.08657290363422,47.4013866147175],[16.08510983279578,47.39967323034442],[16.079918352807024,47.39854693740623],[16.08122219105967,47.39644039603386],[16.08537316678707,47.39479006425491],[16.086603569547464,47.393370271163754],[16.08852417766525,47.3925986310766],[16.09018870964657,47.39083773867413],[16.095686248195054,47.39310389020317],[16.09798689533982,47.39502423175556],[16.100960774694727,47.39608085793316],[16.102350243859203,47.395010953896175],[16.10391570818105,47.395527910029145],[16.10455886733127,47.3973992260801],[16.103033373755498,47.39933576973216],[16.10126521621035,47.40385605321107],[16.099472299833092,47.40502113382977],[16.097382573030618,47.40767987391137],[16.09690626045747,47.41226536160708],[16.098447641492406,47.41547268690174],[16.102171140391444,47.41479103571166],[16.105958908226416,47.41525480371499],[16.109264765493293,47.414303759221006],[16.113357185217723,47.41457019243507],[16.117882722852208,47.41366901961228],[16.1241362190863,47.41358452966212],[16.127607971865487,47.41430198298326],[16.13069098962464,47.41632045505889],[16.13448619652095,47.41627000584551],[16.138900969886,47.41820793584231],[16.140343254815704,47.41720875137834],[16.145406097893833,47.41974627758855],[16.150452817358087,47.420838582690315],[16.153579879344875,47.42050999484204],[16.157699465754057,47.4212290434808],[16.16225508757511,47.421446209348034],[16.16362575116432,47.42120703494275],[16.168984537359943,47.42309851780552],[16.170642144277558,47.423053556323175],[16.174865161722426,47.424102652402965],[16.182947983685906,47.42417256639754],[16.188147966669824,47.423037345513045],[16.196832331099298,47.42304372717448],[16.19998837878725,47.42430335901836],[16.204232454542808,47.42534545906766],[16.206619975352456,47.425247268937575],[16.212044319574645,47.42639692858717],[16.21675513285996,47.42768289651108],[16.220341941571462,47.42783007034918],[16.22340962728262,47.42976559298003],[16.225939954938074,47.43069684300818],[16.22654609944335,47.43208456818905],[16.228719507333572,47.433711046168874],[16.23199398523696,47.43437141655333],[16.233674115680312,47.4358141071109],[16.239410446215267,47.438315522018804],[16.239246574135162,47.4401686029146],[16.240441179737694,47.44301028552028],[16.24583701911986,47.444354962220594],[16.249355991609644,47.446963088161446],[16.250379469394755,47.44879197302711],[16.253824817630072,47.45205696530323],[16.25706233646483,47.452297208998736],[16.258437036523677,47.45326547945843],[16.261542516028236,47.45324678084764],[16.263964191715335,47.455129016472505],[16.26713329551412,47.45683673927781],[16.26975369992567,47.45751913689071],[16.272271357498813,47.45585464370187],[16.274364027934453,47.45652175894858],[16.27829728927083,47.45583072325187],[16.278874156355673,47.45742920267301],[16.285491064394463,47.46276279505166],[16.28741693030597,47.4646944423818],[16.291133278275716,47.46626523160098],[16.297072985655827,47.46668791734683],[16.30004525471295,47.46800666235224],[16.301142283776777,47.47190964511753],[16.30214062786255,47.473098767451205],[16.30258605464833,47.47529850764978],[16.296231659024404,47.478404202031186],[16.303473980476433,47.4810753970542],[16.306906956545866,47.48069928477112],[16.311520144465604,47.48361774907326],[16.313033120138403,47.486667499952894],[16.309204166132265,47.48966027694157],[16.31180060871159,47.49081878943859],[16.31504953441316,47.49315599908619],[16.31803676050826,47.49440856379773],[16.3191622185569,47.496023014537215],[16.325058512747056,47.49856934594768],[16.32323939419537,47.50126437188481],[16.329645438479588,47.50491035594956],[16.331372306260775,47.50670760317983],[16.331324328090314,47.50912833787741],[16.33454157273049,47.5144553970586],[16.33689793466329,47.51686862264116],[16.33602359442026,47.518192706478835],[16.33702672494733,47.51960842602928],[16.336230089921248,47.524785829049264],[16.335062226864615,47.52655734494709],[16.333359267187017,47.52767042802674],[16.32773942114085,47.52898471227183],[16.324944451056716,47.53198307072968],[16.32533245708026,47.53337693845737],[16.323331196294692,47.53618660902008],[16.3212588173451,47.53745355123451],[16.319825444258264,47.539583319369676],[16.31343312313319,47.54302902159353],[16.310899424541972,47.54343328881605],[16.30882983906983,47.54416049376486],[16.30641875795848,47.54719097210015],[16.308266008034803,47.5507388646646],[16.308928591258343,47.554749924479204],[16.3103162850913,47.556084850610844],[16.310931210534665,47.55855324210584],[16.313056575639205,47.560403190151874],[16.312569033226406,47.562547791509736],[16.310561169674923,47.564126249919966],[16.310379184086287,47.56604267323226],[16.314928832543064,47.568732754288355],[16.31670516831122,47.57015250475649],[16.3184564629188,47.5742191243232],[16.32133694245927,47.57741032076939],[16.323774268983815,47.57834095550249],[16.324678687647097,47.58076428617005],[16.32737375123533,47.58312677664943],[16.32674463514965,47.58796315621618],[16.328181570547695,47.59020133838872],[16.32792103198582,47.59257255033099],[16.325966417376815,47.5959785415367],[16.326147932393376,47.59853889801604],[16.327644254078894,47.600080117233894],[16.3310835467916,47.602086176710024],[16.335553832926408,47.60296700607577],[16.337025079377973,47.60380100604788],[16.34023241429409,47.60318834503349],[16.34157804623995,47.603496687062126],[16.344306899106236,47.60491675202061],[16.345988256493666,47.60643924674559],[16.34596179142165,47.608180404706786],[16.34703110797014,47.608932897675444],[16.35047660436295,47.6098269123548],[16.350800158057393,47.61186609248419],[16.34798171111142,47.61405766520601],[16.34518853574774,47.61687490226074],[16.349141375445583,47.61865956833707],[16.351468586347465,47.620673936555335],[16.359880306116235,47.62205502590859],[16.36422105832594,47.622111189045256],[16.365635638027992,47.62167218314241],[16.368659942050208,47.624099289675925],[16.369504366291096,47.62798939934167],[16.3677314931707,47.63019360508145],[16.364895232295204,47.636517075470074],[16.368477533430408,47.638624691264],[16.36927627094741,47.63998246012196],[16.36972106462448,47.643182430568785],[16.368897599879414,47.64550272488998],[16.366915375569338,47.64820809187813],[16.362886770082607,47.65127657788959],[16.3598436273341,47.65420983409452],[16.35701529253241,47.659158003847594],[16.35789023174665,47.661238565544046],[16.353718634220634,47.66809765207521],[16.34896075810212,47.67250451591579],[16.350623446787324,47.67487203098114],[16.351641341578052,47.67798630396415],[16.353910123786463,47.680223516491566],[16.35227232516281,47.680250951343986],[16.347585918832316,47.681371338052564],[16.342280313028827,47.68071957986932],[16.341685117374585,47.67956637119885],[16.33737563518676,47.68043337435195],[16.334704827936854,47.68042352457406],[16.33278922383485,47.6793002303566],[16.33046595284646,47.67935162677603],[16.326855792761922,47.68084538855069],[16.325185069195904,47.682191167476056],[16.32098198217421,47.684020871094084],[16.31458647050641,47.686555352824584],[16.30913771885126,47.68796094361622],[16.30626007036071,47.68786961112027],[16.30605804347305,47.689783869303945],[16.308064258276104,47.694120357658505],[16.30633345433366,47.69610853538658],[16.301935505857315,47.69790741383257],[16.30171446950495,47.69987805760437],[16.30030893217875,47.70149597433758],[16.300633544427328,47.70393656963642],[16.299835008523768,47.70726731875706],[16.29806510337164,47.71035307527327],[16.292270048199715,47.71600852539431],[16.291305643361103,47.71787885552755],[16.289855651818204,47.718959441874475],[16.29067103913168,47.72115199500532],[16.28866359188275,47.72731151250168],[16.28833885175159,47.72940171829275],[16.28905445752071,47.7317138863025],[16.28952952419765,47.735901972424166],[16.290198115202934,47.73738108211443],[16.293124952843197,47.73950522857166],[16.293849121236537,47.740583497764575],[16.292853913209843,47.74298347359984],[16.29159137420424,47.74496516439523],[16.29218792465994,47.745950475984266],[16.295186203443173,47.74736633435635],[16.29663464724125,47.749521222966095],[16.296061162936844,47.75256824710371],[16.296490887464714,47.75445763375793],[16.29599360863322,47.75721017026196],[16.297044264177366,47.75935692190332],[16.296561008927558,47.76188094970652],[16.29560707465297,47.762426246673286],[16.29430331957786,47.7630882098674],[16.293434535983767,47.76707248395829],[16.291060676242008,47.768887953466326],[16.293142472448896,47.77072194680294],[16.29441845878447,47.77344715821582],[16.297295906908893,47.77664174686686],[16.29751275131965,47.77877275960734],[16.29999197196688,47.78158840752942],[16.300996147580765,47.784991214374024],[16.300132885386287,47.78626599461412],[16.297232979995506,47.787414545213366],[16.28874682501764,47.78943605910281],[16.286999679507446,47.78934031419941],[16.281275698638275,47.790688918865996],[16.278999958819856,47.79242001109562],[16.27614063195354,47.79332505423945],[16.272554784125518,47.79366190505146],[16.271251870259885,47.79102837168653],[16.26596696179286,47.79177241507691],[16.265862489508265,47.795627634146925],[16.266269288123137,47.79710217961421],[16.26895405065499,47.80191968295538],[16.27053711683366,47.80347066813258],[16.273606208359617,47.809318419774264],[16.27450812262988,47.81048401455381],[16.27652469312747,47.811299106001435],[16.28069185564128,47.81159202358389],[16.283111982106668,47.812154047917055],[16.286257943341475,47.81113230843729],[16.293318635236744,47.80973776845852],[16.306207192123022,47.808005364612626],[16.311957931569385,47.805467504057916],[16.307936936936596,47.80419886827242],[16.305062535774486,47.80410302826675],[16.306333345531904,47.80235646805083],[16.308098254266437,47.79757605633394],[16.306644772201317,47.796140341521756],[16.30470355525594,47.79150478217774],[16.312839520214343,47.78528870451298],[16.31614467365124,47.78657279322559],[16.320492447313082,47.78890991141475],[16.321743396213705,47.79033783669129],[16.323395615508353,47.79481210245384],[16.328109754807254,47.79988334521496],[16.328820566862625,47.80118640175806],[16.33199236876965,47.80266980843753],[16.337517907757018,47.8037600300629],[16.340734234474777,47.802098109359996],[16.342081083418424,47.80365388036895],[16.34592682493152,47.806478045405925],[16.346152098267762,47.808818566386],[16.34714804378549,47.81089647543165],[16.345293494686167,47.81632526163722],[16.347042545201496,47.818389075828776],[16.349505588752802,47.81946748345696],[16.35197571862428,47.82140801243818],[16.356278452429102,47.82353905538041],[16.359575179437723,47.82395074491146],[16.374408353813276,47.82801619560718],[16.371174238248408,47.83063847019483],[16.369158520407016,47.831777922477904],[16.377558874320556,47.83735984384231],[16.379470660445733,47.83954271079832],[16.385240987025778,47.8432579477047],[16.383141973841898,47.84623747418547],[16.380836585625442,47.848310522898174],[16.376017367531638,47.850581119413796],[16.371726354412612,47.85318242791672],[16.366518109505336,47.85543700664281],[16.35483985649648,47.86243928484708],[16.346365809808866,47.867223597004916],[16.345205623935428,47.86884180661631],[16.349913361343553,47.86783156495834],[16.35209011244565,47.86676194325132],[16.35494254080568,47.86715601074243],[16.357887871331755,47.86980608378058],[16.360604711146035,47.870738463922265],[16.366298444959657,47.870863040218],[16.36812732701101,47.87202511933119],[16.374976295250992,47.87384053737623],[16.37732920473072,47.87532325485266],[16.37907554952281,47.87572709948071],[16.379864999603505,47.87697313029638],[16.380403138549486,47.87937746477308],[16.38194995545313,47.87897672493447],[16.386112966164124,47.88229641225812],[16.39751998812681,47.87666784446129],[16.402052488880486,47.87846663776349],[16.40604396763073,47.881597162455],[16.409704131430967,47.8821257877116],[16.405379193442045,47.88506143610022],[16.412494642696384,47.88992713240632],[16.41343854373979,47.89113274970107],[16.406804659943244,47.893117727507],[16.407059155629252,47.893784240910946],[16.41187428167624,47.89627645478136],[16.41390446956895,47.89629478772215],[16.414994402951283,47.894740761225194],[16.416877166955228,47.895036235063884],[16.416327157506235,47.89740996107877],[16.41793769236924,47.89862547566192],[16.41837332230842,47.90094316484236],[16.42002654599533,47.90262218974607],[16.419513619618794,47.90459373513048],[16.41728469503608,47.907366783459416],[16.41957282351695,47.910146478211026],[16.420815445642486,47.91257854345788],[16.417943194981547,47.91179220116598],[16.416429314731115,47.91362847498975],[16.421221695864926,47.914735029464396],[16.42453817407256,47.91689020098563],[16.423654881683145,47.91949660693984],[16.42446125375935,47.92051287675217],[16.427394737896314,47.92139358897164],[16.431510226466735,47.92520679701823],[16.434305365944294,47.928236885871414],[16.437468812092337,47.929358514046946],[16.44226537708702,47.93006418697699],[16.443706460466846,47.93114257572488],[16.44530166752789,47.93433040515596],[16.449579415505003,47.934958462722626],[16.45208382729562,47.935180364333526],[16.454461186175237,47.93655712613228],[16.46392159540831,47.94055349611249],[16.46763031231001,47.937848366018],[16.470620697686556,47.93807046545131],[16.4740097301155,47.93902473601098],[16.476469923364213,47.9380466640688],[16.480153443179827,47.93919173132252],[16.482100981661603,47.94062674139826],[16.48226875030325,47.94210545716942],[16.484137850597012,47.943315047107724],[16.486860268044296,47.94366640392111],[16.488569072956587,47.942380116319235],[16.492486386298218,47.94239249017692],[16.49442968814792,47.9416884625856],[16.496805166488553,47.94222546021717],[16.497240462088083,47.940926889905846],[16.500367229343723,47.94130386310326],[16.50126851290307,47.94039425703335],[16.505602455700828,47.94144479761918],[16.507841221657007,47.94069100955411],[16.508077829952875,47.94237067527615],[16.512344031358193,47.9437756061758],[16.513776984289166,47.94344337228998],[16.515899532448145,47.944264537338306],[16.51802088078299,47.94173234964785],[16.519580471753823,47.938750909841914],[16.520587223684817,47.93550700813384],[16.522308887416802,47.934814729150204],[16.52361002709936,47.93293631932908],[16.52591074615764,47.93105449645425],[16.528476503325585,47.92972300421772],[16.530482624352945,47.926676356039785],[16.53715123666316,47.92218684241228],[16.538264510538703,47.920369002731974],[16.541264906285953,47.91743113456719],[16.54328056493468,47.91642799026507],[16.543533823824742,47.91522970063885],[16.54893027808159,47.911968910980264],[16.549887454722835,47.9108424837896],[16.551196605875493,47.90735956020791],[16.553827258228083,47.90277555434006],[16.55780529291213,47.900690086085014],[16.562563898948476,47.90022394754099],[16.567982349903357,47.89605383496032],[16.569932557608645,47.89424693675666],[16.570989780218202,47.89222426985423],[16.570090057463325,47.88922547274551],[16.571232259949394,47.88696873231212],[16.575750344718816,47.88814413519246],[16.577502815389312,47.889302841196105],[16.58058927444174,47.89230160808898],[16.581927754153995,47.8948356134912],[16.584148648451407,47.89662612230912],[16.58552555478306,47.89868681743517],[16.586500595349435,47.90128278731727],[16.588520964351893,47.90266367608338],[16.59175032266577,47.9033800241629],[16.59453528022339,47.90458679138213],[16.598302918969292,47.90626231171639],[16.59964356018094,47.908068424443535],[16.605575246026643,47.913049268193646],[16.60796589634272,47.915602717190836],[16.609450931832406,47.91637299005841],[16.61374535802673,47.920398398004195],[16.616996020580736,47.92262424887699],[16.622009700891493,47.927098873373374],[16.625771488602687,47.928082536820696],[16.62946071261268,47.93008710640329],[16.630029934503956,47.93167232405773],[16.629303767916955,47.93410193548187],[16.629113866608552,47.934487523744856],[16.62793187478126,47.937322359327055],[16.628184367681563,47.941723949807965],[16.630198989309886,47.9460629444228],[16.63196667483679,47.94676933377249],[16.637013055109616,47.94663617645925],[16.6399417613532,47.94732906320628],[16.642054982170944,47.94848906142711],[16.64603687125557,47.94889969519567],[16.649536345113244,47.949905462743644],[16.648859843357762,47.95642545558972],[16.6505610460827,47.95854278831323],[16.653030556944938,47.95945726766805],[16.656499205966632,47.961857281427086],[16.658709950590413,47.96051973931656],[16.661920789753697,47.95755818872558],[16.662417861038595,47.95776385758359],[16.66576147275853,47.95992849178303],[16.670166979002847,47.96108196288547],[16.67739671458082,47.960522860247984],[16.6833010883332,47.96176475191169],[16.68587904846041,47.964258259381126],[16.688385052444023,47.96511268916822],[16.69128496743881,47.964828681466216],[16.696522833325837,47.9669928163785],[16.696593186276466,47.97164884723451],[16.698948387488212,47.97224018629115],[16.698409667384464,47.974499943912654],[16.696631953311503,47.97943430902131],[16.69312534255648,47.98220974088658],[16.692819730235797,47.98713671974644],[16.6934083640154,47.98879800690634],[16.696455558778347,47.98845848383337],[16.698552888144,47.98901646606047],[16.69812669479779,47.99828759552801],[16.698027066203743,48.00548442455013],[16.69865760887174,48.01003253395232],[16.699325155015398,48.01234541497467],[16.701227123790122,48.012716265777755],[16.70225619260016,48.010433611189],[16.706175101015315,48.01297088034543],[16.709663506960293,48.01343608783845],[16.714957133841285,48.012364472918065],[16.720092680049618,48.010872841454855],[16.724917364377223,48.010011145780794],[16.72592512355183,48.01128396714634],[16.728455582381475,48.01198614409515],[16.73134000506084,48.010311766797166],[16.732778139932485,48.01036848848905],[16.73499437222608,48.01328242891595],[16.73671274031816,48.01476164556941],[16.739503017825047,48.01382669964244],[16.742910616238735,48.01571660435802],[16.745527267840938,48.01472773539466],[16.748147443326882,48.014768680555285],[16.748757979997304,48.01305548937364],[16.751922461018623,48.01451647494316],[16.75390541828488,48.01402402026785],[16.75711002055999,48.01436256816846],[16.758389737926134,48.01531632355254],[16.7621852161683,48.016145574718365],[16.764487587130056,48.01801295276944],[16.768953671425574,48.01871188483654],[16.770232369048212,48.02034902705432],[16.773388693912164,48.02044453636877],[16.778474784735668,48.02225850363486],[16.779274320731343,48.02381148242122],[16.781828457670283,48.02311253073674],[16.78249686470108,48.021670085187324],[16.789102347178787,48.022934563979724],[16.79288110297862,48.02428959554607],[16.795211835060858,48.026110708130716],[16.79535805540548,48.02893249616499],[16.796894535391466,48.02963683648202],[16.79794426830658,48.02819215922959],[16.79982226710495,48.0295898987181],[16.803888039259363,48.028972604824006],[16.806467216662682,48.030379023920894],[16.80995281044741,48.028831579306996],[16.812476036786038,48.031196620598976],[16.81432103653401,48.03043793728883],[16.817398579621557,48.03070492534211],[16.81863176973348,48.02930134971323],[16.8224484323827,48.029842217267436],[16.825388139976685,48.029851275277565],[16.828189834869864,48.03053846988256],[16.833944855961814,48.03253727619548],[16.83426167468468,48.03394665812771],[16.83354881182011,48.038006991046764],[16.831153460830077,48.0396041573626],[16.828503098435107,48.03901691278213],[16.8268036156376,48.04114958593693],[16.830630169377027,48.042982794599276],[16.830730813028527,48.04395529200014],[16.832922313375885,48.04557953890061],[16.8373062068748,48.04654037491807],[16.838145360764443,48.045140773503306],[16.839619773611485,48.04668997812445],[16.840920190591415,48.051966315322154],[16.84345442947205,48.054149760451516],[16.8433412231854,48.0561938756266],[16.844861392610046,48.05738889873033],[16.847849542811094,48.057930608877165],[16.849281844108553,48.056653230041924],[16.850701666226982,48.057092530714485],[16.852823505725638,48.05532462299024],[16.856395741379654,48.05867351243701],[16.854572650193763,48.06008011290526],[16.85491028462545,48.06153816346552],[16.85826430206965,48.06260700853394],[16.858646428001858,48.06429963600733],[16.862207324482046,48.066398591181056],[16.864433218396066,48.066477094454434],[16.864787573316185,48.06758682667849],[16.86701717380337,48.0690031842205],[16.868224540210548,48.07185958658496],[16.86951868788246,48.07160152990979],[16.871311734331908,48.07304320397352],[16.873520480978023,48.07122391247598],[16.875784860125485,48.071343173588616],[16.875793063479954,48.07005641253098],[16.877583250633986,48.069023847252964],[16.88023533517909,48.06920455000823],[16.8819169220978,48.0708783082788],[16.885342616150773,48.07199328575571],[16.88563089841701,48.07423211290157],[16.88731102455309,48.07523223840254],[16.891306491242887,48.07452937923529],[16.893227500968916,48.07322499865343],[16.895189350360358,48.07469751944829],[16.897133488409665,48.07209781996208],[16.901505578559604,48.07170756911927],[16.90525424025335,48.07052785794524],[16.90931836924936,48.06982341182827],[16.910973889502973,48.068883622675095],[16.913661258606172,48.06841677290977],[16.915711572049354,48.066901677366126],[16.91556446476504,48.065537553261805],[16.917307409648842,48.064827035824216],[16.917193327553033,48.06358598742425],[16.912439984108136,48.0573978763389],[16.916816721378442,48.0517050485051],[16.919611868433986,48.05190561703331],[16.920344571362744,48.05113166833235],[16.924210601330397,48.0513689222679],[16.927172500390775,48.04979379184971],[16.93131217477989,48.049002502077386],[16.933960264038465,48.04929743911834],[16.93853376500693,48.04829462832306],[16.94125555232728,48.04834070526333],[16.94254714357964,48.047609166180834],[16.946830977618998,48.047940346533444],[16.95280627635586,48.04599405703213],[16.95574190689691,48.04454389009221],[16.95855441811483,48.04396053528815],[16.958676117710567,48.04304667650742],[16.963687799205573,48.0416218676673],[16.96627578135448,48.0417175630268],[16.969360532956618,48.03997091628262],[16.969365268057267,48.0393099081292],[16.972247974381897,48.0361840362987],[16.971383808197334,48.03503582348526],[16.968984548218035,48.0366019656812],[16.968510607373737,48.0347277518081],[16.96616631066425,48.03183405341145],[16.96583257127061,48.02962707093822],[16.96736298398077,48.028013606426164],[16.966191013958028,48.02688375933133],[16.9695170023759,48.027470346931345],[16.970466833744606,48.02427253925325],[16.97176283504504,48.025397725505506],[16.976462992548196,48.024146715444346],[16.980644783038475,48.02664613200365],[16.983857280875263,48.02979046946671],[16.985383942503713,48.0327778158854],[16.988108764925602,48.03990777178259],[16.990966118475157,48.04615674102818],[16.992176702706487,48.04953035777993],[16.994066214156327,48.05304740317108],[16.99739908271976,48.05736281352219],[17.006602605959436,48.065228731031844],[17.01000410241087,48.07015459851696],[17.013523461741293,48.07421258671947],[17.01423426807456,48.0747432497097],[17.00641958505403,48.08012205036971],[17.00276544243104,48.08194016300543],[16.995991166528455,48.084821275472564],[16.989719828398655,48.08822059995017],[16.983752966690833,48.09052799503756],[16.97894368857352,48.09385738562112],[16.975036046420218,48.09576421189949],[16.96908425102945,48.09599070391296],[16.966300757794922,48.096722265511104],[16.968312239323314,48.10126385975401],[16.97334638305508,48.10663526132411],[16.975805227928767,48.10441662133704],[16.979290336813047,48.105293913389026],[16.982699222478594,48.10792658263153],[16.982176733824193,48.11196863947291],[16.98377462656014,48.112100974566474],[16.992829795165875,48.10950971288931],[16.99508675688021,48.109778326838715],[16.998647738338015,48.1028474843747],[17.001191615038863,48.10011511611053],[17.00218490122393,48.099767838886706],[17.00660787249785,48.10324536681822],[17.00980070513191,48.10489013476179],[17.011784167284922,48.104812167945546],[17.017389553341275,48.106313686144574],[17.019491391154595,48.10503303057311],[17.020329562031215,48.103406715740135],[17.022633404545488,48.10199672696224],[17.025996395350088,48.100767293766864],[17.022654372767562,48.099062866127156],[17.00974521405896,48.095742859604115],[17.005349551660267,48.09531006476234],[16.99977786270923,48.09338510101555],[17.00437190427233,48.09215768227161],[17.00974102191778,48.09064935518055],[17.021483144648702,48.08786754703773],[17.023952245521915,48.08711644407569],[17.033224294610196,48.0849940261275],[17.03496039271161,48.09122003862542],[17.036929042103335,48.094354786208996],[17.03863907015679,48.10235921907265],[17.04104552038781,48.10432288578532],[17.0478331225614,48.10591689832233],[17.052070936165457,48.108184782852774],[17.061150451891013,48.11051632051876],[17.06081278761751,48.112067880386846],[17.05924784937216,48.113934208453244],[17.0639703389668,48.119372977795],[17.06519396046018,48.11886752582636],[17.06586389010908,48.11682333203877],[17.070002720722517,48.11522774923867],[17.074189997989908,48.11570505461801],[17.070098437088873,48.11098899545161],[17.07630446437894,48.10859222156737],[17.074640817955395,48.106648317999245],[17.080472977232258,48.10325680565747],[17.08095335407055,48.10369807950374],[17.089936553300138,48.10033733797009],[17.084993643503637,48.097255034479744],[17.090368834575834,48.09212256544744],[17.088548418198453,48.09126218944271],[17.086862025506317,48.09292871513803],[17.073659327284155,48.086898729338564],[17.07178660491482,48.08661313987003],[17.070361789606178,48.08407291304687],[17.07207937663037,48.08333850827952],[17.0689626317344,48.081869313721384],[17.07613746728045,48.078935818781645],[17.069458376693607,48.071148200907075],[17.08401702231697,48.0660574494254],[17.072718643978483,48.0597651764703],[17.068932765326075,48.056938996359676],[17.067390953142212,48.05770374615449],[17.06547046672156,48.056094235506414],[17.0711831279108,48.05356946175508],[17.07675446693396,48.052030758688495],[17.081494787069097,48.05108312210228],[17.082918144002683,48.04997723398235],[17.08501523739002,48.046376104186336],[17.07841366505156,48.04141564468903],[17.071465082473104,48.03703958567994],[17.07230010490241,48.03647465545933],[17.064642976688354,48.03212938980093],[17.072854908075506,48.02824246222237],[17.077571291244386,48.02658217958155],[17.084312164419146,48.02326227495394],[17.087086235786177,48.02048518036306],[17.10728240058563,48.03192458486286],[17.112372177298244,48.03025257815359],[17.115163932978163,48.02858060272832],[17.118533745204537,48.02548520953129],[17.123952183384844,48.02162728243017],[17.12806167359478,48.0236743424321],[17.13023517399221,48.0230838013802],[17.13345854830033,48.02360650203827],[17.134665742636816,48.02326845387011],[17.139589214771668,48.0202177194759],[17.14107339486694,48.0208988182895],[17.145603531157136,48.01565519583261],[17.1486059173226,48.0133699505178],[17.15102440698825,48.01204269402755],[17.15786908837973,48.00722705356292],[17.154183873575086,48.00474027438108],[17.144794739516943,48.00115696987335],[17.136800183806947,47.9971030407506],[17.131419640017768,47.99468789696852],[17.132269462781178,47.9940308460302],[17.128594879590466,47.99151963521471],[17.121858880896244,47.9879646706047],[17.11707712122927,47.986014313220124],[17.113877034401796,47.98410033746648],[17.111448344934175,47.98171856677083],[17.109141107615486,47.98017511347987],[17.102340290486715,47.97659670924864],[17.09188970442628,47.9715637746233],[17.093829419708158,47.969352645711474],[17.096883538869644,47.96788006519669],[17.101662283258044,47.96661284132334],[17.105433864813012,47.96416243264817],[17.10771654415487,47.96470552777916],[17.109206521338074,47.96424092439585],[17.114213572049977,47.96159564440019],[17.111358929662252,47.959478216506724],[17.10968712907015,47.957178240208],[17.107176427794816,47.95506055972736],[17.105038932291325,47.95022116596681],[17.100023957473386,47.945899442846304],[17.097800321344046,47.942704986706964],[17.09371030550517,47.94009500861263],[17.08812965845809,47.9350900385895],[17.09954273026791,47.93178044337706],[17.109915239276575,47.92805199093796],[17.09962170214545,47.91140834004456],[17.093517397301024,47.90682066141897],[17.092828253845596,47.904989720949544],[17.09469982078374,47.90418766388995],[17.097999766755528,47.9017080041953],[17.10139670289824,47.899952847634395],[17.082410754269308,47.87513687456908],[17.077662945669786,47.87515601562953],[17.075026504657576,47.878239703521594],[17.05992474016787,47.87441412912795],[17.04593272861414,47.87260316289908],[17.0468238726469,47.87076320261213],[17.03726860143909,47.867512807309794],[17.034362127860078,47.8686206048882],[17.026097019375797,47.8684032026788],[17.01498242739442,47.86910181564637],[17.013444708979186,47.86817310301276],[17.01192482020419,47.86512452493843],[17.007176831338782,47.85904642515747],[17.008422643118024,47.85809103152148],[17.038669634788583,47.843562569195875],[17.04877239477194,47.838603077611694],[17.043829662348962,47.8335877316576],[17.046949055028346,47.831925673925205],[17.04414003527141,47.82904489461225],[17.058063060545106,47.823442078922426],[17.056921180093973,47.820771984908],[17.06059721048998,47.817552669411455],[17.06557623895317,47.813878957031186],[17.071681157205617,47.808962156726274],[17.069028602780214,47.80890702782967],[17.0585821287362,47.80264395323082],[17.050792746938654,47.79825667855452],[17.0481880693162,47.794680928601174],[17.0515748766769,47.79136001440947],[17.055424055077378,47.78685861189089],[17.05806876339605,47.77834152094293],[17.061048769054292,47.778470291482584],[17.06439612381698,47.76758602418803],[17.062845479453678,47.76757761879974],[17.065632844685872,47.75781676156287],[17.06693434636649,47.75798245033104],[17.067988587955945,47.75064893321053],[17.068218276931212,47.739630047560766],[17.067643167084466,47.73490374221894],[17.067934953253356,47.73248147963356],[17.0676458986991,47.72865391484854],[17.07131533919942,47.72399361601415],[17.076543089588256,47.71996164069538],[17.0903022581745,47.708942570969974],[17.068491944686123,47.70734546518337],[17.037366782040753,47.70501681009862],[16.973666178481874,47.695182194247884],[16.956554676862233,47.6934040684487],[16.956475186443335,47.693354153411214],[16.909984017256107,47.68848522745086],[16.909764197184828,47.688381644394],[16.87237446871074,47.68904297509324],[16.86885591602544,47.69079982555234],[16.866045672573073,47.72203851762779],[16.864127728652694,47.72233776522754],[16.861638468396748,47.7195130340538],[16.85778428850694,47.71616934905122],[16.853830591280992,47.713215950292074],[16.852744565040737,47.711768918769536],[16.83828732031229,47.70649581616309],[16.83628744334547,47.70527525274928],[16.830016661702622,47.69228937526619],[16.82932145334969,47.68884351053821],[16.825550790348405,47.68343003857542],[16.802894680609942,47.68333448913412],[16.746249931218795,47.68212465361253],[16.737020305371466,47.69594609890398],[16.718733889036095,47.72330654143759],[16.718164802359098,47.736029476109195],[16.678173099347624,47.740268311368574],[16.668773915635565,47.741129629744606],[16.65537651917327,47.743969058586444],[16.654397498250383,47.74225112165735],[16.65187551999279,47.742911617907204],[16.647707784295086,47.74493581732217],[16.6424281168399,47.746318243050304],[16.636936073311574,47.748973430997495],[16.63565125542927,47.750956096845115],[16.636224445464556,47.75347681986927],[16.63458444791169,47.756726573994456],[16.6317584395874,47.75845592367126],[16.631485811337217,47.75974811334682],[16.627488764262793,47.75905252808647],[16.62516546779133,47.75776534241838],[16.61935403324121,47.75793646235263],[16.61459471922178,47.759728540947094],[16.609510372092487,47.76093065634114],[16.6064752852314,47.76107090240321],[16.601667381984694,47.75925043693922],[16.599419530663315,47.75878752201094],[16.59599435703214,47.75682350798494],[16.5933227022608,47.758456286505314],[16.589752699301506,47.759791313595876],[16.588171540535217,47.758657291005036],[16.58618164871073,47.75763654907349],[16.58524794183367,47.75614435817071],[16.580276479346292,47.75571240003956],[16.563680678407948,47.752281596273285],[16.545197453388386,47.752242639962816],[16.543182029094336,47.75002239722593],[16.543943976532155,47.748199065780334],[16.545436777102346,47.74681682352877],[16.54382484530157,47.74598356830443],[16.54600203666758,47.74387626761724],[16.54215308176442,47.74204186623608],[16.539944205865016,47.74304196274296],[16.534788735311388,47.74069163948882],[16.536057449241696,47.73900410102617],[16.5336858091214,47.73733785616481],[16.537381366248766,47.73427488330542],[16.5463630469975,47.7263761534081],[16.549449845908363,47.72321627974199],[16.544980306928004,47.720391455356705],[16.541819913829,47.71775076523214],[16.53871797678825,47.714494251280556],[16.537669720591282,47.71253594861969],[16.532687675956875,47.71211450972973],[16.531513069134043,47.711294971673276],[16.52787307185491,47.7114836241602],[16.525321245728886,47.711070455235905],[16.519581441136754,47.71195523617106],[16.51783720124373,47.71296197086587],[16.514137525661237,47.70761504532791],[16.51140053121376,47.708347297224776],[16.505283043467596,47.705502867087894],[16.500754367360887,47.70421385559965],[16.497219377411575,47.705449748284096],[16.494986821815136,47.70411003711086],[16.491953039739656,47.700040082652094],[16.48733476908017,47.69880218796469],[16.484436451598356,47.69874142611075],[16.48158269058924,47.695671273126045],[16.483275869517744,47.69344035478217],[16.481476447431376,47.69208088407594],[16.47800596329437,47.690950331747196],[16.474412129068597,47.691453380102494],[16.472756525874754,47.68987149643689],[16.473364508384737,47.68791643596251],[16.472183234450405,47.6847640168017],[16.471932858120393,47.68195563137691],[16.467575947910614,47.68306531197066],[16.466874825452184,47.68187576521031],[16.464723313514874,47.68207052243956],[16.45915425856857,47.68339386914097],[16.45719122069834,47.68482208235638],[16.451207049348085,47.69753391640162],[16.447936137256736,47.696979721077135],[16.44454765373676,47.69700515540072],[16.44481834972649,47.69237064916737],[16.44319260780388,47.690328430363685],[16.443213548027444,47.686663770544506],[16.442500949081907,47.68450518396979],[16.441021406788703,47.68224009364057],[16.43971457441615,47.677754287480326],[16.4405783500159,47.67572164968687],[16.44012202386971,47.674468614227195],[16.432343635138615,47.671003109339225],[16.426615965937245,47.669303940116166],[16.422780929764848,47.66858138363874],[16.418762235075995,47.66599463668965],[16.419065734321073,47.66540076884538],[16.421965786788203,47.66308714436631],[16.425191092674204,47.66148412622701],[16.430300056166335,47.66059806410395],[16.43533063169936,47.6579742629224],[16.437072637843958,47.657392470724645],[16.44450276022295,47.65714232821269],[16.447440481309574,47.65649513553265],[16.448663768267775,47.656420743676655],[16.452153653094054,47.65434954960279],[16.455782525565578,47.654354113143285],[16.459870852435593,47.651996099445476],[16.46563610410319,47.6524192589721],[16.468861793507624,47.6521503049735],[16.472249310254902,47.65089580515696],[16.476378171426937,47.65080798556366],[16.47985276789419,47.64862323018512],[16.48041053392895,47.64633864407348],[16.481811040323844,47.645631244043976],[16.48453925391377,47.642446836766915],[16.487042159455427,47.64210550752423],[16.48945389656647,47.642947123016775],[16.49504641447893,47.640047784040384],[16.497369899351778,47.64005693823502],[16.499662263599024,47.640751522621876],[16.503958946486055,47.63919382331793],[16.504732686297295,47.64077339951071],[16.509248494896607,47.643336456221846],[16.510885985566027,47.64503628269523],[16.510505721157624,47.64674444218165],[16.513624617929747,47.64607168961034],[16.516746310433323,47.64411083487022],[16.521039131725754,47.6426068072256],[16.526043993316044,47.64216465479167],[16.530252132792686,47.64047136316421],[16.533383046277688,47.638716250420785],[16.535695084888687,47.63845057206399],[16.53661635266984,47.637400055459686],[16.546028548970238,47.63428351483157],[16.54865163819429,47.63304066833837],[16.550318995040957,47.6309602412521],[16.55332844167394,47.629880883090145],[16.557321409600746,47.62772396100817],[16.55946982823716,47.625577021634015],[16.563029382943476,47.624879959133025],[16.56539257345743,47.62385373683287],[16.569747466721335,47.62055019100148],[16.574337397166946,47.61983948156456],[16.579267894836136,47.61942801214086],[16.581091708160532,47.61882642266604],[16.587467933694693,47.61815920186904],[16.594427535634022,47.61926581079377],[16.59707657774022,47.62044082642732],[16.598294327206986,47.620361277873805],[16.601417245991804,47.62176667334706],[16.60935816167876,47.62294397864876],[16.610832509935697,47.62338729297001],[16.616054906910012,47.626476228579904],[16.622502825305837,47.627534481369196],[16.624956996386814,47.62850346988435],[16.628784173909732,47.62887172854577],[16.632220447617527,47.6285303078147],[16.634841356188627,47.62744668400339],[16.63846393941843,47.62670438490982],[16.650150250037502,47.622933043767326],[16.650628492926995,47.62089554617374],[16.65364347396374,47.61590363618116],[16.65676152428962,47.60680316240791],[16.659324073099764,47.60613874114031],[16.666061438282533,47.60626477296968],[16.66886533894614,47.60688433447051],[16.670317991880978,47.605702298211604],[16.66769300290185,47.603013521268615],[16.66776072109294,47.60145873880515],[16.665348590528506,47.60008393588785],[16.663606944352512,47.59836462901859],[16.663643709211417,47.59692457803754],[16.667059259865088,47.59289840972828],[16.667573457307963,47.59142719459682],[16.67090771712416,47.58593489850536],[16.672469109879696,47.582760595561886],[16.672347637432747,47.57949448663649],[16.670333659917862,47.57668849826355],[16.66849622419263,47.57586369918991],[16.668292665852373,47.57202767311227],[16.664888589945313,47.57034572372112],[16.661341510239218,47.57006440213606],[16.660368296847604,47.569398933656224],[16.6616684495337,47.567127225562274],[16.66540836721507,47.56526114414049],[16.666105202783992,47.563083624433155],[16.668326987427545,47.56081233293228],[16.670510880395025,47.560289806017465],[16.67512080270063,47.56175967667253],[16.677008025059717,47.56158499876507],[16.68122403255176,47.56200858329739],[16.686114213135163,47.56018485556866],[16.68820699783358,47.55860261113364],[16.687263995845434,47.55624873077529],[16.68890787234975,47.5540537883818],[16.690446887689987,47.553120521562555],[16.691905966997414,47.550437335133296],[16.69538828894952,47.54633739596904],[16.69822343872887,47.54700685139786],[16.701356791019876,47.54643954748857],[16.703090885757113,47.54308240989157],[16.706536440424365,47.54393391763761],[16.708456187982392,47.54378386029344],[16.71174839819887,47.54062421828979],[16.70951244366443,47.53866079734313],[16.706805684204948,47.53744255066623],[16.700670763045146,47.534059756213345],[16.701427069030185,47.531484043761914],[16.70136576968547,47.52898854251462],[16.702519941721594,47.52698596303721],[16.70282078270522,47.52388678306067],[16.699730732943618,47.52215570302678],[16.697916997712102,47.521660594183075],[16.6920787195164,47.51824041501549],[16.69215505571652,47.51637137565032],[16.68841433984655,47.51290025788346],[16.687029387363918,47.51111551174613],[16.68385247827776,47.50982011462332],[16.682318913646114,47.50977272259749],[16.677306073672884,47.507872022182895],[16.673455405819556,47.50729944163427],[16.66754725473913,47.505113908767285],[16.66616256250403,47.50423966800388],[16.662171141087875,47.50801701589838],[16.65968606743475,47.50972774627954],[16.655146519675085,47.50716044780044],[16.652777594967723,47.50467754362343],[16.651132478818887,47.50175145883069],[16.649559959279543,47.50103285908685],[16.65026470992354,47.49922017116395],[16.65375870298451,47.49330180516375],[16.65876573477142,47.48644801237828],[16.65951685190282,47.483993781162596],[16.660949144206644,47.482390870730505],[16.6633357120035,47.482163641565805],[16.66539922869518,47.47997711997503],[16.66672710016699,47.47774919930073],[16.667706119797636,47.474951990096905],[16.666998502543272,47.47386903284935],[16.664705531918937,47.4726390294121],[16.661223000438277,47.46809741147839],[16.65966351853588,47.467031333998854],[16.65750797384503,47.46320807916651],[16.656971228665796,47.4613738983734],[16.657768144313483,47.46039616118662],[16.65810978591691,47.457834033397944],[16.6592441398403,47.45639763988556],[16.654622269959827,47.45428553803635],[16.65089271092924,47.45347780698175],[16.646324280111028,47.45200710943188],[16.64882097170977,47.44964018865848],[16.643437387179198,47.44730323973749],[16.637794995889458,47.44625015531378],[16.633535488553466,47.446532535393054],[16.629656904936482,47.44461012463021],[16.624058421736304,47.44234414173197],[16.621423367042595,47.43799357226572],[16.61972876708764,47.43704020409289],[16.619373933940558,47.43537752926786],[16.6175920129992,47.43145013947019],[16.614981383343,47.43154836202429],[16.61426011978631,47.43296849790466],[16.6125858339749,47.433117170725254],[16.610814948334923,47.4308042370227],[16.609024577645982,47.43232726685147],[16.606701693839724,47.4304270358175],[16.603208914766263,47.42944867694092],[16.602660070295688,47.427601404078644],[16.601044672257416,47.42622784200312],[16.59738712911357,47.42593798296383],[16.596596089895897,47.42481064501939],[16.59422655721115,47.42360186602763],[16.590699536595476,47.42301981685631],[16.588099970196826,47.42362574586751],[16.585114694932837,47.423478381971535],[16.584858979879975,47.42204803345767],[16.58611264782534,47.42007921450709],[16.580975146877336,47.42068912362137],[16.579006926137904,47.42036657368764],[16.576494414925392,47.41856849953592],[16.578597518478098,47.4173574374719],[16.57931819743083,47.41565740454955],[16.57232978096639,47.41304925084842],[16.572214871650605,47.41207308647079],[16.57380265214932,47.40935092492589],[16.572966932473676,47.40705896891354],[16.569338611186176,47.40646809097647],[16.566758950068913,47.407034086989334],[16.56158278699184,47.4068149542407],[16.55737295703407,47.407687796532976],[16.551118638341862,47.40716268031226],[16.54824575097453,47.40616491272042],[16.543513769572407,47.406303044724034],[16.540031444795563,47.40827290283432],[16.53717655260575,47.410754938005155],[16.53278571057915,47.409808386722815],[16.529096242991614,47.41106309818415],[16.52371810043587,47.40958690727061],[16.52224031018149,47.411077482931994],[16.515997460086133,47.410629191080595],[16.514127475623045,47.41129192700394],[16.51228591758013,47.40901739077816],[16.510909404271057,47.40592801226566],[16.506925765494838,47.40664258018145],[16.50544526782375,47.40621637923955],[16.505092021355875,47.404456872537175],[16.507574890454514,47.40139913677386],[16.507187923309242,47.39722731447095],[16.504158224075162,47.39599959939025],[16.500768328415784,47.39390163697506],[16.499894237005574,47.3939539407564],[16.497668513078462,47.39180906141464],[16.493741752542498,47.39062094412434],[16.493780718135298,47.396996912483964],[16.491182343869443,47.3966013355663],[16.490305848621766,47.394844627535825],[16.48784971999614,47.39563406292875],[16.486041204870563,47.39518776529334],[16.485492038600235,47.39982603026327],[16.481603286808635,47.397924603827086],[16.481178885791955,47.40142073143255],[16.483042529182875,47.40368827426539],[16.486857085780322,47.40583141990784],[16.48659390656416,47.40703299746473],[16.482558817152228,47.40959898964079],[16.47721667117345,47.4101299090774],[16.473188515455973,47.409567797451196],[16.46324840930062,47.41209456643493],[16.461620420813077,47.413457399526685],[16.45826070838705,47.41307269293795],[16.455909694105863,47.413685371410274],[16.452928207809354,47.41319275290923],[16.45074143454782,47.411568119662306],[16.44703449639386,47.41090223878598],[16.444082110709132,47.40927329017445],[16.44263969316166,47.40742908321305],[16.44359379585016,47.40442789619268],[16.443236702312433,47.4024463934924],[16.444840129574434,47.399973218332065],[16.44471395622536,47.3985498519387],[16.448457281070574,47.39297828470219],[16.450829888489753,47.39105621329594],[16.452677452560632,47.38885080429193],[16.452691971494534,47.38771319474573],[16.45476380685277,47.38559725765162],[16.451922117548868,47.38414795216208],[16.4492644929987,47.381828205301254],[16.44839336672672,47.378432833564],[16.449995072678238,47.376388856240574],[16.45225363511289,47.37509161936579],[16.453941811902535,47.3729293277788],[16.45421358162934,47.367931263774615],[16.452790112644795,47.36532307035042],[16.448374685742287,47.36119828206127],[16.44955328700683,47.35779727497073],[16.443648108568805,47.35819912154311],[16.440713943841423,47.35687492272864],[16.43457676987914,47.35606336937026],[16.431786114441447,47.3549203727556],[16.430978378251755,47.35361641726944],[16.436186767656643,47.349906162844725],[16.441805451939082,47.34711423033031],[16.442934010192857,47.3439503952029],[16.444907593178964,47.34070283821624],[16.447310824510335,47.33945430218347],[16.454313459454887,47.3399472967449],[16.456042161465785,47.339339052221],[16.460229585514284,47.33650737722064],[16.461981555229784,47.33381611119801],[16.460320519469036,47.33230897527061],[16.461339277807806,47.330072091446],[16.465731805501935,47.325930564823636],[16.46659538271544,47.323008282470134],[16.46644674764397,47.31937419255156],[16.46745425710968,47.31758545062896],[16.472013108631327,47.312845732627764],[16.472117100562794,47.31147655181061],[16.476075167229684,47.30219159462007],[16.478991616755646,47.298434342326296],[16.47925893288243,47.29500570330697],[16.47994276481009,47.293446455698955],[16.479201608985097,47.29213153378453],[16.480886241752568,47.28993675910643],[16.480983069460322,47.28840305485503],[16.484719043025592,47.28438843043735],[16.485180819353833,47.28251910651267],[16.486642465140417,47.28098298497597],[16.48091442971408,47.27856695648393],[16.47709811167511,47.27895582696453],[16.47536651328228,47.27580197324926],[16.474544869648067,47.272993243482254],[16.4756409904101,47.26365304271657],[16.47664564523487,47.2628269770396],[16.4730091786041,47.25981544665892],[16.470929614258765,47.259036375939274],[16.46621859105104,47.2558891388706],[16.464348258622014,47.25359137134156],[16.462947606979675,47.254817391031786],[16.458268691950444,47.2567030026346],[16.452063388198006,47.25438362084474],[16.44379375410964,47.254066822410856],[16.445896736362272,47.25116786486032],[16.43960263610151,47.25154577652118],[16.429002960234516,47.253644138689154],[16.42769378317476,47.25105269418027],[16.438920397794465,47.24931755405795],[16.438482125585804,47.24659489229411],[16.439700338266437,47.241487829425694],[16.439561530344893,47.23939932881019],[16.439969618644156,47.23444174111294],[16.43864221386999,47.23438497426322],[16.43794276892585,47.2326586994655],[16.438445346931047,47.231133093361436],[16.435408278145424,47.2306772854285],[16.43539617674956,47.2268305571325],[16.43463990734898,47.22246756798505],[16.43653285147036,47.21858537339299],[16.434804282911404,47.21731951509427],[16.432742633994614,47.217109776693356],[16.43222110906367,47.216085338064296],[16.432511563680723,47.21289665285961],[16.433813475184145,47.21064460105077],[16.425532412829185,47.21080360345469],[16.42156218399793,47.208519857688756],[16.419487238484788,47.20870952364939],[16.41824126226461,47.21140913217442],[16.41612493992565,47.21124227347596],[16.41583822566657,47.2096008025517],[16.41411312421021,47.20603833787363],[16.415264769674664,47.205324992098134],[16.415532448666788,47.203021890286735],[16.417403266332705,47.20021057519587],[16.418314416059623,47.197824486953344],[16.41672691493202,47.195633911619154],[16.417603711325473,47.19504863762309],[16.423369232687985,47.187739677465615],[16.425416864222026,47.18573753299915],[16.42996658917767,47.18524761296938],[16.43828980489528,47.185841551306694],[16.44351272884238,47.18793542967632],[16.447957838221022,47.188991277552255],[16.45046806412569,47.18882085596126],[16.45206960070873,47.1879869217858],[16.450840652236167,47.18662632471631],[16.45104125254221,47.18476851214922],[16.453824657786758,47.18005094047556],[16.4545764715941,47.177473191803266],[16.45653421122549,47.17723977856497],[16.459485720186443,47.17131796265337],[16.46055409870974,47.171638921991324],[16.461448917589838,47.168883119258815],[16.45823841380176,47.168188557985616],[16.45813806763443,47.164030995118424],[16.45958108676083,47.16217029540556],[16.45746503050061,47.1617134745288],[16.457831651556045,47.15978174293738],[16.455423124755185,47.1589818985406],[16.455455162767073,47.1579486859076],[16.450331122240158,47.15840877543619],[16.448000649136635,47.15314548740078],[16.446280731799472,47.15257713564011],[16.447512324156772,47.14704654100867],[16.448492910618885,47.145516054959394],[16.44982352337655,47.14594086313005],[16.451514619913517,47.14300862345645],[16.45625192961128,47.1437310551233],[16.456371209131163,47.14264456814937],[16.463421598468795,47.143476913266795],[16.465923857774595,47.14345201111813],[16.47378954427265,47.145203751684555],[16.482555459768868,47.148483264617894],[16.487683608550693,47.14956353138926],[16.49296301714244,47.14993381780706],[16.501035065827356,47.14996457457823],[16.50623531978826,47.150260087829565],[16.51399006508071,47.15003230630821],[16.516817297157676,47.146574657261],[16.519862545496625,47.14070000848874],[16.523781377255666,47.137582156704845],[16.525997603186735,47.1380179949921],[16.526546030570046,47.12794164170327],[16.51926613816921,47.12700232169241],[16.512710008439758,47.1253970902825],[16.506712717719445,47.12462357123554],[16.498184460101307,47.12433928132991],[16.497089227248306,47.12411363545492],[16.497933192739442,47.11090830705915],[16.480095871852978,47.1094613316384],[16.481981149246042,47.10331239183721],[16.47489546062376,47.10211634008323],[16.471875624261866,47.105859042079786],[16.468942834722633,47.10276032917207],[16.469844949839835,47.101258344455545],[16.461827485158516,47.09965089474552],[16.46357698654631,47.096448450931504],[16.460617730797367,47.09569429683833],[16.46369504675002,47.091157327608606],[16.465646202523978,47.09040254430753],[16.465572821232865,47.088972576382496],[16.467721389736496,47.087932436891904],[16.4694801775293,47.087920674978015],[16.471946981875412,47.08601969853077],[16.470774470604773,47.08263570144435],[16.469200591282345,47.08209730821457],[16.468059093965795,47.07890352251956],[16.469426654812963,47.07668539237163],[16.47012456730566,47.07428347023618],[16.479679908381783,47.07572574857361],[16.480145789454216,47.073273262023314],[16.48189131956071,47.070718690442945],[16.483484142793138,47.07106447706018],[16.48450167558544,47.06953996729686],[16.48831572683754,47.071221864371715],[16.491261526192947,47.071280623035044],[16.49739023195891,47.07039623136358],[16.500292882320657,47.06895090685323],[16.507278128430848,47.06697551084962],[16.51144160954454,47.064780095219945],[16.517691924838818,47.06224328918525],[16.517789945695608,47.05689154497335],[16.511460390046846,47.05434555698922],[16.509360959582274,47.05249153565845],[16.503762895214997,47.05033524359656],[16.498042891375686,47.05140020473676],[16.494996094337015,47.04918113301687],[16.4920086545986,47.04987442887021],[16.490832643540873,47.049179317628926],[16.48160396704737,47.04767474529614],[16.48133580847912,47.04860232580739],[16.473066039289137,47.047537321077236],[16.47030644597229,47.04676752453895],[16.468159474758625,47.044870247959],[16.464622621172055,47.04367673374849],[16.458504679430146,47.04401216599783],[16.45575448773712,47.04336378691128],[16.453472130630193,47.040967040074854],[16.4484602172117,47.04078654143369],[16.444142744273073,47.03998221022226],[16.440884122961457,47.03892903301889],[16.43739886698701,47.03660172181182],[16.441262173375335,47.035106604003374],[16.43610369784887,47.03041323226865],[16.442323856146,47.0261114449007],[16.4449980768607,47.02336947152542],[16.448130287792907,47.025800232865016],[16.453216847957222,47.02892033792675],[16.45650089460446,47.03130052021362],[16.460604294760117,47.03293071646763],[16.46225184481831,47.031178692449124],[16.46341251440909,47.031863785187],[16.46491536539211,47.030346778206734],[16.46772516917643,47.0287437055289],[16.469434183652105,47.02901053192349],[16.472309280627805,47.0279851080485],[16.47491250733097,47.02203491500036],[16.479054561637895,47.023296951211194],[16.481012139154675,47.02063885335813],[16.480865814716033,47.01873002786179],[16.483628292789522,47.017272826776605],[16.483902198109757,47.015966046018264],[16.485691485163734,47.015332391706075],[16.48609643875198,47.01399630021337],[16.48845356401016,47.01303137623064],[16.489742666748867,47.010867066630965],[16.493325064717677,47.01090077297841],[16.501454622933384,47.007687407587625],[16.505892303937483,47.0043115632082],[16.509573585138316,47.00420041755646],[16.509544391553824,47.002267971079924],[16.506832497865474,47.001123425582016],[16.50131552346115,47.00248137110297],[16.498662793343033,46.99999391832339],[16.494144531251354,46.998906466817594],[16.49083302724265,46.99975399985976],[16.490861443002196,47.00057754885668],[16.48706508641419,47.00021617603694],[16.484376669486018,46.99783035119625],[16.484003722453924,46.99641563093362],[16.48088429797676,46.99495770539774],[16.47839537655894,46.99568147276258],[16.476436428389217,46.99451878292172],[16.475087418282172,46.99577030228363],[16.47145558369079,46.99680236508216],[16.47099060587407,46.998093321050376],[16.469149568093442,46.99771159522644],[16.467860562205697,46.998514169052505],[16.465165548331083,46.99835542376316],[16.4637815752373,46.99901963961688],[16.460973977883345,46.997769239871275],[16.459007343507064,47.00053304873853],[16.456400658841567,47.00128900805976],[16.449865081987966,47.00385993507105],[16.448512770538766,47.0048697802965],[16.443305931678182,47.003248381930234],[16.444207456755716,47.00002446465386],[16.443738949284153,46.996880775558175],[16.442694292334455,46.9939077588485],[16.43930732912349,46.99409532629481],[16.43636347886005,46.99374874851239],[16.432281341633445,46.99409639927077],[16.430266378926913,46.99346864591662],[16.424683505828202,46.9938368845392],[16.42170257963361,46.99533847841595],[16.419736220498212,46.995489222848214],[16.41639473141964,46.99757192595075],[16.414257075859755,47.002089910824225],[16.409836754663726,47.0054409287023],[16.408002659057203,47.004690540730664],[16.403348172520474,47.00494564750871],[16.40040452725632,47.004758498057015],[16.39725989421143,47.00403262788268],[16.39242498127104,47.00426964516576],[16.38904091496623,47.00367165790944],[16.38373849435677,47.00112410683754],[16.380304202531338,46.999486630866656],[16.376895566803405,46.999889916764694],[16.37400851183969,47.00081535735757],[16.370075116203388,46.99910054324245],[16.36754546310783,47.00164348852924],[16.36496292061237,47.00493607028513],[16.364487832510566,47.00696796079668],[16.361828149912917,47.008079613542556],[16.359711968084373,47.007859065829514],[16.35684380655031,47.00625883183635],[16.353113331148286,47.00813347700909],[16.35103166132552,47.008665624841456],[16.34705279963339,47.01110170494283],[16.345465152812643,47.01028255232347],[16.344990908231996,47.00816870613645],[16.3432381161841,47.006997686307884],[16.341065286602582,47.00464205746629],[16.342596832408848,47.002881146735064],[16.34015105970244,46.999794818816234],[16.341331136508106,46.99878565762265],[16.3405744125301,46.997387133041016],[16.3366628525305,46.997391204121],[16.331561233619148,46.99913455812302],[16.330033597430056,47.00004752659275],[16.32483403310191,47.00124234779913],[16.321190891211447,47.00314027581859],[16.319681953878646,47.003264715475744],[16.315905963932803,47.00173076798423],[16.310082665326053,47.00080364119007],[16.308001810643567,46.999934700940834],[16.29948484882968,46.999134689026306],[16.295779367400865,47.00208718980212],[16.29595589732107,47.00677492785637],[16.29665363345171,47.0090958664566],[16.29395048235928,47.01107594275495],[16.29211998657552,47.01315098748751],[16.289801340404505,47.01465424064906],[16.286511552627722,47.01412270172017],[16.284357639623604,47.0119716632571],[16.28296710468729,47.00913471006018],[16.279869751599772,47.004796024073094],[16.279164151455177,46.99963913070965],[16.28067716485208,46.9982104930381],[16.277303285294682,46.99066648579046],[16.275655090503786,46.988914950427606],[16.274280927445986,46.98846569115227],[16.273113743550358,46.985099890237194],[16.27300812341683,46.98191089006333],[16.27435146082905,46.975615420531916],[16.274116453094578,46.97266379423229],[16.274658520923786,46.97129856267199],[16.274636060557885,46.96798764878104],[16.273627959662708,46.963373980331795],[16.271581339413864,46.962589168728684],[16.269222033413715,46.96306436458892],[16.26653568773216,46.96189416193001],[16.26146511247506,46.96403698169341],[16.25656106752577,46.964917118925825],[16.253806155128434,46.964479885411535],[16.252534754682205,46.96490969573436],[16.24666292962125,46.96201122316309],[16.240021286287952,46.95673701115836],[16.24375529322172,46.95024130057688],[16.24221429302826,46.949761661629125],[16.24274581010847,46.94734707741666],[16.24166196777735,46.94683922548392],[16.23639104334946,46.947974104333795],[16.234115852336654,46.94640979185375],[16.231585919000047,46.94594657375168],[16.229328155119877,46.94337732237307],[16.225592821055322,46.943866500044464],[16.223656487585384,46.94093688782645],[16.221303086979265,46.940928964947375],[16.219947220822124,46.939333943788135],[16.21998525922563,46.93768767016795],[16.218718680524663,46.936272695349864],[16.21466980311755,46.93681677385887],[16.215406330815444,46.938216363798084],[16.215439120013432,46.940684698210596],[16.21286202527102,46.9399319837495],[16.211061634730175,46.94136043555377],[16.20944758937185,46.940888072125404],[16.20724352130954,46.94320062412089],[16.20659368637287,46.940908656062874],[16.204378543112814,46.93977435533083],[16.20313909132469,46.943248124411475],[16.197114643784786,46.9424966252946],[16.19615992546627,46.94091641557983],[16.19475542672988,46.940658521397594],[16.191913100556413,46.93855073176676],[16.189806168479247,46.93214858155597],[16.18774259160214,46.93072401153375],[16.18680645789779,46.92731493929385],[16.185823986747806,46.92633870556222],[16.184096574109066,46.92174354838971],[16.181146313175113,46.91920029216237],[16.177674443187634,46.91315964038995],[16.177461282017944,46.910675878375784],[16.176434891954955,46.907343743319686],[16.172916634896275,46.90614378717025],[16.171473130690313,46.90671648975013],[16.168593604124755,46.904287590490455],[16.165953968105097,46.90497901425814],[16.164932412308335,46.90388762784064],[16.160207957090577,46.90558224631256],[16.159291180730424,46.90297601540325],[16.15765120668453,46.90267935572824],[16.155990272328612,46.90073118693119],[16.154978635098246,46.89751935894689],[16.150571697851454,46.897097271037524],[16.151190912259903,46.89436067423768],[16.14596468639648,46.89359062884365],[16.145707617793533,46.890997010890636],[16.14235700194904,46.88674928098653],[16.13950100618029,46.885747013039065],[16.135956450626278,46.885859532165746],[16.134865368979547,46.882731551315324],[16.13351069241493,46.88040654398603],[16.131188260682762,46.87858334901602],[16.130048977984192,46.876251904972186],[16.12741502847824,46.8758552146985],[16.1235606740125,46.87394433024527],[16.122127122818306,46.87399791992964],[16.121185381053905,46.872556401920086],[16.11903105854647,46.873277214613914],[16.11593313049104,46.872614635688656],[16.114651225262516,46.87147107141632],[16.1127062979213,46.871010033600754],[16.111076655914257,46.86976179152479],[16.107501383470012,46.86951648799406],[16.104913116648518,46.86746475901486],[16.104109577598106,46.866074471954974],[16.100761561821713,46.86471993036214],[16.09803164820245,46.863154016308705],[16.097185647925365,46.86140863466916],[16.09502994719939,46.86152273248917],[16.093509777486922,46.86456453632568],[16.091310885842212,46.86531237727571],[16.089141127913905,46.86528228567972],[16.087362404774087,46.86438344185497],[16.085116640030808,46.86016761817552],[16.080573225805704,46.85668991037471],[16.079436254411917,46.85669066546422],[16.076193276264604,46.85330639161295],[16.0732615585569,46.853904718060626],[16.07211946089188,46.85346498908096],[16.068679952896655,46.85377512693114],[16.067154808162346,46.85187246214845],[16.064898937361765,46.85078619405948],[16.06292885586225,46.85059656895981]]]]}}]}