{"type":"FeatureCollection","features":[{"type":"Feature","id":"STATISTIK_AUSTRIA_POLBEZ_20250101.101","geometry":{"type":"MultiPolygon","coordinates":[[[[16.4838,47.869],[16.5298,47.8748],[16.5337,47.8782],[16.5422,47.8758],[16.5665,47.8839],[16.584,47.8587],[16.5853,47.8511],[16.5783,47.8422],[16.5804,47.8393],[16.5504,47.8309],[16.5405,47.8231],[16.5387,47.8101],[16.5466,47.7941],[16.5307,47.7935],[16.5262,47.8006],[16.5085,47.8113],[16.489,47.8295],[16.4875,47.8365],[16.4973,47.8424],[16.4914,47.85],[16.4919,47.8589],[16.484,47.8637],[16.4838,47.869]]]]},"geometry_name":"geom","properties":{"g_id":"101","g_name":"Eisenstadt(Stadt)"},"bbox":[16.4838,47.7935,16.5855,47.884]},{"type":"Feature","id":"STATISTIK_AUSTRIA_POLBEZ_20250101.102","geometry":{"type":"MultiPolygon","coordinates":[[[[16.642,47.8188],[16.6502,47.8237],[16.6671,47.8259],[16.6669,47.8155],[16.6751,47.817],[16.7318,47.8094],[16.7245,47.7818],[16.6583,47.7895],[16.6494,47.7976],[16.642,47.8188]]]]},"geometry_name":"geom","properties":{"g_id":"102","g_name":"Rust(Stadt)"},"bbox":[16.642,47.7818,16.7318,47.8259]},{"type":"Feature","id":"STATISTIK_AUSTRIA_POLBEZ_20250101.103","geometry":{"type":"MultiPolygon","coordinates":[[[[16.3479,47.8679],[16.3557,47.8661],[16.3693,47.8702],[16.3821,47.8751],[16.3888,47.8816],[16.4003,47.876],[16.4125,47.8814],[16.4081,47.8844],[16.4162,47.8904],[16.4095,47.8927],[16.42,47.8947],[16.4229,47.9028],[16.4197,47.9061],[16.4245,47.9117],[16.4192,47.9131],[16.4271,47.9156],[16.427,47.9197],[16.4487,47.9339],[16.4667,47.9399],[16.4792,47.9373],[16.4894,47.943],[16.5051,47.9384],[16.5133,47.9414],[16.5128,47.9437],[16.5187,47.9436],[16.5235,47.9346],[16.5529,47.9116],[16.5564,47.9022],[16.5662,47.8991],[16.5727,47.8936],[16.574,47.8863],[16.5777,47.8871],[16.59,47.9013],[16.6011,47.9056],[16.6241,47.9259],[16.6323,47.9295],[16.6305,47.9394],[16.6333,47.9457],[16.6523,47.9492],[16.6516,47.9557],[16.6593,47.9612],[16.6648,47.9569],[16.6949,47.9642],[16.6997,47.9669],[16.7011,47.9738],[16.7256,47.9582],[16.7529,47.9458],[16.8042,47.9026],[16.7411,47.8446],[16.7318,47.8094],[16.6751,47.817],[16.6669,47.8155],[16.6671,47.8259],[16.6502,47.8237],[16.642,47.8188],[16.6494,47.7976],[16.6583,47.7895],[16.7245,47.7818],[16.7197,47.7635],[16.7209,47.7353],[16.6558,47.7417],[16.6397,47.7483],[16.6343,47.759],[16.6255,47.7569],[16.61,47.7604],[16.5988,47.7561],[16.5925,47.7591],[16.588,47.7554],[16.5667,47.7516],[16.548,47.7515],[16.546,47.7493],[16.5488,47.7432],[16.5376,47.74],[16.5262,47.7457],[16.5208,47.7447],[16.5106,47.7502],[16.5095,47.7578],[16.4973,47.7639],[16.5062,47.777],[16.5013,47.7866],[16.4921,47.7868],[16.4889,47.7925],[16.4696,47.7937],[16.4652,47.7882],[16.4466,47.804],[16.4388,47.8001],[16.4062,47.8032],[16.4029,47.7987],[16.3853,47.8062],[16.3803,47.8132],[16.3623,47.8233],[16.3772,47.8273],[16.3719,47.8311],[16.388,47.8426],[16.3479,47.8679]],[[16.4838,47.869],[16.484,47.8637],[16.4919,47.8589],[16.4914,47.85],[16.4973,47.8424],[16.4875,47.8365],[16.489,47.8295],[16.5085,47.8113],[16.5262,47.8006],[16.5307,47.7935],[16.5466,47.7941],[16.5387,47.8101],[16.5405,47.8231],[16.5504,47.8309],[16.5804,47.8393],[16.5783,47.8422],[16.5853,47.8511],[16.584,47.8587],[16.5665,47.8839],[16.5422,47.8758],[16.5337,47.8782],[16.5298,47.8748],[16.4838,47.869]]]]},"geometry_name":"geom","properties":{"g_id":"103","g_name":"Eisenstadt-Umgebung"},"bbox":[16.3479,47.7353,16.8042,47.9738]},{"type":"Feature","id":"STATISTIK_AUSTRIA_POLBEZ_20250101.104","geometry":{"type":"MultiPolygon","coordinates":[[[[16.0793,47.2258],[16.0879,47.2346],[16.1239,47.2295],[16.1301,47.2122],[16.1509,47.201],[16.1661,47.2025],[16.1768,47.1998],[16.1934,47.2138],[16.2373,47.2124],[16.2531,47.2012],[16.2818,47.1958],[16.2841,47.1872],[16.2996,47.1873],[16.3277,47.1785],[16.3265,47.1699],[16.3185,47.1569],[16.3275,47.14],[16.36,47.1362],[16.3863,47.1369],[16.3953,47.1349],[16.3975,47.1288],[16.4065,47.1325],[16.4206,47.1253],[16.4165,47.1224],[16.4184,47.1181],[16.4256,47.12],[16.4263,47.1236],[16.4463,47.1278],[16.4416,47.1338],[16.4482,47.1356],[16.4543,47.1423],[16.4692,47.1428],[16.4905,47.1489],[16.5168,47.1493],[16.5227,47.1399],[16.5288,47.1373],[16.5293,47.1272],[16.4999,47.1234],[16.5007,47.1102],[16.4829,47.1088],[16.4848,47.1026],[16.4777,47.1014],[16.4746,47.1052],[16.4726,47.1005],[16.4646,47.099],[16.4664,47.0957],[16.4633,47.095],[16.466,47.0893],[16.4747,47.0853],[16.4708,47.0782],[16.4729,47.0736],[16.4825,47.075],[16.4873,47.0688],[16.4958,47.0705],[16.5101,47.0663],[16.5204,47.0616],[16.5206,47.0562],[16.5067,47.0496],[16.4757,47.0468],[16.4458,47.039],[16.4402,47.036],[16.4441,47.0345],[16.4389,47.0297],[16.4478,47.0227],[16.4637,47.0322],[16.4751,47.0273],[16.4777,47.0213],[16.4822,47.0227],[16.4926,47.0101],[16.5123,47.0016],[16.497,46.9982],[16.4892,47.0004],[16.4868,46.9957],[16.4792,46.9938],[16.4738,46.9974],[16.4636,46.9971],[16.4604,47.0015],[16.4514,47.0043],[16.4461,47.0025],[16.4455,46.9932],[16.432,46.9927],[16.4197,46.9964],[16.4126,47.0047],[16.3728,46.9984],[16.3673,47.0063],[16.3596,47.0056],[16.3498,47.0104],[16.3438,47.0039],[16.3418,46.9962],[16.3225,47.0026],[16.3023,46.9984],[16.2985,47.0016],[16.2994,47.0085],[16.2893,47.0134],[16.2885,47.0178],[16.2798,47.0153],[16.2682,47.0198],[16.2574,47.016],[16.2574,47.0119],[16.2511,47.0155],[16.2471,47.0141],[16.2479,47.0184],[16.2434,47.0203],[16.235,47.0181],[16.2346,47.0222],[16.2382,47.0252],[16.2333,47.0285],[16.2446,47.04],[16.2436,47.0436],[16.2398,47.0424],[16.2318,47.0479],[16.1738,47.046],[16.1645,47.0378],[16.1625,47.0425],[16.1549,47.0443],[16.1483,47.0508],[16.1486,47.0718],[16.1364,47.0717],[16.129,47.0759],[16.1467,47.0954],[16.1523,47.0972],[16.1549,47.1047],[16.1469,47.1073],[16.1401,47.1141],[16.1378,47.131],[16.1153,47.1324],[16.1135,47.135],[16.1152,47.1391],[16.1124,47.141],[16.1169,47.1439],[16.111,47.1566],[16.1137,47.1614],[16.1068,47.1714],[16.1035,47.1862],[16.0987,47.188],[16.101,47.1891],[16.097,47.1915],[16.0973,47.1956],[16.0909,47.1994],[16.0928,47.2004],[16.0904,47.203],[16.0935,47.2037],[16.0894,47.2063],[16.091,47.2092],[16.0858,47.2106],[16.0855,47.2162],[16.0885,47.2181],[16.0852,47.2178],[16.0824,47.2268],[16.0793,47.2258]]]]},"geometry_name":"geom","properties":{"g_id":"104","g_name":"Güssing"},"bbox":[16.0793,46.9927,16.5293,47.2349]},{"type":"Feature","id":"STATISTIK_AUSTRIA_POLBEZ_20250101.105","geometry":{"type":"MultiPolygon","coordinates":[[[[15.9962,46.8354],[16.0008,46.8366],[16.0061,46.8453],[16.0011,46.849],[16.0084,46.8579],[16.0088,46.8735],[16.0138,46.8846],[16.0357,46.8928],[16.0365,46.903],[16.0462,46.9098],[16.0514,46.9087],[16.0611,46.9129],[16.0629,46.9248],[16.0702,46.9355],[16.0951,46.9344],[16.095,46.9533],[16.1006,46.961],[16.1093,46.966],[16.1069,46.972],[16.1133,46.9799],[16.1186,46.9801],[16.1217,46.9907],[16.1343,46.9948],[16.1555,46.9923],[16.1478,46.9945],[16.1507,46.9951],[16.1466,46.9984],[16.149,47.0005],[16.1432,46.9977],[16.142,47.0029],[16.1381,47.0025],[16.1393,47.0046],[16.1352,47.007],[16.1402,47.009],[16.1308,47.0119],[16.1326,47.0155],[16.12,47.0244],[16.124,47.0239],[16.1244,47.027],[16.1143,47.0296],[16.1214,47.0308],[16.1149,47.032],[16.1144,47.0351],[16.1215,47.0396],[16.118,47.0412],[16.1211,47.0447],[16.1172,47.0488],[16.1112,47.0488],[16.1047,47.0608],[16.0972,47.0586],[16.099,47.0605],[16.0865,47.0742],[16.0895,47.0756],[16.0876,47.0803],[16.0903,47.0825],[16.0864,47.0876],[16.0942,47.0936],[16.0907,47.0982],[16.0925,47.1087],[16.0959,47.1095],[16.0951,47.1131],[16.1052,47.1142],[16.1091,47.1269],[16.115,47.1332],[16.1378,47.131],[16.1401,47.1141],[16.1469,47.1073],[16.1549,47.1047],[16.1523,47.0972],[16.1467,47.0954],[16.129,47.0759],[16.1364,47.0717],[16.1486,47.0718],[16.1483,47.0508],[16.1549,47.0443],[16.1625,47.0425],[16.1645,47.0378],[16.1738,47.046],[16.2318,47.0479],[16.2398,47.0424],[16.2436,47.0436],[16.2446,47.04],[16.2333,47.0285],[16.2382,47.0252],[16.2346,47.0222],[16.235,47.0181],[16.2434,47.0203],[16.2479,47.0184],[16.2471,47.0141],[16.2511,47.0155],[16.2574,47.0119],[16.2574,47.016],[16.2682,47.0198],[16.2789,47.0154],[16.2894,47.0171],[16.2826,47.0041],[16.2835,46.9975],[16.2757,46.9839],[16.2764,46.9626],[16.2548,46.964],[16.2428,46.956],[16.247,46.9492],[16.2455,46.9466],[16.2375,46.9469],[16.2327,46.9419],[16.2284,46.9432],[16.2218,46.9355],[16.2174,46.9361],[16.2176,46.9409],[16.2159,46.9391],[16.21,46.9425],[16.2075,46.9389],[16.2059,46.9425],[16.1999,46.9418],[16.1934,46.9357],[16.1792,46.9066],[16.1708,46.9034],[16.163,46.9049],[16.1584,46.8972],[16.1487,46.8931],[16.1451,46.886],[16.1387,46.8852],[16.1329,46.8756],[16.1102,46.8688],[16.0993,46.8604],[16.0919,46.8646],[16.0793,46.8527],[16.0656,46.8499],[16.066,46.8461],[16.0584,46.8387],[16.0546,46.8405],[16.0512,46.8372],[16.043,46.8408],[16.0324,46.8327],[16.0339,46.8355],[16.0273,46.8411],[16.0077,46.8306],[15.9962,46.8354]]]]},"geometry_name":"geom","properties":{"g_id":"105","g_name":"Jennersdorf"},"bbox":[15.9962,46.8306,16.2895,47.1332]},{"type":"Feature","id":"STATISTIK_AUSTRIA_POLBEZ_20250101.106","geometry":{"type":"MultiPolygon","coordinates":[[[[16.2686,47.792],[16.2772,47.8097],[16.2859,47.8115],[16.3147,47.8048],[16.3078,47.8034],[16.3109,47.7969],[16.3075,47.7908],[16.3156,47.7846],[16.3233,47.7882],[16.3317,47.8006],[16.3435,47.8014],[16.3475,47.8046],[16.3488,47.8169],[16.3602,47.8232],[16.3803,47.8132],[16.3853,47.8062],[16.4029,47.7987],[16.4062,47.8032],[16.4388,47.8001],[16.4466,47.804],[16.4652,47.7882],[16.4714,47.7937],[16.4889,47.7925],[16.4921,47.7868],[16.5013,47.7866],[16.5062,47.777],[16.4983,47.7626],[16.5095,47.7578],[16.5112,47.7496],[16.5376,47.74],[16.5365,47.7366],[16.5522,47.7225],[16.5404,47.7118],[16.5206,47.7123],[16.5169,47.7069],[16.5,47.7048],[16.4937,47.6987],[16.4871,47.698],[16.4846,47.6914],[16.4759,47.69],[16.4748,47.6813],[16.4619,47.6827],[16.454,47.6968],[16.4473,47.6963],[16.4433,47.6741],[16.4215,47.6653],[16.4044,47.637],[16.3848,47.6328],[16.3754,47.6389],[16.3602,47.6574],[16.3591,47.6641],[16.3517,47.6717],[16.3567,47.6795],[16.3336,47.6785],[16.3087,47.6872],[16.3108,47.6936],[16.3046,47.6973],[16.3025,47.707],[16.2925,47.7184],[16.2911,47.7286],[16.2967,47.74],[16.2944,47.7446],[16.2994,47.7487],[16.2997,47.7603],[16.2938,47.7683],[16.3037,47.7848],[16.2785,47.7927],[16.274,47.7903],[16.2686,47.792]]]]},"geometry_name":"geom","properties":{"g_id":"106","g_name":"Mattersburg"},"bbox":[16.2686,47.6328,16.5522,47.8233]},{"type":"Feature","id":"STATISTIK_AUSTRIA_POLBEZ_20250101.107","geometry":{"type":"MultiPolygon","coordinates":[[[[16.6955,47.9858],[16.7014,47.9877],[16.7029,48.0124],[16.705,48.0097],[16.7124,48.0127],[16.735,48.0096],[16.7394,48.011],[16.7374,48.0142],[16.7463,48.015],[16.7536,48.0119],[16.782,48.0231],[16.7862,48.0207],[16.7943,48.0229],[16.7997,48.0289],[16.8278,48.0283],[16.838,48.0328],[16.837,48.0376],[16.8287,48.0389],[16.8355,48.0449],[16.8427,48.0461],[16.8469,48.0542],[16.845,48.055],[16.8503,48.0573],[16.8561,48.0546],[16.8592,48.058],[16.8577,48.0608],[16.8614,48.0601],[16.8602,48.0633],[16.8672,48.0658],[16.8698,48.0708],[16.8721,48.0694],[16.8741,48.0723],[16.8823,48.0682],[16.8899,48.0746],[16.9171,48.0674],[16.92,48.0629],[16.9152,48.0567],[16.9198,48.0509],[16.9489,48.0474],[16.9715,48.0398],[16.975,48.0351],[16.9718,48.0361],[16.969,48.0262],[16.9792,48.0234],[16.9865,48.0289],[16.9971,48.0528],[17.017,48.074],[16.9778,48.0951],[16.9686,48.0962],[16.9755,48.1056],[16.982,48.1045],[16.9855,48.1072],[16.9855,48.112],[16.9976,48.1092],[17.0044,48.0987],[17.0202,48.1056],[17.0288,48.1001],[17.0025,48.0927],[17.036,48.0843],[17.043,48.1032],[17.0639,48.1098],[17.062,48.1132],[17.0667,48.1187],[17.0771,48.1151],[17.0729,48.1103],[17.0927,48.0997],[17.0878,48.0965],[17.0931,48.0914],[17.0745,48.0859],[17.0715,48.0809],[17.0789,48.0782],[17.0722,48.0705],[17.0868,48.0654],[17.0682,48.0554],[17.0843,48.0504],[17.0878,48.0457],[17.0674,48.0314],[17.0898,48.0198],[17.1101,48.0312],[17.1267,48.0209],[17.1368,48.0229],[17.1438,48.0202],[17.1608,48.0067],[17.0946,47.9709],[17.117,47.9609],[17.0909,47.9345],[17.1127,47.9274],[17.1027,47.9105],[17.0956,47.9043],[17.1042,47.8993],[17.0852,47.8744],[17.0776,47.8775],[17.0487,47.8719],[17.0496,47.8701],[17.04,47.8668],[17.0177,47.8684],[17.0099,47.8583],[17.0515,47.8379],[17.0466,47.8329],[17.0497,47.8312],[17.0469,47.8283],[17.0608,47.8227],[17.0597,47.82],[17.0744,47.8083],[17.0509,47.794],[17.0582,47.7862],[17.0608,47.7776],[17.0638,47.7778],[17.0672,47.7669],[17.0707,47.7509],[17.0703,47.7282],[17.0931,47.7082],[17.0404,47.7044],[16.9125,47.6877],[16.8751,47.6883],[16.8716,47.6901],[16.8669,47.7216],[16.8555,47.7111],[16.8391,47.7046],[16.8283,47.6827],[16.749,47.6814],[16.7215,47.7226],[16.7203,47.7661],[16.7411,47.8446],[16.8042,47.9026],[16.7529,47.9458],[16.7088,47.9678],[16.7012,47.9738],[16.6955,47.9858]]]]},"geometry_name":"geom","properties":{"g_id":"107","g_name":"Neusiedl am See"},"bbox":[16.6955,47.6814,17.1608,48.1187]},{"type":"Feature","id":"STATISTIK_AUSTRIA_POLBEZ_20250101.108","geometry":{"type":"MultiPolygon","coordinates":[[[[16.2811,47.4551],[16.2907,47.4643],[16.3044,47.4689],[16.3054,47.4746],[16.2969,47.4779],[16.3143,47.4829],[16.3158,47.486],[16.312,47.489],[16.3277,47.4978],[16.326,47.5006],[16.3341,47.506],[16.3397,47.5162],[16.3377,47.526],[16.3305,47.5283],[16.3226,47.5389],[16.3092,47.5464],[16.3158,47.5597],[16.3131,47.5653],[16.3301,47.5823],[16.3289,47.5978],[16.3446,47.6028],[16.3531,47.609],[16.348,47.6162],[16.3542,47.62],[16.3714,47.6234],[16.3723,47.6275],[16.3677,47.6359],[16.3725,47.6425],[16.3848,47.6328],[16.4044,47.637],[16.4216,47.6647],[16.4398,47.6567],[16.48,47.6499],[16.4873,47.6417],[16.4969,47.6393],[16.5065,47.6384],[16.5146,47.6461],[16.5488,47.6336],[16.5744,47.6195],[16.5933,47.6178],[16.6314,47.6282],[16.6521,47.6229],[16.6595,47.6061],[16.6731,47.605],[16.6664,47.5962],[16.6751,47.5788],[16.6711,47.5713],[16.6631,47.5687],[16.6644,47.5664],[16.6721,47.5598],[16.6889,47.5595],[16.6982,47.5456],[16.7041,47.5457],[16.7059,47.5424],[16.7112,47.5431],[16.7145,47.5399],[16.7032,47.5332],[16.7055,47.5229],[16.6956,47.5182],[16.6898,47.5104],[16.6689,47.5035],[16.6625,47.509],[16.6523,47.5003],[16.6705,47.4743],[16.6597,47.4614],[16.662,47.4557],[16.6491,47.4513],[16.6516,47.4489],[16.6275,47.4421],[16.6204,47.4308],[16.6117,47.4316],[16.5967,47.4226],[16.5879,47.4228],[16.5913,47.4214],[16.5889,47.4194],[16.5806,47.4191],[16.5825,47.4156],[16.575,47.4122],[16.5774,47.4095],[16.5744,47.4059],[16.5459,47.4056],[16.5399,47.4101],[16.5169,47.4106],[16.5137,47.4052],[16.5079,47.405],[16.51,47.3965],[16.4966,47.389],[16.4966,47.3963],[16.4886,47.3945],[16.4897,47.3997],[16.4838,47.3979],[16.4907,47.4057],[16.4853,47.4089],[16.4587,47.413],[16.4495,47.4101],[16.4454,47.4072],[16.4475,47.3978],[16.4552,47.3871],[16.4614,47.3837],[16.4551,47.3837],[16.4514,47.3797],[16.4569,47.371],[16.4563,47.3658],[16.4512,47.3611],[16.4523,47.3571],[16.4136,47.3476],[16.4073,47.3496],[16.3864,47.3443],[16.372,47.3495],[16.3693,47.3526],[16.3766,47.3598],[16.3719,47.3628],[16.3661,47.3853],[16.35,47.3915],[16.3505,47.3951],[16.3374,47.3915],[16.3124,47.4059],[16.303,47.4151],[16.3014,47.4292],[16.2923,47.4394],[16.2965,47.453],[16.2811,47.4551]]]]},"geometry_name":"geom","properties":{"g_id":"108","g_name":"Oberpullendorf"},"bbox":[16.2811,47.3443,16.7145,47.6647]},{"type":"Feature","id":"STATISTIK_AUSTRIA_POLBEZ_20250101.109","geometry":{"type":"MultiPolygon","coordinates":[[[[16.0151,47.3671],[16.034,47.3722],[16.0301,47.3793],[16.0633,47.3846],[16.0659,47.3873],[16.0648,47.3942],[16.0717,47.4041],[16.0841,47.4092],[16.0967,47.4065],[16.0879,47.4052],[16.0894,47.4007],[16.0833,47.3961],[16.093,47.3901],[16.1067,47.3948],[16.1051,47.3991],[16.1076,47.4019],[16.1001,47.4071],[16.1012,47.4148],[16.1253,47.4127],[16.1781,47.4239],[16.1996,47.4223],[16.224,47.4274],[16.2418,47.4371],[16.2432,47.4423],[16.2566,47.4514],[16.2705,47.4564],[16.2959,47.4535],[16.2919,47.4408],[16.3014,47.4292],[16.303,47.4151],[16.3124,47.4059],[16.3347,47.3926],[16.3505,47.3951],[16.35,47.3915],[16.3653,47.3862],[16.3719,47.3628],[16.3766,47.3598],[16.3693,47.3526],[16.3724,47.3492],[16.3864,47.3443],[16.4338,47.3529],[16.4445,47.3465],[16.4485,47.3394],[16.4574,47.3392],[16.4646,47.3338],[16.4632,47.331],[16.4685,47.3253],[16.4694,47.3182],[16.4894,47.2803],[16.4794,47.278],[16.4773,47.2723],[16.4799,47.2626],[16.4671,47.2529],[16.4611,47.256],[16.4466,47.2534],[16.4487,47.2505],[16.4318,47.2529],[16.4305,47.2504],[16.4418,47.2486],[16.4427,47.2337],[16.4382,47.23],[16.4367,47.2231],[16.4393,47.2179],[16.435,47.2155],[16.4366,47.2099],[16.4234,47.2077],[16.4195,47.2111],[16.4169,47.2054],[16.4212,47.1973],[16.4195,47.1949],[16.4282,47.185],[16.4548,47.1876],[16.454,47.1836],[16.4643,47.1682],[16.4606,47.1669],[16.4606,47.1591],[16.4531,47.1577],[16.4491,47.1519],[16.4542,47.14],[16.4416,47.1338],[16.4463,47.1278],[16.4263,47.1236],[16.4256,47.12],[16.4191,47.1181],[16.4165,47.1224],[16.4206,47.1253],[16.4065,47.1325],[16.3975,47.1288],[16.3953,47.1349],[16.3863,47.1369],[16.3289,47.1395],[16.3187,47.1528],[16.3189,47.1593],[16.3275,47.1723],[16.3277,47.1785],[16.324,47.1801],[16.2996,47.1873],[16.2841,47.1872],[16.2844,47.1935],[16.2804,47.1965],[16.2594,47.1991],[16.2388,47.2119],[16.2228,47.2144],[16.1934,47.2138],[16.1768,47.1998],[16.1661,47.2025],[16.1509,47.201],[16.1301,47.2122],[16.1239,47.2295],[16.0834,47.2343],[16.0883,47.2424],[16.0779,47.2599],[16.0824,47.2623],[16.0769,47.2668],[16.075,47.276],[16.0633,47.2865],[16.0666,47.2909],[16.0636,47.2924],[16.0647,47.2947],[16.0589,47.2957],[16.0624,47.2977],[16.06,47.3016],[16.0626,47.3045],[16.058,47.3068],[16.0596,47.3153],[16.0497,47.3188],[16.0538,47.3192],[16.0506,47.3198],[16.0531,47.3224],[16.0474,47.3273],[16.051,47.3335],[16.0421,47.3394],[16.0435,47.3433],[16.0352,47.3441],[16.0371,47.3449],[16.0343,47.3471],[16.0377,47.3484],[16.0332,47.349],[16.0365,47.351],[16.0329,47.3521],[16.0342,47.3564],[16.0307,47.3547],[16.0268,47.3579],[16.0287,47.3599],[16.0151,47.3671]]]]},"geometry_name":"geom","properties":{"g_id":"109","g_name":"Oberwart"},"bbox":[16.0151,47.1181,16.4894,47.4568]},{"type":"Feature","id":"STATISTIK_AUSTRIA_POLBEZ_20250101.201","geometry":{"type":"MultiPolygon","coordinates":[[[[14.2103,46.6693],[14.2171,46.6759],[14.2156,46.6806],[14.2218,46.6823],[14.2296,46.6948],[14.2357,46.6959],[14.2371,46.7001],[14.2535,46.6968],[14.2728,46.7075],[14.2804,46.7052],[14.3047,46.7087],[14.3037,46.7036],[14.2978,46.699],[14.306,46.6986],[14.2951,46.6969],[14.2936,46.693],[14.2855,46.6914],[14.2815,46.6864],[14.2918,46.6845],[14.2908,46.6822],[14.2973,46.6787],[14.2921,46.6743],[14.3005,46.6708],[14.2931,46.6663],[14.3012,46.6648],[14.3174,46.6692],[14.3158,46.6639],[14.3179,46.6634],[14.3221,46.6704],[14.3325,46.6754],[14.3529,46.6763],[14.3563,46.675],[14.3519,46.664],[14.3605,46.6648],[14.3691,46.6538],[14.3747,46.6536],[14.3711,46.6462],[14.3684,46.6463],[14.3742,46.6407],[14.3775,46.6439],[14.3918,46.6456],[14.4163,46.6402],[14.4102,46.6287],[14.3879,46.6265],[14.3908,46.6191],[14.3547,46.6175],[14.3529,46.6128],[14.3581,46.6097],[14.3512,46.6084],[14.3392,46.599],[14.32,46.5966],[14.3217,46.5932],[14.3264,46.5936],[14.3192,46.5878],[14.3156,46.5811],[14.3172,46.5768],[14.2897,46.5744],[14.2867,46.5818],[14.2788,46.5847],[14.276,46.5807],[14.2665,46.5784],[14.2437,46.5786],[14.2366,46.5877],[14.2419,46.5925],[14.2365,46.5974],[14.2436,46.5997],[14.2391,46.6063],[14.2433,46.61],[14.2439,46.6186],[14.2385,46.6224],[14.2421,46.627],[14.2377,46.6317],[14.2409,46.635],[14.2334,46.637],[14.2308,46.6407],[14.2328,46.6432],[14.224,46.6435],[14.2246,46.6463],[14.2432,46.6539],[14.2211,46.6537],[14.2164,46.6576],[14.2192,46.6587],[14.2198,46.6655],[14.2136,46.6649],[14.2149,46.6685],[14.2103,46.6693]]]]},"geometry_name":"geom","properties":{"g_id":"201","g_name":"Klagenfurt Stadt"},"bbox":[14.2103,46.5744,14.4163,46.7087]},{"type":"Feature","id":"STATISTIK_AUSTRIA_POLBEZ_20250101.202","geometry":{"type":"MultiPolygon","coordinates":[[[[13.6937,46.6074],[13.7294,46.6132],[13.7281,46.6219],[13.7477,46.624],[13.763,46.6305],[13.7639,46.635],[13.7758,46.6365],[13.7917,46.6329],[13.8005,46.6443],[13.7955,46.6506],[13.7995,46.6621],[13.8091,46.6683],[13.8172,46.6639],[13.8259,46.6649],[13.8415,46.6525],[13.8532,46.6493],[13.8674,46.6519],[13.879,46.648],[13.8856,46.6513],[13.8906,46.6491],[13.9045,46.6563],[13.9247,46.6578],[13.9532,46.6659],[13.945,46.6526],[13.9246,46.6492],[13.9268,46.6472],[13.9221,46.6454],[13.932,46.6343],[13.9273,46.6338],[13.9313,46.632],[13.9232,46.6259],[13.9222,46.6231],[13.9274,46.6197],[13.9244,46.6132],[13.934,46.6105],[13.9557,46.5934],[13.9792,46.5929],[13.962,46.5891],[13.9598,46.583],[13.9481,46.5856],[13.9397,46.5827],[13.94,46.5772],[13.9076,46.579],[13.9024,46.5821],[13.8923,46.5803],[13.8815,46.5858],[13.8603,46.5836],[13.8416,46.5776],[13.8385,46.5794],[13.8442,46.5731],[13.8426,46.5708],[13.7932,46.5681],[13.7867,46.5618],[13.7674,46.5585],[13.7575,46.5658],[13.7518,46.5624],[13.7451,46.5657],[13.7425,46.5741],[13.7459,46.5889],[13.7379,46.5923],[13.7231,46.5887],[13.7138,46.5917],[13.7115,46.5967],[13.6937,46.6074]]]]},"geometry_name":"geom","properties":{"g_id":"202","g_name":"Villach Stadt"},"bbox":[13.6937,46.5585,13.9792,46.6684]},{"type":"Feature","id":"STATISTIK_AUSTRIA_POLBEZ_20250101.203","geometry":{"type":"MultiPolygon","coordinates":[[[[12.6837,46.68],[12.6878,46.6805],[12.686,46.6848],[12.6936,46.6931],[12.6899,46.7032],[12.706,46.7053],[12.7215,46.703],[12.7091,46.715],[12.7144,46.731],[12.7117,46.7357],[12.7183,46.7406],[12.7264,46.7435],[12.7384,46.741],[12.7571,46.7503],[12.7871,46.7522],[12.791,46.7565],[12.8058,46.7567],[12.8126,46.7553],[12.8137,46.749],[12.8263,46.7519],[12.8332,46.7483],[12.8412,46.7493],[12.8443,46.7468],[12.8413,46.7448],[12.8432,46.7421],[12.878,46.7375],[12.8697,46.7272],[12.8711,46.7245],[12.8893,46.7183],[12.8984,46.7251],[12.8978,46.7287],[12.9116,46.7213],[12.9646,46.7258],[12.998,46.7094],[13.0238,46.7074],[13.037,46.7011],[13.0764,46.702],[13.0942,46.6985],[13.0965,46.6924],[13.1021,46.6888],[13.1022,46.6846],[13.1101,46.6834],[13.1431,46.6847],[13.1774,46.6929],[13.206,46.6947],[13.2147,46.7058],[13.2221,46.7044],[13.2237,46.7134],[13.2457,46.7141],[13.2837,46.6923],[13.2879,46.6908],[13.3061,46.6982],[13.3119,46.6969],[13.3268,46.6828],[13.3405,46.6809],[13.3605,46.6721],[13.3713,46.6743],[13.3817,46.6712],[13.3911,46.6644],[13.3996,46.6637],[13.4013,46.6592],[13.4096,46.6551],[13.465,46.656],[13.4644,46.663],[13.4799,46.6683],[13.5063,46.6537],[13.5268,46.6524],[13.5365,46.6563],[13.5641,46.6534],[13.5724,46.657],[13.5775,46.6532],[13.573,46.6468],[13.5743,46.6417],[13.5707,46.6389],[13.5542,46.6309],[13.545,46.6341],[13.544,46.6309],[13.5434,46.6213],[13.5494,46.6175],[13.548,46.6119],[13.5643,46.6028],[13.5618,46.5933],[13.5482,46.5802],[13.5493,46.5772],[13.5221,46.5686],[13.499,46.5659],[13.4747,46.5573],[13.4539,46.5595],[13.446,46.5565],[13.4366,46.5592],[13.4272,46.5575],[13.4075,46.5615],[13.4099,46.5721],[13.3722,46.5793],[13.3684,46.5738],[13.3705,46.567],[13.3629,46.5701],[13.3525,46.5665],[13.3447,46.57],[13.3206,46.5512],[13.2976,46.5603],[13.2853,46.5571],[13.2695,46.5613],[13.261,46.5573],[13.2526,46.5605],[13.2412,46.5555],[13.2398,46.5517],[13.2326,46.5536],[13.2324,46.559],[13.2174,46.5705],[13.1932,46.5723],[13.1791,46.5778],[13.1771,46.5817],[13.1686,46.585],[13.1686,46.5889],[13.1509,46.59],[13.1463,46.5871],[13.1377,46.5913],[13.1059,46.5944],[13.0837,46.6021],[13.079,46.5991],[13.0634,46.5999],[13.0605,46.5969],[13.0466,46.5953],[13.0276,46.5972],[13.0215,46.6022],[13.0074,46.5992],[12.9992,46.6025],[12.9872,46.5994],[12.9565,46.6065],[12.9489,46.6022],[12.9279,46.6106],[12.9052,46.6076],[12.8962,46.6095],[12.8881,46.6066],[12.8654,46.6099],[12.8558,46.605],[12.8427,46.6063],[12.8334,46.6104],[12.8334,46.6214],[12.8372,46.6275],[12.8302,46.6315],[12.8193,46.6282],[12.8165,46.6315],[12.809,46.6311],[12.7967,46.6378],[12.794,46.6429],[12.7625,46.648],[12.751,46.6454],[12.7442,46.6374],[12.7301,46.6347],[12.7159,46.6492],[12.6918,46.6554],[12.6878,46.673],[12.6901,46.6749],[12.6837,46.68]]]]},"geometry_name":"geom","properties":{"g_id":"203","g_name":"Hermagor"},"bbox":[12.6837,46.5512,13.5775,46.7567]},{"type":"Feature","id":"STATISTIK_AUSTRIA_POLBEZ_20250101.204","geometry":{"type":"MultiPolygon","coordinates":[[[[14.0482,46.5919],[14.0629,46.5988],[14.0794,46.6008],[14.0758,46.608],[14.0776,46.6123],[14.0698,46.6161],[14.0712,46.6237],[14.0558,46.6258],[14.0582,46.6294],[14.0551,46.6326],[14.0625,46.6363],[14.0577,46.6374],[14.0535,46.6451],[14.0522,46.6614],[14.0778,46.6746],[14.0853,46.673],[14.0872,46.6768],[14.0946,46.6757],[14.0967,46.6716],[14.1063,46.6751],[14.1265,46.6735],[14.1345,46.6787],[14.1336,46.6813],[14.1396,46.6816],[14.1419,46.687],[14.1593,46.6758],[14.1731,46.6846],[14.1736,46.6893],[14.1765,46.6895],[14.1777,46.6938],[14.183,46.6942],[14.1859,46.7008],[14.192,46.7002],[14.197,46.7043],[14.2008,46.6975],[14.2035,46.702],[14.2243,46.6996],[14.2265,46.6963],[14.2334,46.7002],[14.2271,46.6881],[14.2156,46.6806],[14.2171,46.6759],[14.2103,46.6693],[14.2149,46.6685],[14.2136,46.6649],[14.2198,46.6655],[14.2192,46.6587],[14.2164,46.6576],[14.2211,46.6537],[14.2432,46.6539],[14.2246,46.6463],[14.224,46.6435],[14.2328,46.6432],[14.2308,46.6407],[14.2334,46.637],[14.2409,46.635],[14.2377,46.6317],[14.2421,46.627],[14.2385,46.6224],[14.2439,46.6186],[14.2433,46.61],[14.2391,46.6063],[14.2436,46.5997],[14.2365,46.5974],[14.2419,46.5925],[14.2366,46.5877],[14.2437,46.5786],[14.2665,46.5784],[14.276,46.5807],[14.2788,46.5847],[14.2867,46.5818],[14.2897,46.5744],[14.3166,46.5766],[14.3192,46.5878],[14.3264,46.5936],[14.3217,46.5932],[14.32,46.5966],[14.3392,46.599],[14.3512,46.6084],[14.3581,46.6097],[14.3529,46.6128],[14.3547,46.6175],[14.3908,46.6191],[14.3879,46.6265],[14.4102,46.6287],[14.4142,46.6333],[14.4163,46.6402],[14.4007,46.6424],[14.3994,46.6452],[14.3775,46.6439],[14.3742,46.6407],[14.3684,46.6463],[14.3711,46.6462],[14.3747,46.6536],[14.3691,46.6538],[14.3605,46.6648],[14.3519,46.664],[14.3563,46.6751],[14.3339,46.6758],[14.3221,46.6704],[14.3179,46.6634],[14.3158,46.6639],[14.3174,46.6692],[14.3012,46.6648],[14.2931,46.6663],[14.3005,46.6708],[14.2921,46.6743],[14.2969,46.6792],[14.2908,46.6822],[14.2918,46.6845],[14.2814,46.6854],[14.2855,46.6914],[14.2916,46.6916],[14.2949,46.6959],[14.3022,46.6933],[14.3346,46.7075],[14.3424,46.7],[14.3577,46.7108],[14.3577,46.7242],[14.3604,46.7207],[14.3747,46.7174],[14.3834,46.7255],[14.3908,46.7169],[14.4072,46.722],[14.4242,46.7338],[14.4291,46.7295],[14.4329,46.7305],[14.4377,46.7212],[14.4387,46.7283],[14.4448,46.7289],[14.4437,46.7233],[14.4486,46.7228],[14.4471,46.7199],[14.4516,46.7211],[14.4583,46.7146],[14.4647,46.7166],[14.4592,46.7123],[14.4484,46.7115],[14.4539,46.7058],[14.4674,46.7055],[14.4707,46.7023],[14.4667,46.6879],[14.4851,46.6911],[14.495,46.688],[14.504,46.6799],[14.5163,46.6768],[14.5179,46.6704],[14.5248,46.6689],[14.5429,46.6562],[14.528,46.6561],[14.506,46.6487],[14.5278,46.629],[14.5302,46.6208],[14.526,46.6208],[14.5249,46.6112],[14.5218,46.6094],[14.5267,46.6099],[14.5258,46.6079],[14.4973,46.5834],[14.4879,46.564],[14.476,46.5594],[14.463,46.5693],[14.4569,46.5647],[14.4596,46.561],[14.4576,46.5513],[14.4698,46.5425],[14.4551,46.5332],[14.4558,46.5251],[14.4501,46.5185],[14.4736,46.5138],[14.4803,46.5166],[14.4795,46.5129],[14.4871,46.506],[14.4843,46.5014],[14.4659,46.4946],[14.4684,46.4898],[14.4674,46.4781],[14.4619,46.471],[14.464,46.4592],[14.4379,46.4493],[14.4345,46.4429],[14.4296,46.447],[14.4103,46.4465],[14.3822,46.4391],[14.344,46.4374],[14.3323,46.4319],[14.3113,46.4304],[14.3017,46.4383],[14.2832,46.4435],[14.2641,46.4382],[14.2572,46.4392],[14.2372,46.4322],[14.2271,46.4358],[14.2194,46.4432],[14.2069,46.4393],[14.191,46.4439],[14.1772,46.4343],[14.1696,46.4331],[14.1546,46.4357],[14.1513,46.443],[14.1349,46.4511],[14.1352,46.4586],[14.1204,46.4742],[14.1215,46.4766],[14.1114,46.4788],[14.1162,46.49],[14.1132,46.4976],[14.1194,46.5088],[14.1185,46.5251],[14.124,46.5346],[14.1041,46.5405],[14.0938,46.5366],[14.0911,46.5446],[14.0844,46.5499],[14.0939,46.5596],[14.0826,46.5639],[14.0813,46.5694],[14.0605,46.5814],[14.0631,46.5845],[14.0571,46.587],[14.0562,46.5914],[14.0482,46.5919]]]]},"geometry_name":"geom","properties":{"g_id":"204","g_name":"Klagenfurt Land"},"bbox":[14.0482,46.4304,14.5429,46.7338]},{"type":"Feature","id":"STATISTIK_AUSTRIA_POLBEZ_20250101.205","geometry":{"type":"MultiPolygon","coordinates":[[[[13.9426,46.9328],[13.944,46.9386],[13.9517,46.9426],[13.9498,46.9582],[13.9549,46.9563],[13.9645,46.9631],[13.9925,46.9661],[14.009,46.973],[14.0057,46.9785],[14.0164,46.9876],[14.0125,47.0039],[14.0292,47.007],[14.049,47.004],[14.0644,47.0087],[14.072,47.0124],[14.0817,47.0246],[14.1016,47.035],[14.1018,47.0381],[14.1235,47.0422],[14.1257,47.0454],[14.1235,47.0558],[14.1285,47.0609],[14.1335,47.0623],[14.1625,47.0524],[14.1743,47.0623],[14.2031,47.0772],[14.2042,47.0714],[14.2165,47.0617],[14.2155,47.0587],[14.2223,47.0502],[14.2245,47.0354],[14.235,47.0258],[14.2502,47.0347],[14.2648,47.0259],[14.2706,47.0294],[14.2777,47.0261],[14.2855,47.0286],[14.2898,47.0257],[14.3285,47.0298],[14.3404,47.0238],[14.3459,47.026],[14.3657,47.0247],[14.3828,47.014],[14.3771,47.0083],[14.3797,47.0036],[14.3768,46.9935],[14.3816,46.9901],[14.3859,46.98],[14.3957,46.9804],[14.4058,46.9895],[14.4309,46.997],[14.4302,47.0005],[14.4365,46.9966],[14.4475,46.9983],[14.4488,46.9945],[14.4567,46.9959],[14.4599,47.0018],[14.4586,47.0143],[14.4627,47.0101],[14.4711,47.0109],[14.4719,47.0077],[14.4779,47.0194],[14.5058,47.0282],[14.5033,47.0188],[14.5163,47.0135],[14.5156,47.0087],[14.5455,47.0133],[14.5866,47.0116],[14.5928,47.0016],[14.6154,46.9979],[14.6348,46.9777],[14.6468,46.9713],[14.6704,46.9653],[14.6855,46.9541],[14.673,46.9433],[14.6747,46.9305],[14.6782,46.9266],[14.6738,46.9151],[14.6621,46.8969],[14.647,46.8893],[14.641,46.8752],[14.6424,46.8616],[14.6513,46.8537],[14.6497,46.8316],[14.6571,46.8155],[14.6537,46.8095],[14.6468,46.8057],[14.6482,46.795],[14.6353,46.7858],[14.6367,46.7827],[14.6327,46.7795],[14.6346,46.7504],[14.5943,46.7616],[14.5915,46.756],[14.597,46.754],[14.5969,46.7505],[14.6045,46.7491],[14.6012,46.7448],[14.5954,46.7468],[14.6027,46.7405],[14.5991,46.7356],[14.5876,46.7391],[14.5744,46.7351],[14.5761,46.7318],[14.5709,46.7279],[14.5734,46.7222],[14.568,46.7192],[14.5575,46.7256],[14.5543,46.7322],[14.5362,46.7413],[14.5289,46.7366],[14.5299,46.7258],[14.52,46.7194],[14.528,46.7121],[14.5095,46.7057],[14.5111,46.7023],[14.5003,46.6941],[14.5045,46.6918],[14.4974,46.6864],[14.4864,46.6911],[14.4667,46.6879],[14.4707,46.7023],[14.4674,46.7055],[14.4539,46.7058],[14.4484,46.7115],[14.4592,46.7123],[14.4645,46.7169],[14.4583,46.7146],[14.4516,46.7211],[14.4471,46.7199],[14.4486,46.7228],[14.4437,46.7233],[14.4448,46.7289],[14.4387,46.7283],[14.4377,46.7212],[14.4329,46.7305],[14.4291,46.7295],[14.4272,46.7338],[14.4189,46.7321],[14.4072,46.722],[14.3931,46.7171],[14.3834,46.7255],[14.3747,46.7174],[14.3604,46.7207],[14.3577,46.7242],[14.3577,46.7108],[14.3424,46.7],[14.3346,46.7075],[14.3022,46.6933],[14.2961,46.6947],[14.2951,46.6969],[14.3063,46.699],[14.2978,46.699],[14.3037,46.7036],[14.3047,46.7087],[14.2804,46.7052],[14.2728,46.7075],[14.2535,46.6968],[14.2433,46.7007],[14.2371,46.7001],[14.2357,46.6959],[14.2314,46.6967],[14.2384,46.7066],[14.2336,46.71],[14.2385,46.7087],[14.24,46.7159],[14.2511,46.7188],[14.2486,46.7262],[14.2535,46.7279],[14.2528,46.73],[14.2625,46.729],[14.2586,46.7329],[14.2588,46.7379],[14.2427,46.7416],[14.202,46.7363],[14.2003,46.7425],[14.2047,46.7493],[14.2005,46.7514],[14.1871,46.7481],[14.1825,46.7567],[14.1857,46.7605],[14.1944,46.7608],[14.1973,46.7637],[14.2053,46.7622],[14.2094,46.7673],[14.2024,46.7706],[14.2082,46.7736],[14.2062,46.7801],[14.196,46.7837],[14.1963,46.7861],[14.183,46.7819],[14.1826,46.7771],[14.1754,46.7814],[14.1703,46.7803],[14.1693,46.7845],[14.1596,46.7832],[14.156,46.7872],[14.1573,46.7909],[14.1679,46.7984],[14.1735,46.7978],[14.1676,46.8021],[14.1607,46.7991],[14.1596,46.8059],[14.1529,46.8092],[14.1373,46.8109],[14.14,46.8089],[14.1353,46.8057],[14.1361,46.8026],[14.1245,46.809],[14.1078,46.8107],[14.1178,46.8162],[14.1257,46.8283],[14.1299,46.8378],[14.1234,46.8384],[14.1219,46.8424],[14.1374,46.8482],[14.138,46.8508],[14.1342,46.8522],[14.1237,46.8469],[14.103,46.8317],[14.105,46.8354],[14.098,46.8362],[14.0872,46.8447],[14.0779,46.8428],[14.0712,46.8475],[14.0587,46.8471],[14.0496,46.8516],[14.0347,46.8472],[14.0223,46.851],[14.0208,46.8551],[14.0141,46.8546],[14.0128,46.8591],[13.9986,46.865],[14.0007,46.8788],[13.9966,46.8852],[13.9981,46.897],[13.9934,46.91],[13.9849,46.9114],[13.9835,46.9175],[13.9488,46.919],[13.9451,46.9218],[13.9479,46.925],[13.9426,46.9328]]]]},"geometry_name":"geom","properties":{"g_id":"205","g_name":"Sankt Veit an der Glan"},"bbox":[13.9426,46.6864,14.6855,47.0772]},{"type":"Feature","id":"STATISTIK_AUSTRIA_POLBEZ_20250101.206","geometry":{"type":"MultiPolygon","coordinates":[[[[12.6568,47.0995],[12.673,47.1093],[12.6668,47.1161],[12.6661,47.1228],[12.6723,47.1207],[12.6891,47.1243],[12.7039,47.1215],[12.713,47.1281],[12.7309,47.131],[12.7357,47.1115],[12.7331,47.1044],[12.7389,47.1003],[12.7563,47.0977],[12.7728,47.1009],[12.7838,47.0925],[12.795,47.0929],[12.8048,47.098],[12.8203,47.0977],[12.8318,47.0907],[12.8368,47.0828],[12.8465,47.0812],[12.8597,47.0807],[12.8709,47.0863],[12.8955,47.081],[12.9193,47.0816],[12.9375,47.0762],[12.9364,47.0731],[12.9432,47.0592],[12.9556,47.0542],[12.953,47.0493],[12.9569,47.0432],[12.9648,47.039],[12.9826,47.0384],[12.9854,47.0356],[13.0031,47.0439],[13.0179,47.0415],[13.0212,47.0393],[13.0202,47.03],[13.073,47.0134],[13.0798,47.0203],[13.0803,47.0268],[13.1233,47.0265],[13.1332,47.0348],[13.1556,47.0355],[13.1712,47.0417],[13.2147,47.0441],[13.2481,47.0506],[13.2455,47.0679],[13.2394,47.0715],[13.2482,47.0858],[13.2773,47.0952],[13.2901,47.0944],[13.3006,47.0875],[13.3101,47.0861],[13.3326,47.0956],[13.3631,47.0988],[13.3802,47.0926],[13.3821,47.0803],[13.4027,47.0695],[13.4276,47.0814],[13.439,47.0779],[13.458,47.0803],[13.5217,47.0685],[13.5771,47.0524],[13.6157,47.0592],[13.6376,47.0555],[13.647,47.0396],[13.6933,47.0402],[13.6955,47.0333],[13.6875,47.0291],[13.6912,47.0194],[13.6896,47.0149],[13.694,47.0103],[13.6937,47.0061],[13.7021,47.0019],[13.706,46.9959],[13.7337,46.9892],[13.7447,46.9939],[13.7514,46.9926],[13.7584,46.9892],[13.7586,46.9823],[13.7718,46.977],[13.7736,46.9621],[13.778,46.9574],[13.7744,46.9526],[13.7756,46.9483],[13.7847,46.9439],[13.7839,46.9382],[13.8045,46.9292],[13.8154,46.9185],[13.8057,46.9182],[13.795,46.9126],[13.7968,46.8936],[13.788,46.8815],[13.8162,46.8686],[13.8166,46.8605],[13.811,46.8588],[13.8115,46.8536],[13.8291,46.8543],[13.8296,46.8511],[13.8432,46.8439],[13.8346,46.8376],[13.8462,46.8312],[13.839,46.8167],[13.8417,46.8153],[13.8392,46.8097],[13.8442,46.7976],[13.8332,46.7916],[13.8278,46.7827],[13.824,46.7819],[13.8138,46.7876],[13.7889,46.7893],[13.7754,46.7938],[13.7581,46.7855],[13.7525,46.7898],[13.7277,46.786],[13.7139,46.7915],[13.7098,46.7887],[13.6804,46.7946],[13.6683,46.7832],[13.663,46.7821],[13.6598,46.7743],[13.6502,46.7663],[13.6191,46.7765],[13.6076,46.7713],[13.6038,46.7652],[13.6165,46.7587],[13.6049,46.7508],[13.5961,46.7513],[13.5876,46.744],[13.5671,46.7526],[13.5574,46.7541],[13.5549,46.7515],[13.5407,46.7565],[13.5333,46.7501],[13.531,46.7536],[13.5059,46.7459],[13.4928,46.7547],[13.4626,46.7569],[13.4529,46.7693],[13.4437,46.766],[13.4423,46.7594],[13.4278,46.7485],[13.434,46.744],[13.4375,46.7359],[13.4226,46.7293],[13.4255,46.7235],[13.4322,46.7216],[13.4406,46.7136],[13.4416,46.7023],[13.4251,46.7026],[13.4165,46.7069],[13.4091,46.7055],[13.4089,46.6977],[13.4202,46.6973],[13.421,46.6893],[13.4183,46.6871],[13.4384,46.6809],[13.43,46.6764],[13.4334,46.6723],[13.4328,46.6572],[13.4172,46.6554],[13.4046,46.6565],[13.3996,46.6637],[13.3911,46.6644],[13.373,46.674],[13.3605,46.6721],[13.3405,46.6809],[13.3268,46.6828],[13.3119,46.6969],[13.2973,46.6967],[13.2974,46.6939],[13.2879,46.6908],[13.2457,46.7141],[13.2237,46.7134],[13.2221,46.7044],[13.2147,46.7058],[13.206,46.6947],[13.1774,46.6929],[13.1431,46.6847],[13.1118,46.6832],[13.1022,46.6846],[13.1021,46.6888],[13.0965,46.6924],[13.0942,46.6985],[13.0764,46.702],[13.037,46.7011],[13.0238,46.7074],[12.998,46.7094],[12.9646,46.7258],[12.9116,46.7213],[12.8978,46.7287],[12.8984,46.7251],[12.8893,46.7183],[12.8711,46.7245],[12.8697,46.7272],[12.878,46.7375],[12.8432,46.7421],[12.8413,46.7448],[12.8443,46.7468],[12.8412,46.7493],[12.8568,46.7602],[12.8793,46.7637],[12.8994,46.7769],[12.9194,46.7658],[12.9314,46.764],[12.9448,46.7695],[12.9467,46.7765],[12.9533,46.7822],[12.9639,46.7853],[12.9648,46.7966],[12.9141,46.8214],[12.8979,46.8245],[12.8924,46.829],[12.8939,46.8328],[12.8865,46.8425],[12.8412,46.861],[12.8436,46.8734],[12.8419,46.893],[12.8318,46.9008],[12.8384,46.9099],[12.8371,46.9125],[12.8218,46.9168],[12.82,46.9208],[12.7993,46.9234],[12.7829,46.9319],[12.7864,46.9396],[12.7696,46.9448],[12.7596,46.9566],[12.7505,46.9567],[12.7446,46.9605],[12.739,46.9788],[12.7247,46.9955],[12.7375,47.0039],[12.7358,47.013],[12.7423,47.0145],[12.7549,47.0249],[12.7561,47.0335],[12.7723,47.0402],[12.7579,47.0458],[12.7427,47.0418],[12.7146,47.0447],[12.6996,47.0731],[12.6875,47.0784],[12.6744,47.091],[12.6686,47.0914],[12.6568,47.0995]]]]},"geometry_name":"geom","properties":{"g_id":"206","g_name":"Spittal an der Drau"},"bbox":[12.6568,46.6551,13.8462,47.1313]},{"type":"Feature","id":"STATISTIK_AUSTRIA_POLBEZ_20250101.207","geometry":{"type":"MultiPolygon","coordinates":[[[[13.4088,46.6986],[13.4091,46.7055],[13.4154,46.707],[13.4251,46.7026],[13.4416,46.7023],[13.4406,46.7136],[13.4322,46.7216],[13.4255,46.7235],[13.4226,46.7293],[13.4375,46.7359],[13.434,46.744],[13.4278,46.7485],[13.4423,46.7594],[13.4437,46.766],[13.4538,46.7695],[13.4588,46.7588],[13.4626,46.7569],[13.4928,46.7547],[13.5059,46.7459],[13.531,46.7536],[13.5333,46.7501],[13.5407,46.7565],[13.5549,46.7515],[13.5574,46.7541],[13.5671,46.7526],[13.5876,46.744],[13.5961,46.7513],[13.6049,46.7508],[13.6165,46.7587],[13.6038,46.7652],[13.6076,46.7713],[13.6191,46.7765],[13.6502,46.7663],[13.6598,46.7743],[13.663,46.7821],[13.6683,46.7832],[13.6804,46.7946],[13.7098,46.7887],[13.7139,46.7915],[13.7277,46.786],[13.7443,46.7903],[13.7525,46.7898],[13.7581,46.7855],[13.7741,46.7938],[13.7902,46.7891],[13.8109,46.7882],[13.8236,46.7819],[13.8278,46.7827],[13.8293,46.7782],[13.8565,46.7799],[13.8772,46.7601],[13.8828,46.7589],[13.8968,46.7652],[13.9071,46.7651],[13.9118,46.7711],[13.9101,46.7653],[13.9252,46.7627],[13.9235,46.7569],[13.9412,46.7553],[13.9488,46.7464],[13.9468,46.735],[13.9531,46.7382],[13.9574,46.7323],[13.9547,46.7288],[13.9592,46.7252],[13.9547,46.7211],[13.9609,46.7155],[13.9569,46.7143],[13.9572,46.7112],[13.9348,46.7022],[13.9304,46.7041],[13.9202,46.6951],[13.9253,46.6882],[13.9376,46.6878],[13.9381,46.6831],[13.942,46.6836],[13.9551,46.6742],[13.9593,46.675],[13.9532,46.6659],[13.9247,46.6578],[13.9045,46.6563],[13.8906,46.6491],[13.8856,46.6513],[13.879,46.648],[13.8674,46.6519],[13.8532,46.6493],[13.8415,46.6525],[13.8259,46.6649],[13.8172,46.6639],[13.8091,46.6683],[13.7995,46.6621],[13.7955,46.6506],[13.8005,46.6443],[13.7917,46.6329],[13.7758,46.6365],[13.7639,46.635],[13.763,46.6305],[13.7477,46.624],[13.7281,46.6219],[13.7294,46.6132],[13.6937,46.6074],[13.7115,46.5967],[13.7138,46.5917],[13.7231,46.5887],[13.7379,46.5923],[13.7459,46.5889],[13.7425,46.5741],[13.7451,46.5657],[13.7518,46.5624],[13.7575,46.5658],[13.7654,46.5587],[13.7867,46.5618],[13.7932,46.5681],[13.8426,46.5708],[13.8442,46.5731],[13.8385,46.5794],[13.8416,46.5776],[13.8777,46.5859],[13.8923,46.5803],[13.9024,46.5821],[13.9076,46.579],[13.94,46.5772],[13.9397,46.5827],[13.9481,46.5856],[13.9598,46.583],[13.962,46.5891],[13.9792,46.5929],[13.9557,46.5934],[13.934,46.6105],[13.9244,46.6132],[13.9274,46.6197],[13.9222,46.6231],[13.9232,46.6259],[13.9313,46.632],[13.9273,46.6338],[13.932,46.6343],[13.9227,46.6459],[13.9359,46.6467],[13.955,46.6549],[13.9669,46.6529],[13.9855,46.6552],[14.0004,46.6621],[14.0073,46.6616],[14.0123,46.6659],[14.0497,46.6647],[14.0536,46.6602],[14.0535,46.6451],[14.0577,46.6374],[14.0625,46.6363],[14.0551,46.6326],[14.0582,46.6294],[14.0558,46.6258],[14.0712,46.6237],[14.0698,46.6161],[14.0776,46.6123],[14.0758,46.608],[14.0794,46.6008],[14.0629,46.5988],[14.0483,46.5916],[14.0562,46.5914],[14.0571,46.587],[14.0631,46.5845],[14.0605,46.5814],[14.0813,46.5694],[14.0826,46.5639],[14.0939,46.5596],[14.0844,46.5499],[14.0911,46.5446],[14.0938,46.5366],[14.1041,46.5405],[14.124,46.5346],[14.1185,46.5251],[14.1194,46.5088],[14.1131,46.4972],[14.1161,46.4919],[14.1151,46.485],[14.1114,46.4788],[14.1019,46.4789],[14.0915,46.4857],[14.0406,46.493],[14.0209,46.4816],[14.0064,46.4814],[13.9895,46.4883],[13.9888,46.4929],[13.9756,46.4983],[13.9696,46.4968],[13.9429,46.5115],[13.928,46.5138],[13.9231,46.5187],[13.9123,46.5211],[13.9012,46.5188],[13.882,46.5228],[13.8788,46.5191],[13.8563,46.5139],[13.8313,46.5187],[13.8122,46.5062],[13.7944,46.5053],[13.7801,46.5121],[13.7781,46.5174],[13.7664,46.5145],[13.7543,46.518],[13.7374,46.5171],[13.7215,46.5235],[13.6804,46.5217],[13.643,46.5326],[13.6229,46.5422],[13.592,46.5462],[13.583,46.5397],[13.5709,46.5389],[13.5685,46.5465],[13.561,46.5519],[13.5425,46.5536],[13.5198,46.5469],[13.5149,46.5486],[13.5115,46.5554],[13.5054,46.5559],[13.5071,46.5601],[13.5043,46.5663],[13.5493,46.5772],[13.5482,46.5802],[13.5655,46.5996],[13.5574,46.6082],[13.548,46.6119],[13.5494,46.6175],[13.5434,46.6213],[13.5447,46.6333],[13.5542,46.6309],[13.5707,46.6389],[13.5743,46.6417],[13.573,46.6468],[13.5775,46.6533],[13.5724,46.657],[13.5641,46.6534],[13.5365,46.6563],[13.5268,46.6524],[13.5063,46.6537],[13.4799,46.6683],[13.4644,46.663],[13.465,46.656],[13.4493,46.6574],[13.4373,46.6545],[13.4328,46.6572],[13.4334,46.6723],[13.43,46.6764],[13.4384,46.6809],[13.4196,46.6861],[13.4202,46.6973],[13.4088,46.6986]]]]},"geometry_name":"geom","properties":{"g_id":"207","g_name":"Villach Land"},"bbox":[13.4088,46.4788,14.1244,46.7946]},{"type":"Feature","id":"STATISTIK_AUSTRIA_POLBEZ_20250101.208","geometry":{"type":"MultiPolygon","coordinates":[[[[14.4301,46.4361],[14.4387,46.4408],[14.4345,46.4429],[14.4379,46.4493],[14.464,46.4592],[14.4619,46.471],[14.4674,46.4781],[14.4684,46.4898],[14.4659,46.4946],[14.4843,46.5014],[14.4871,46.506],[14.4795,46.5129],[14.4803,46.5166],[14.4736,46.5138],[14.4501,46.5185],[14.4558,46.5251],[14.4551,46.5332],[14.4698,46.5425],[14.4576,46.5513],[14.4596,46.561],[14.4569,46.5647],[14.463,46.5693],[14.476,46.5594],[14.4879,46.564],[14.4973,46.5834],[14.5258,46.6079],[14.5267,46.6099],[14.5218,46.6094],[14.5249,46.6112],[14.526,46.6208],[14.5302,46.6208],[14.5278,46.629],[14.506,46.6487],[14.528,46.6561],[14.5429,46.6562],[14.5248,46.6689],[14.5179,46.6704],[14.5163,46.6768],[14.504,46.6799],[14.4977,46.6851],[14.5045,46.6918],[14.5003,46.6941],[14.5111,46.7023],[14.5098,46.7059],[14.528,46.7121],[14.52,46.7194],[14.5299,46.7258],[14.5289,46.7366],[14.5362,46.7413],[14.5543,46.7322],[14.5575,46.7256],[14.568,46.7192],[14.5734,46.7222],[14.5709,46.7279],[14.5761,46.7318],[14.5744,46.7351],[14.5876,46.7391],[14.5991,46.7356],[14.6027,46.7405],[14.5954,46.7468],[14.6012,46.7448],[14.6045,46.7491],[14.5969,46.7505],[14.597,46.754],[14.5915,46.756],[14.5943,46.7616],[14.6346,46.7504],[14.6327,46.7795],[14.6367,46.7827],[14.6353,46.7858],[14.6482,46.795],[14.6468,46.8057],[14.6537,46.8095],[14.6571,46.8155],[14.6527,46.8261],[14.6561,46.8214],[14.6842,46.8121],[14.6965,46.7982],[14.7073,46.7955],[14.7186,46.7865],[14.7167,46.7843],[14.7291,46.778],[14.732,46.7672],[14.7425,46.7615],[14.7524,46.7617],[14.7577,46.7566],[14.7559,46.7532],[14.7598,46.7475],[14.7559,46.7439],[14.7606,46.7374],[14.7539,46.7313],[14.7615,46.7202],[14.7605,46.7172],[14.7714,46.7134],[14.7829,46.7014],[14.7877,46.7014],[14.8022,46.6911],[14.8023,46.6812],[14.8062,46.6758],[14.8379,46.6735],[14.86,46.678],[14.8578,46.6759],[14.8602,46.6734],[14.8544,46.6677],[14.8693,46.6609],[14.8814,46.6492],[14.8887,46.6479],[14.8975,46.6523],[14.9199,46.654],[14.9557,46.6327],[14.9312,46.6153],[14.9229,46.6209],[14.9204,46.6163],[14.922,46.6028],[14.9189,46.6019],[14.9137,46.6064],[14.9135,46.6043],[14.9045,46.6049],[14.9009,46.612],[14.8961,46.6102],[14.8898,46.6127],[14.8797,46.6113],[14.8787,46.6083],[14.8673,46.6047],[14.8648,46.5933],[14.8565,46.5922],[14.852,46.5806],[14.8396,46.5718],[14.8379,46.568],[14.8402,46.5659],[14.8345,46.5632],[14.838,46.5581],[14.8323,46.5485],[14.823,46.5459],[14.823,46.5432],[14.8319,46.5393],[14.8229,46.5356],[14.8252,46.5297],[14.8176,46.5221],[14.8186,46.5094],[14.7855,46.4995],[14.7798,46.5004],[14.7768,46.5046],[14.76,46.5045],[14.7483,46.4976],[14.7413,46.5052],[14.7284,46.4903],[14.7219,46.4982],[14.7148,46.5],[14.7092,46.4809],[14.7021,46.4804],[14.6976,46.4745],[14.7024,46.4673],[14.6993,46.4636],[14.6832,46.4679],[14.6757,46.4619],[14.6793,46.4578],[14.6748,46.4507],[14.6666,46.45],[14.6597,46.4445],[14.596,46.4368],[14.5954,46.4332],[14.5864,46.4298],[14.5844,46.4241],[14.5827,46.4167],[14.5886,46.4144],[14.5894,46.4103],[14.5866,46.4042],[14.5876,46.3959],[14.5787,46.3842],[14.5812,46.3806],[14.5762,46.3761],[14.5635,46.3723],[14.5569,46.3765],[14.5531,46.3928],[14.5421,46.4036],[14.5399,46.4116],[14.5321,46.4146],[14.5218,46.4273],[14.5055,46.4242],[14.4922,46.4129],[14.4844,46.4154],[14.4794,46.4134],[14.4764,46.4198],[14.4435,46.4226],[14.4422,46.4281],[14.4301,46.4361]]]]},"geometry_name":"geom","properties":{"g_id":"208","g_name":"Völkermarkt"},"bbox":[14.4301,46.3723,14.9557,46.8261]},{"type":"Feature","id":"STATISTIK_AUSTRIA_POLBEZ_20250101.209","geometry":{"type":"MultiPolygon","coordinates":[[[[14.6153,46.9979],[14.6277,47.0136],[14.6501,47.0141],[14.6647,47.0183],[14.69,47.0189],[14.6987,47.0163],[14.704,47.0199],[14.7161,47.0182],[14.7226,47.0206],[14.7291,47.016],[14.7269,47.0224],[14.7417,47.0304],[14.7717,47.0396],[14.7936,47.0365],[14.8077,47.039],[14.8316,47.0496],[14.8445,47.0481],[14.8404,47.0384],[14.8562,47.0253],[14.8732,47.0225],[14.8874,47.0094],[14.9039,47.0003],[14.9493,46.993],[14.9587,46.9885],[14.9668,46.982],[14.9727,46.9685],[14.9791,46.9636],[14.9797,46.9577],[14.9857,46.9532],[14.9941,46.9408],[14.9923,46.9386],[14.9988,46.9324],[14.9969,46.931],[15.0063,46.9301],[15.0174,46.9225],[15.0278,46.9077],[15.0175,46.8836],[15.0081,46.8796],[15.0108,46.8709],[15.0091,46.8565],[15.0196,46.8443],[15.0134,46.8332],[14.9973,46.8284],[14.9904,46.8224],[14.9877,46.8094],[14.9798,46.801],[14.9763,46.7848],[15.0306,46.7693],[15.0272,46.7593],[15.0336,46.7498],[15.0331,46.7425],[15.0446,46.733],[15.0359,46.7283],[15.0427,46.7234],[15.0444,46.7147],[15.0346,46.706],[15.0305,46.678],[15.0224,46.6725],[15.0346,46.6659],[15.0507,46.6701],[15.0492,46.6662],[15.0541,46.6609],[15.0634,46.6589],[15.0651,46.6521],[15.041,46.6518],[15.0162,46.6408],[14.9946,46.6212],[14.995,46.6139],[14.9794,46.6014],[14.9691,46.6261],[14.9206,46.6538],[14.8975,46.6523],[14.8857,46.6479],[14.8764,46.6521],[14.8693,46.6609],[14.8544,46.6677],[14.8602,46.6734],[14.8578,46.6759],[14.86,46.678],[14.8379,46.6735],[14.8062,46.6758],[14.8023,46.6812],[14.8022,46.6911],[14.7877,46.7014],[14.7829,46.7014],[14.7714,46.7134],[14.7605,46.7172],[14.7615,46.7202],[14.7539,46.7313],[14.7606,46.7374],[14.7559,46.7439],[14.7598,46.7475],[14.7559,46.7532],[14.7577,46.7566],[14.7524,46.7617],[14.7425,46.7615],[14.732,46.7672],[14.7291,46.778],[14.7167,46.7843],[14.7186,46.7865],[14.7073,46.7955],[14.6965,46.7982],[14.6842,46.8121],[14.6561,46.8214],[14.6522,46.8257],[14.6497,46.8316],[14.6513,46.8537],[14.6424,46.8616],[14.641,46.8752],[14.647,46.8893],[14.6621,46.8969],[14.6738,46.9151],[14.6782,46.9266],[14.6747,46.9305],[14.673,46.9433],[14.6854,46.9546],[14.6704,46.9653],[14.6468,46.9713],[14.6348,46.9777],[14.6153,46.9979]]]]},"geometry_name":"geom","properties":{"g_id":"209","g_name":"Wolfsberg"},"bbox":[14.6153,46.6014,15.0651,47.0496]},{"type":"Feature","id":"STATISTIK_AUSTRIA_POLBEZ_20250101.210","geometry":{"type":"MultiPolygon","coordinates":[[[[13.788,46.8815],[13.7968,46.8936],[13.7949,46.8978],[13.7977,46.9028],[13.7941,46.9093],[13.799,46.9159],[13.8191,46.9182],[13.8288,46.9132],[13.8427,46.9139],[13.8497,46.9095],[13.8561,46.9173],[13.8664,46.9202],[13.8809,46.917],[13.8841,46.9225],[13.897,46.9274],[13.8998,46.9337],[13.9112,46.933],[13.9187,46.9398],[13.9356,46.9454],[13.9467,46.9406],[13.9426,46.9328],[13.9479,46.925],[13.9449,46.9224],[13.9463,46.9202],[13.9558,46.9175],[13.9835,46.9175],[13.9849,46.9114],[13.9934,46.91],[13.9981,46.897],[13.9966,46.8852],[14.0007,46.8788],[13.9986,46.865],[14.0128,46.8591],[14.013,46.8551],[14.0208,46.8551],[14.0223,46.851],[14.0344,46.8472],[14.0496,46.8516],[14.0587,46.8471],[14.0712,46.8475],[14.0779,46.8428],[14.0872,46.8447],[14.098,46.8362],[14.105,46.8354],[14.103,46.8317],[14.1163,46.8425],[14.136,46.8523],[14.1374,46.8482],[14.1219,46.8424],[14.1234,46.8384],[14.1299,46.8378],[14.1257,46.8283],[14.1178,46.8162],[14.1078,46.8107],[14.1245,46.809],[14.1361,46.8026],[14.1353,46.8057],[14.14,46.8089],[14.1373,46.8109],[14.1529,46.8092],[14.1596,46.8059],[14.1607,46.7991],[14.1676,46.8021],[14.1735,46.7978],[14.1679,46.7984],[14.1573,46.7909],[14.156,46.7872],[14.1596,46.7832],[14.1693,46.7845],[14.1703,46.7803],[14.1754,46.7814],[14.1826,46.7771],[14.183,46.7819],[14.1963,46.7861],[14.196,46.7837],[14.2062,46.7801],[14.2082,46.7736],[14.2024,46.7706],[14.2094,46.7673],[14.2053,46.7622],[14.1973,46.7637],[14.1944,46.7608],[14.1857,46.7605],[14.1825,46.7567],[14.1871,46.7481],[14.2005,46.7514],[14.2047,46.7493],[14.2003,46.7425],[14.202,46.7363],[14.2333,46.7413],[14.2493,46.7386],[14.2518,46.7414],[14.2588,46.7379],[14.2586,46.7329],[14.2625,46.729],[14.2528,46.73],[14.2535,46.7279],[14.2487,46.7263],[14.2511,46.7188],[14.24,46.7159],[14.2385,46.7087],[14.2336,46.71],[14.2382,46.7061],[14.2271,46.6963],[14.2243,46.6996],[14.2036,46.702],[14.2004,46.6976],[14.1963,46.7041],[14.192,46.7002],[14.1859,46.7008],[14.183,46.6942],[14.1777,46.6938],[14.1765,46.6895],[14.1736,46.6893],[14.1731,46.6846],[14.1593,46.6758],[14.1419,46.687],[14.1396,46.6816],[14.1336,46.6813],[14.1345,46.6787],[14.1265,46.6735],[14.1063,46.6751],[14.0967,46.6716],[14.0946,46.6757],[14.0872,46.6768],[14.0853,46.673],[14.0778,46.6746],[14.052,46.6612],[14.0497,46.6647],[14.0123,46.6659],[14.0073,46.6616],[14.0004,46.6621],[13.9855,46.6552],[13.9669,46.6529],[13.955,46.6549],[13.9359,46.6467],[13.9268,46.6472],[13.9246,46.6492],[13.945,46.6526],[13.9593,46.675],[13.9551,46.6742],[13.942,46.6836],[13.9381,46.6831],[13.9376,46.6878],[13.9253,46.6882],[13.9202,46.6951],[13.9304,46.7041],[13.9348,46.7022],[13.9572,46.7112],[13.9569,46.7143],[13.9609,46.7157],[13.9547,46.7211],[13.9592,46.7252],[13.9547,46.7288],[13.9565,46.7345],[13.9531,46.7382],[13.9468,46.735],[13.9488,46.7464],[13.9412,46.7553],[13.9235,46.7569],[13.924,46.7638],[13.9101,46.7653],[13.9124,46.7709],[13.9071,46.7651],[13.8968,46.7652],[13.8828,46.7589],[13.8772,46.7601],[13.8565,46.7799],[13.8291,46.7783],[13.8278,46.7839],[13.8328,46.7912],[13.8442,46.7976],[13.8392,46.8097],[13.8417,46.8153],[13.839,46.8167],[13.8462,46.8312],[13.8346,46.8376],[13.8434,46.8436],[13.8296,46.8511],[13.8291,46.8543],[13.8115,46.8536],[13.811,46.8588],[13.8166,46.8605],[13.8162,46.8686],[13.788,46.8815]]]]},"geometry_name":"geom","properties":{"g_id":"210","g_name":"Feldkirchen"},"bbox":[13.788,46.6467,14.2625,46.9456]},{"type":"Feature","id":"STATISTIK_AUSTRIA_POLBEZ_20250101.301","geometry":{"type":"MultiPolygon","coordinates":[[[[15.525,48.4163],[15.5339,48.4195],[15.5319,48.4217],[15.5355,48.4292],[15.5258,48.435],[15.5288,48.4376],[15.5372,48.4394],[15.58,48.4339],[15.5947,48.4432],[15.6147,48.4387],[15.614,48.4435],[15.6199,48.4416],[15.6301,48.4494],[15.6457,48.4508],[15.6458,48.4434],[15.6377,48.4432],[15.6361,48.4365],[15.6428,48.4156],[15.6526,48.4138],[15.6578,48.4073],[15.6717,48.4096],[15.6718,48.4042],[15.6663,48.4031],[15.6693,48.4025],[15.6706,48.3966],[15.676,48.3946],[15.6758,48.3909],[15.6928,48.3859],[15.7063,48.3882],[15.7189,48.3838],[15.7286,48.3758],[15.7039,48.3704],[15.6954,48.3713],[15.6933,48.3683],[15.684,48.3706],[15.6667,48.3685],[15.6674,48.374],[15.6558,48.3765],[15.6277,48.3713],[15.6335,48.3725],[15.6326,48.3756],[15.6357,48.375],[15.6388,48.379],[15.629,48.3818],[15.6284,48.3868],[15.635,48.3918],[15.6366,48.3972],[15.634,48.4046],[15.5864,48.4009],[15.5594,48.3913],[15.5572,48.3946],[15.5623,48.3991],[15.5526,48.4037],[15.5569,48.4037],[15.5591,48.4087],[15.5482,48.4131],[15.5449,48.4093],[15.536,48.4092],[15.525,48.4163]]]]},"geometry_name":"geom","properties":{"g_id":"301","g_name":"Krems an der Donau(Stadt)"},"bbox":[15.525,48.3683,15.7286,48.4512]},{"type":"Feature","id":"STATISTIK_AUSTRIA_POLBEZ_20250101.302","geometry":{"type":"MultiPolygon","coordinates":[[[[15.5559,48.1787],[15.5561,48.1822],[15.5613,48.1823],[15.5617,48.1871],[15.5745,48.1903],[15.5726,48.1982],[15.5774,48.1986],[15.5757,48.2062],[15.5819,48.2104],[15.5765,48.2085],[15.5753,48.2119],[15.5829,48.2183],[15.5791,48.2231],[15.5827,48.2241],[15.5805,48.2278],[15.5864,48.2284],[15.5858,48.2324],[15.5927,48.2277],[15.6026,48.2329],[15.6132,48.2323],[15.612,48.2359],[15.6271,48.2388],[15.6378,48.248],[15.6626,48.2425],[15.6654,48.2484],[15.663,48.251],[15.6697,48.2518],[15.6654,48.2549],[15.6718,48.259],[15.6701,48.2623],[15.6963,48.2616],[15.7039,48.2637],[15.703,48.2663],[15.7078,48.2683],[15.7167,48.2628],[15.7362,48.2665],[15.7392,48.2622],[15.7326,48.2605],[15.7341,48.2558],[15.7275,48.2542],[15.728,48.2426],[15.7368,48.23],[15.7334,48.2281],[15.7318,48.2196],[15.7219,48.2176],[15.7294,48.2177],[15.7237,48.2147],[15.7235,48.2109],[15.6948,48.205],[15.6926,48.1967],[15.6697,48.1982],[15.6633,48.1901],[15.6662,48.1897],[15.6637,48.1835],[15.6655,48.1807],[15.6456,48.1757],[15.6449,48.1685],[15.6415,48.1667],[15.6419,48.1586],[15.6553,48.1512],[15.6477,48.1448],[15.655,48.1429],[15.6529,48.1377],[15.6551,48.1332],[15.6485,48.1302],[15.6533,48.1267],[15.6495,48.1226],[15.642,48.1223],[15.6409,48.1185],[15.6131,48.1242],[15.6075,48.1202],[15.601,48.1254],[15.5904,48.1258],[15.579,48.132],[15.5784,48.1441],[15.5929,48.1493],[15.5902,48.166],[15.5698,48.1678],[15.5703,48.1637],[15.5644,48.1628],[15.5589,48.1663],[15.5623,48.1696],[15.556,48.1744],[15.5559,48.1787]]]]},"geometry_name":"geom","properties":{"g_id":"302","g_name":"St. Pölten(Stadt)"},"bbox":[15.5559,48.1185,15.7392,48.2683]},{"type":"Feature","id":"STATISTIK_AUSTRIA_POLBEZ_20250101.303","geometry":{"type":"MultiPolygon","coordinates":[[[[14.6491,47.9421],[14.6642,47.9439],[14.6628,47.9471],[14.6667,47.9516],[14.6613,47.9541],[14.6698,47.9637],[14.6601,47.9675],[14.6606,47.9719],[14.6904,47.98],[14.6934,47.9854],[14.6846,47.9915],[14.6943,47.9902],[14.6945,47.994],[14.7004,47.9983],[14.7128,48.0014],[14.7225,47.9964],[14.7307,47.9979],[14.7363,47.9928],[14.737,47.9865],[14.7517,47.9784],[14.7523,47.9848],[14.7666,47.9823],[14.7741,47.9836],[14.779,47.9886],[14.8142,47.9927],[14.8169,47.9986],[14.8331,48.0053],[14.8408,48.0129],[14.8597,48.0116],[14.8599,48.0205],[14.8574,48.0222],[14.8596,48.0231],[14.8746,48.0171],[14.8707,48.0158],[14.8726,48.0111],[14.8773,48.0095],[14.8908,48.0075],[14.8918,48.0099],[14.8849,48.0134],[14.8876,48.0141],[14.9019,48.0111],[14.9012,48.0064],[14.9037,48.0052],[14.881,47.9974],[14.9024,47.9912],[14.8989,47.9868],[14.9173,47.9847],[14.914,47.99],[14.9177,47.9911],[14.933,47.9834],[14.9256,47.9828],[14.9193,47.9737],[14.8925,47.9789],[14.8727,47.9712],[14.8308,47.9683],[14.8302,47.963],[14.8216,47.954],[14.8204,47.9467],[14.8278,47.9258],[14.8368,47.9218],[14.8333,47.9184],[14.8343,47.9097],[14.8254,47.9126],[14.8196,47.9087],[14.822,47.8991],[14.8085,47.8979],[14.7912,47.8841],[14.7798,47.8805],[14.7695,47.8796],[14.7718,47.8836],[14.7587,47.8968],[14.7596,47.9005],[14.7479,47.9094],[14.7435,47.9175],[14.7292,47.9243],[14.7279,47.935],[14.709,47.9318],[14.7036,47.9256],[14.6849,47.9293],[14.6656,47.9392],[14.6491,47.9421]]]]},"geometry_name":"geom","properties":{"g_id":"303","g_name":"Waidhofen an der Ybbs(Stadt)"},"bbox":[14.6491,47.8794,14.933,48.0231]},{"type":"Feature","id":"STATISTIK_AUSTRIA_POLBEZ_20250101.304","geometry":{"type":"MultiPolygon","coordinates":[[[[16.1465,47.7552],[16.1783,47.7739],[16.1836,47.7709],[16.186,47.7743],[16.1909,47.8072],[16.1973,47.808],[16.2027,47.8224],[16.2109,47.8227],[16.1959,47.8278],[16.1953,47.8328],[16.189,47.8343],[16.192,47.8447],[16.1981,47.852],[16.2041,47.8493],[16.2081,47.8581],[16.2128,47.8573],[16.204,47.8624],[16.206,47.8676],[16.2236,47.8716],[16.2217,47.8472],[16.2708,47.8445],[16.2722,47.8544],[16.2763,47.8531],[16.2828,47.8392],[16.2675,47.8299],[16.284,47.8224],[16.2818,47.8184],[16.2859,47.8115],[16.2772,47.8097],[16.2687,47.7911],[16.2453,47.7931],[16.2416,47.7737],[16.2251,47.7757],[16.2153,47.7511],[16.2113,47.7498],[16.1923,47.7508],[16.1864,47.756],[16.1873,47.759],[16.1748,47.7474],[16.1607,47.7427],[16.1465,47.7552]]]]},"geometry_name":"geom","properties":{"g_id":"304","g_name":"Wiener Neustadt(Stadt)"},"bbox":[16.1465,47.7427,16.2859,47.8716]},{"type":"Feature","id":"STATISTIK_AUSTRIA_POLBEZ_20250101.305","geometry":{"type":"MultiPolygon","coordinates":[[[[14.4526,48.0639],[14.4594,48.0726],[14.4545,48.0802],[14.4698,48.0848],[14.4687,48.0874],[14.4588,48.0861],[14.459,48.0911],[14.4691,48.1003],[14.4947,48.1118],[14.489,48.1168],[14.4677,48.1221],[14.4778,48.1346],[14.477,48.1406],[14.4674,48.149],[14.4778,48.1608],[14.4839,48.1746],[14.479,48.1825],[14.4827,48.19],[14.48,48.1956],[14.4813,48.2033],[14.4904,48.2228],[14.5212,48.2376],[14.5467,48.2349],[14.5833,48.2237],[14.611,48.1961],[14.6254,48.1895],[14.6345,48.1801],[14.6458,48.1739],[14.6614,48.171],[14.661,48.1673],[14.673,48.1615],[14.6902,48.1571],[14.7052,48.1626],[14.7055,48.1688],[14.7153,48.1787],[14.7257,48.1782],[14.7393,48.1721],[14.8061,48.1877],[14.8331,48.1904],[14.8452,48.1957],[14.8554,48.2094],[14.8567,48.2244],[14.8599,48.2268],[14.8815,48.2326],[14.8877,48.2325],[14.8936,48.2279],[14.9149,48.2329],[14.9377,48.231],[14.9453,48.2264],[14.9619,48.2027],[14.993,48.1955],[14.9798,48.1942],[14.9787,48.1865],[14.9751,48.1868],[14.9779,48.1842],[14.9609,48.1867],[14.9576,48.1814],[14.9711,48.1755],[14.9686,48.173],[14.9719,48.1685],[14.9687,48.1633],[14.9718,48.1594],[14.9635,48.1537],[14.9769,48.1432],[14.9776,48.139],[14.973,48.1362],[14.9779,48.1163],[14.9752,48.115],[14.9792,48.1145],[14.9772,48.1117],[14.9808,48.1106],[14.9879,48.1159],[14.997,48.1155],[15.0013,48.1189],[15.0043,48.1152],[15.0154,48.1171],[15.0159,48.1144],[15.0116,48.113],[15.0145,48.1106],[15.0109,48.105],[15.0129,48.1024],[15.0073,48.0994],[15.0153,48.0955],[15.0052,48.0945],[15.0103,48.0867],[15.0012,48.0714],[14.9842,48.0728],[14.9661,48.0672],[14.9659,48.0556],[14.9716,48.0515],[14.9737,48.0418],[14.9592,48.0416],[14.958,48.0442],[14.9538,48.0411],[14.9507,48.0435],[14.9542,48.0388],[14.9382,48.0405],[14.9308,48.0352],[14.9248,48.0377],[14.9197,48.0351],[14.9208,48.0326],[14.9114,48.0334],[14.9123,48.0296],[14.8998,48.0323],[14.903,48.0222],[14.8969,48.0189],[14.8895,48.0201],[14.8901,48.0255],[14.8843,48.028],[14.883,48.0226],[14.86,48.0236],[14.8574,48.0222],[14.8599,48.0205],[14.8597,48.0116],[14.8408,48.0129],[14.8331,48.0053],[14.8169,47.9986],[14.8137,47.9925],[14.779,47.9886],[14.7741,47.9836],[14.7666,47.9823],[14.7523,47.9848],[14.7517,47.9784],[14.737,47.9865],[14.7363,47.9928],[14.7317,47.9974],[14.7225,47.9964],[14.7081,48.0009],[14.6945,47.994],[14.6943,47.9902],[14.6846,47.9915],[14.6934,47.9854],[14.6904,47.98],[14.6606,47.9719],[14.6601,47.9675],[14.6698,47.9637],[14.6613,47.9541],[14.6667,47.9516],[14.6628,47.9471],[14.6638,47.9433],[14.6594,47.9416],[14.6272,47.943],[14.6211,47.9477],[14.608,47.9492],[14.5919,47.9596],[14.5855,47.9674],[14.5602,47.975],[14.554,47.982],[14.5317,47.99],[14.5039,47.9936],[14.4932,47.998],[14.4921,48.0109],[14.4871,48.0122],[14.473,48.027],[14.4722,48.0316],[14.4676,48.0336],[14.47,48.038],[14.4561,48.043],[14.4603,48.0617],[14.4526,48.0639]]],[[[14.7094,47.82],[14.7228,47.8322],[14.7213,47.8388],[14.725,47.8411],[14.7112,47.8461],[14.7109,47.8514],[14.7348,47.8636],[14.7573,47.8676],[14.7695,47.8796],[14.7869,47.8816],[14.8085,47.8979],[14.822,47.8991],[14.8196,47.9087],[14.8278,47.9138],[14.8343,47.9097],[14.8333,47.9184],[14.8368,47.9218],[14.8278,47.9258],[14.8204,47.9467],[14.8217,47.9542],[14.8334,47.9697],[14.8727,47.9712],[14.8925,47.9789],[14.9256,47.9718],[14.9517,47.9738],[14.9542,47.9702],[14.9497,47.9657],[14.9526,47.9646],[14.9436,47.9609],[14.9572,47.959],[14.9571,47.9566],[14.9459,47.9443],[14.9442,47.928],[14.9521,47.9238],[14.9598,47.9306],[14.9721,47.931],[14.9771,47.9272],[14.9808,47.9313],[14.9948,47.9317],[14.9974,47.9228],[15.01,47.9142],[15.0023,47.9076],[14.9913,47.9093],[14.9671,47.9018],[14.9667,47.8892],[14.9478,47.8787],[14.9401,47.8678],[14.9322,47.8635],[14.9358,47.8563],[14.934,47.8525],[14.9398,47.8528],[14.9417,47.8483],[14.9484,47.8458],[14.9483,47.8396],[14.9067,47.8295],[14.9076,47.8207],[14.9029,47.8189],[14.9039,47.8152],[14.8864,47.811],[14.8852,47.8078],[14.8922,47.8069],[14.8927,47.8028],[14.8773,47.8013],[14.844,47.7901],[14.854,47.7729],[14.8745,47.7669],[14.8488,47.7514],[14.8473,47.7477],[14.8581,47.7405],[14.8408,47.7342],[14.8309,47.7389],[14.8329,47.7437],[14.8183,47.7442],[14.8094,47.7371],[14.7991,47.7381],[14.767,47.7263],[14.7592,47.7343],[14.7404,47.7413],[14.736,47.7467],[14.7464,47.7559],[14.7234,47.7669],[14.7119,47.7901],[14.7315,47.7991],[14.7318,47.8041],[14.7127,47.8137],[14.7094,47.82]]]]},"geometry_name":"geom","properties":{"g_id":"305","g_name":"Amstetten"},"bbox":[14.4526,47.7263,15.0159,48.2379]},{"type":"Feature","id":"STATISTIK_AUSTRIA_POLBEZ_20250101.306","geometry":{"type":"MultiPolygon","coordinates":[[[[15.8662,47.9721],[15.8731,47.9786],[15.8663,47.9918],[15.8668,47.9964],[15.8766,48.0009],[15.8939,47.9963],[15.9007,47.9977],[15.9103,47.9929],[15.948,47.9983],[15.9349,48.0089],[15.9321,48.0079],[15.9368,48.0176],[15.9494,48.0233],[15.9343,48.0263],[15.9345,48.043],[15.9373,48.0462],[15.9187,48.0553],[15.9103,48.054],[15.9051,48.0495],[15.8812,48.054],[15.8796,48.0707],[15.8755,48.076],[15.902,48.0815],[15.9201,48.0906],[15.9197,48.0967],[15.9117,48.1018],[15.9126,48.1069],[15.9292,48.1074],[15.9353,48.1155],[15.9518,48.1185],[15.9635,48.1287],[15.9956,48.1457],[16.0033,48.1385],[16.0168,48.1374],[16.0319,48.1413],[16.0372,48.1368],[16.0492,48.1381],[16.0483,48.1341],[16.0583,48.1322],[16.0568,48.1291],[16.0398,48.1229],[16.0397,48.1125],[16.051,48.107],[16.0416,48.0982],[16.0472,48.0823],[16.0606,48.0901],[16.0724,48.086],[16.0794,48.0885],[16.0839,48.0722],[16.0956,48.0735],[16.0954,48.0662],[16.1055,48.0616],[16.1143,48.0748],[16.1249,48.0733],[16.1301,48.0764],[16.1286,48.0729],[16.1373,48.0783],[16.1479,48.0691],[16.1612,48.0644],[16.1566,48.0584],[16.1608,48.048],[16.1913,48.0387],[16.2064,48.038],[16.2272,48.0254],[16.2345,48.0361],[16.2458,48.0353],[16.2505,48.0397],[16.2659,48.0343],[16.2691,48.0368],[16.2853,48.0292],[16.2975,48.0343],[16.296,48.0382],[16.3025,48.0439],[16.324,48.0327],[16.3559,48.0228],[16.3517,48.0186],[16.3582,48.0186],[16.3752,48.0078],[16.3917,48.0032],[16.4079,48.0059],[16.4097,48.0016],[16.4379,47.9954],[16.4495,47.9878],[16.4577,47.9875],[16.4745,48.0043],[16.488,48.0093],[16.495,48.0208],[16.5056,48.0249],[16.5603,47.9936],[16.5522,47.9857],[16.5571,47.9795],[16.5456,47.9727],[16.5354,47.9572],[16.5396,47.9525],[16.5051,47.9384],[16.4894,47.943],[16.4792,47.9373],[16.4667,47.9399],[16.4482,47.9337],[16.427,47.9197],[16.4271,47.9156],[16.4194,47.9134],[16.4245,47.9117],[16.4197,47.9061],[16.4229,47.9028],[16.42,47.8947],[16.4098,47.8931],[16.4162,47.8904],[16.4081,47.8844],[16.4125,47.8814],[16.4003,47.876],[16.3889,47.8816],[16.3913,47.8863],[16.383,47.8825],[16.3898,47.8929],[16.3783,47.903],[16.3587,47.886],[16.348,47.8946],[16.284,47.9149],[16.2723,47.9123],[16.2669,47.9156],[16.2542,47.9147],[16.2439,47.9112],[16.2338,47.9129],[16.2372,47.9163],[16.2295,47.9198],[16.2299,47.9155],[16.2254,47.9168],[16.2218,47.9137],[16.2268,47.9092],[16.2214,47.9073],[16.2188,47.8979],[16.2106,47.8982],[16.2038,47.9021],[16.2026,47.9062],[16.1936,47.907],[16.1809,47.9028],[16.1745,47.8951],[16.1564,47.8913],[16.1488,47.8837],[16.1197,47.8876],[16.1078,47.8857],[16.1087,47.8828],[16.1225,47.8773],[16.1159,47.8779],[16.1139,47.8752],[16.1037,47.8837],[16.0859,47.8851],[16.0918,47.8926],[16.0837,47.8972],[16.0858,47.8996],[16.0954,47.8991],[16.0935,47.9024],[16.055,47.898],[16.0481,47.9007],[16.0269,47.8929],[16.0119,47.893],[16.0129,47.8975],[16.0074,47.9037],[16.0154,47.9141],[16.0148,47.9225],[16.023,47.9278],[16.0207,47.9302],[16.0159,47.9321],[16.0026,47.9297],[15.9979,47.9235],[15.9887,47.927],[15.9935,47.9352],[15.9913,47.9383],[15.9966,47.9368],[15.9982,47.9422],[15.9879,47.9369],[15.9808,47.9369],[15.9777,47.9324],[15.9663,47.9346],[15.9615,47.929],[15.9473,47.9268],[15.9435,47.9332],[15.9488,47.9353],[15.9508,47.9419],[15.9453,47.9468],[15.9323,47.9466],[15.9183,47.956],[15.9125,47.9526],[15.8928,47.953],[15.8719,47.9601],[15.8662,47.9721]]]]},"geometry_name":"geom","properties":{"g_id":"306","g_name":"Baden"},"bbox":[15.8662,47.8751,16.5603,48.1457]},{"type":"Feature","id":"STATISTIK_AUSTRIA_POLBEZ_20250101.307","geometry":{"type":"MultiPolygon","coordinates":[[[[16.3753,48.0994],[16.3807,48.1098],[16.3851,48.1112],[16.3824,48.1119],[16.3883,48.1254],[16.4051,48.122],[16.4083,48.1179],[16.4229,48.1231],[16.437,48.1199],[16.4331,48.1379],[16.4561,48.1398],[16.4771,48.1541],[16.4776,48.1574],[16.4881,48.1552],[16.4934,48.1588],[16.4984,48.1562],[16.5166,48.1584],[16.5427,48.1434],[16.576,48.1352],[16.577,48.1444],[16.5893,48.1447],[16.6135,48.1347],[16.6479,48.1291],[16.6539,48.1255],[16.6543,48.1178],[16.6589,48.1227],[16.669,48.1216],[16.6711,48.1166],[16.6943,48.118],[16.7255,48.1229],[16.7439,48.1309],[16.7499,48.1292],[16.7561,48.1197],[16.7686,48.1158],[16.7889,48.1151],[16.7963,48.1211],[16.8066,48.1235],[16.8156,48.1241],[16.8246,48.1188],[16.8502,48.1245],[16.848,48.141],[16.855,48.1476],[16.872,48.1483],[16.8741,48.1411],[16.8802,48.1392],[16.8887,48.1456],[16.9005,48.1412],[16.9191,48.1555],[16.931,48.1572],[16.9257,48.1608],[16.9303,48.1695],[16.9346,48.1744],[16.9431,48.1766],[16.9532,48.1753],[16.9612,48.1688],[16.9761,48.1723],[17.0133,48.153],[17.0283,48.1408],[17.0572,48.1438],[17.0688,48.1242],[17.0622,48.1232],[17.0667,48.1187],[17.062,48.1132],[17.0639,48.1098],[17.0414,48.1017],[17.036,48.0843],[17.0025,48.0927],[17.0288,48.1001],[17.0202,48.1056],[17.0044,48.0987],[16.9979,48.1091],[16.9855,48.112],[16.9849,48.1064],[16.9746,48.1046],[16.9686,48.0962],[16.9778,48.0951],[17.017,48.074],[16.9971,48.0528],[16.9865,48.0289],[16.9792,48.0234],[16.969,48.0262],[16.9718,48.0361],[16.975,48.0351],[16.9715,48.0398],[16.9489,48.0474],[16.9198,48.0509],[16.9152,48.0567],[16.92,48.0629],[16.9171,48.0674],[16.8899,48.0746],[16.8823,48.0682],[16.8741,48.0723],[16.8721,48.0694],[16.8698,48.0708],[16.8672,48.0658],[16.8602,48.0633],[16.8614,48.0601],[16.8577,48.0608],[16.8592,48.058],[16.8561,48.0546],[16.8503,48.0573],[16.845,48.055],[16.8469,48.0542],[16.8427,48.0461],[16.8355,48.0449],[16.8287,48.0389],[16.837,48.0376],[16.838,48.0328],[16.8278,48.0283],[16.7997,48.0289],[16.7943,48.0229],[16.7862,48.0207],[16.782,48.0231],[16.7536,48.0119],[16.7463,48.015],[16.7374,48.0142],[16.7394,48.011],[16.735,48.0096],[16.7124,48.0127],[16.705,48.0097],[16.7029,48.0124],[16.7014,47.9877],[16.6955,47.9859],[16.7025,47.9724],[16.6992,47.9707],[16.6992,47.9662],[16.6648,47.9569],[16.6593,47.9612],[16.6516,47.9557],[16.6523,47.9492],[16.6333,47.9457],[16.6305,47.9394],[16.6323,47.9295],[16.6241,47.9259],[16.6011,47.9056],[16.59,47.9013],[16.581,47.8891],[16.5741,47.8863],[16.5727,47.8936],[16.5564,47.9022],[16.5529,47.9116],[16.5235,47.9346],[16.5187,47.9435],[16.5402,47.9532],[16.5352,47.9568],[16.5456,47.9727],[16.5571,47.9795],[16.5522,47.9857],[16.5603,47.9936],[16.5056,48.0249],[16.495,48.0208],[16.488,48.0093],[16.4745,48.0043],[16.458,47.9875],[16.4495,47.9878],[16.4379,47.9954],[16.4097,48.0016],[16.4084,48.0081],[16.4166,48.0293],[16.4136,48.0339],[16.4159,48.0358],[16.4117,48.0377],[16.4155,48.0388],[16.4169,48.0495],[16.4027,48.0532],[16.4049,48.0636],[16.3997,48.0731],[16.4044,48.0744],[16.4001,48.08],[16.4151,48.0909],[16.3753,48.0994]]]]},"geometry_name":"geom","properties":{"g_id":"307","g_name":"Bruck an der Leitha"},"bbox":[16.3753,47.8863,17.0688,48.1766]},{"type":"Feature","id":"STATISTIK_AUSTRIA_POLBEZ_20250101.308","geometry":{"type":"MultiPolygon","coordinates":[[[[16.5022,48.2904],[16.5133,48.3132],[16.5257,48.3285],[16.5452,48.3253],[16.549,48.332],[16.603,48.3144],[16.6128,48.321],[16.6171,48.3158],[16.6496,48.3277],[16.661,48.3381],[16.6357,48.3453],[16.6421,48.3551],[16.6271,48.358],[16.6291,48.364],[16.6124,48.3755],[16.6133,48.3776],[16.5976,48.3793],[16.5969,48.3907],[16.5847,48.3961],[16.5818,48.4046],[16.5699,48.4159],[16.5769,48.4158],[16.5812,48.4202],[16.578,48.4275],[16.5666,48.4255],[16.5565,48.4302],[16.5583,48.4424],[16.5537,48.4547],[16.5444,48.4614],[16.5486,48.4662],[16.5552,48.4643],[16.5569,48.4676],[16.573,48.4716],[16.5852,48.4693],[16.5938,48.4714],[16.6065,48.465],[16.6127,48.4746],[16.6372,48.465],[16.6572,48.4805],[16.6486,48.4858],[16.6314,48.4896],[16.6357,48.5022],[16.6424,48.5089],[16.6543,48.5085],[16.6647,48.5223],[16.6885,48.5316],[16.7016,48.5302],[16.6863,48.5564],[16.68,48.5613],[16.6832,48.5631],[16.6832,48.5699],[16.68,48.5726],[16.6929,48.5811],[16.6917,48.5831],[16.704,48.5876],[16.7015,48.6027],[16.6923,48.6196],[16.6777,48.6307],[16.7102,48.6212],[16.7061,48.6159],[16.7252,48.6059],[16.7364,48.6096],[16.7276,48.6143],[16.7296,48.6209],[16.7323,48.6212],[16.7301,48.6228],[16.7321,48.6266],[16.7603,48.6258],[16.779,48.6354],[16.7853,48.6291],[16.803,48.6258],[16.8015,48.6193],[16.8143,48.6142],[16.8247,48.6156],[16.8462,48.6074],[16.8581,48.6107],[16.8529,48.6127],[16.853,48.6165],[16.8589,48.617],[16.8466,48.6238],[16.8592,48.6343],[16.9065,48.6254],[16.9075,48.6373],[16.904,48.6409],[16.9151,48.6449],[16.9215,48.643],[16.9231,48.6389],[16.9267,48.6412],[16.926,48.6323],[16.9189,48.6265],[16.9187,48.6225],[16.9401,48.6172],[16.9419,48.606],[16.9336,48.6011],[16.9391,48.5836],[16.9356,48.5714],[16.9447,48.56],[16.9429,48.552],[16.9538,48.5427],[16.9489,48.5336],[16.9404,48.5272],[16.9432,48.5216],[16.9219,48.5203],[16.9196,48.5181],[16.9222,48.5135],[16.9139,48.512],[16.9168,48.4953],[16.9113,48.4946],[16.9049,48.4985],[16.8961,48.4966],[16.8899,48.4917],[16.8962,48.4865],[16.8904,48.4812],[16.89,48.4764],[16.8807,48.4775],[16.8741,48.4677],[16.8648,48.4655],[16.8595,48.4594],[16.8639,48.4557],[16.8631,48.453],[16.8504,48.4498],[16.8516,48.4349],[16.8636,48.4193],[16.8506,48.4104],[16.8559,48.3959],[16.8505,48.3907],[16.8505,48.3832],[16.8363,48.3838],[16.8332,48.3802],[16.8413,48.3713],[16.8391,48.3652],[16.8444,48.3502],[16.8734,48.3487],[16.8752,48.3455],[16.8694,48.3411],[16.8716,48.3379],[16.9088,48.326],[16.8946,48.3102],[16.9003,48.2984],[16.9195,48.2778],[16.9203,48.2735],[16.9462,48.2704],[16.9572,48.2636],[16.9514,48.2567],[16.9461,48.2359],[16.9618,48.2208],[16.9624,48.2136],[16.9763,48.1898],[16.9761,48.1723],[16.9612,48.1688],[16.952,48.1757],[16.937,48.1757],[16.9257,48.161],[16.931,48.1572],[16.9191,48.1555],[16.9005,48.1412],[16.8887,48.1456],[16.8802,48.1392],[16.8741,48.1411],[16.872,48.1483],[16.8547,48.1475],[16.848,48.141],[16.8502,48.1245],[16.8246,48.1188],[16.8139,48.1241],[16.7963,48.1211],[16.7889,48.1151],[16.7686,48.1158],[16.7561,48.1197],[16.7499,48.1292],[16.7438,48.1309],[16.7255,48.1229],[16.6943,48.118],[16.6711,48.1166],[16.669,48.1216],[16.6589,48.1227],[16.6543,48.1178],[16.6539,48.1255],[16.6479,48.1291],[16.6135,48.1347],[16.5893,48.1447],[16.577,48.1444],[16.5774,48.1513],[16.5733,48.1551],[16.5764,48.1589],[16.5743,48.1625],[16.5681,48.1636],[16.5616,48.1604],[16.5556,48.1645],[16.5563,48.1617],[16.5528,48.1622],[16.5468,48.1708],[16.551,48.173],[16.5479,48.1778],[16.541,48.1766],[16.5447,48.1729],[16.5367,48.1735],[16.5408,48.1738],[16.5363,48.1775],[16.5377,48.1825],[16.5417,48.1817],[16.538,48.1834],[16.5418,48.1914],[16.5363,48.2004],[16.5455,48.215],[16.5527,48.2389],[16.5478,48.2403],[16.5482,48.2427],[16.5394,48.2428],[16.547,48.263],[16.5302,48.2624],[16.5128,48.2678],[16.5141,48.271],[16.5067,48.2736],[16.5149,48.2855],[16.5022,48.2904]]]]},"geometry_name":"geom","properties":{"g_id":"308","g_name":"Gänserndorf"},"bbox":[16.5022,48.1151,16.9774,48.6449]},{"type":"Feature","id":"STATISTIK_AUSTRIA_POLBEZ_20250101.309","geometry":{"type":"MultiPolygon","coordinates":[[[[14.6902,48.5816],[14.6929,48.5853],[14.7011,48.5826],[14.706,48.5849],[14.7081,48.5936],[14.7211,48.6024],[14.7141,48.6174],[14.7222,48.6384],[14.7192,48.6402],[14.7186,48.6491],[14.7123,48.6501],[14.7193,48.6682],[14.727,48.6786],[14.727,48.6871],[14.7362,48.6987],[14.7554,48.7032],[14.7569,48.7093],[14.7741,48.7116],[14.7856,48.7183],[14.7945,48.7299],[14.8081,48.7339],[14.8005,48.7475],[14.8115,48.7614],[14.8122,48.7646],[14.8063,48.7717],[14.8099,48.7739],[14.8087,48.7788],[14.8248,48.7838],[14.8294,48.7805],[14.8425,48.784],[14.846,48.7794],[14.8572,48.7758],[14.8685,48.7811],[14.8813,48.7801],[14.8861,48.7765],[14.8847,48.772],[14.8879,48.7701],[14.8964,48.7723],[14.9061,48.767],[14.9177,48.7698],[14.9401,48.7613],[14.9523,48.7617],[14.9557,48.7581],[14.9795,48.7723],[14.9795,48.7798],[14.9534,48.7895],[14.9556,48.7929],[14.9532,48.7952],[14.9574,48.7995],[14.9553,48.8013],[14.9605,48.8045],[14.9582,48.8139],[14.9697,48.8239],[14.9684,48.8371],[14.9721,48.8423],[14.9845,48.8424],[14.9777,48.8531],[14.9734,48.8531],[14.9729,48.8746],[14.9838,48.8747],[14.9835,48.8909],[14.9889,48.891],[14.9873,48.8957],[14.9916,48.8973],[14.9929,48.904],[14.99,48.9159],[14.9849,48.9245],[14.979,48.928],[14.9865,48.9361],[14.9765,48.9558],[14.9762,48.971],[14.9784,48.9804],[14.981,48.9781],[14.9845,48.9866],[14.9978,48.9919],[14.9951,48.9932],[15.0008,49.0037],[14.9904,49.0096],[14.9951,49.0147],[15.003,49.0115],[15.0217,49.0205],[15.0404,49.0115],[15.0546,49.0156],[15.0654,49.0142],[15.0673,49.0062],[15.0644,49.0043],[15.0651,48.9995],[15.1026,48.9938],[15.1077,48.999],[15.129,48.9975],[15.1328,49.0007],[15.1563,48.9933],[15.1575,48.9847],[15.1528,48.9844],[15.1511,48.9809],[15.1623,48.9774],[15.1595,48.9721],[15.1656,48.9699],[15.1698,48.9622],[15.1624,48.9573],[15.1554,48.9461],[15.1602,48.9439],[15.1592,48.9411],[15.1651,48.9403],[15.1689,48.9329],[15.187,48.9227],[15.1812,48.9191],[15.1801,48.9015],[15.1846,48.8999],[15.1791,48.8965],[15.1843,48.8945],[15.1794,48.8916],[15.1838,48.8899],[15.1801,48.8875],[15.1874,48.8858],[15.1879,48.881],[15.1824,48.8789],[15.1742,48.8825],[15.1627,48.8766],[15.1627,48.8717],[15.1727,48.8633],[15.1721,48.8578],[15.1516,48.8554],[15.1534,48.8503],[15.1473,48.8441],[15.1523,48.8427],[15.1455,48.8389],[15.1572,48.835],[15.1573,48.8282],[15.1544,48.826],[15.1653,48.8224],[15.1701,48.8125],[15.1581,48.8103],[15.154,48.7964],[15.1476,48.8004],[15.1283,48.7928],[15.131,48.7877],[15.1267,48.7804],[15.1338,48.7722],[15.1173,48.7626],[15.1172,48.7595],[15.1299,48.7545],[15.1348,48.7491],[15.1448,48.7484],[15.1433,48.7322],[15.1472,48.7293],[15.1431,48.7255],[15.1539,48.725],[15.1575,48.722],[15.1555,48.7187],[15.1469,48.7185],[15.152,48.7131],[15.142,48.6896],[15.1346,48.6896],[15.1295,48.6947],[15.1245,48.7053],[15.1275,48.7094],[15.12,48.7131],[15.1089,48.7122],[15.1079,48.7087],[15.1009,48.7102],[15.0997,48.7075],[15.1043,48.7023],[15.1092,48.702],[15.1132,48.6891],[15.1009,48.6941],[15.0926,48.6939],[15.079,48.7017],[15.0657,48.6954],[15.0576,48.6963],[15.0533,48.702],[15.0338,48.7052],[15.0225,48.7046],[15.024,48.7013],[15.0167,48.7003],[14.9993,48.701],[14.9925,48.7042],[14.9954,48.6951],[14.9779,48.6961],[14.9888,48.6857],[14.9887,48.6776],[14.9767,48.6751],[14.981,48.6692],[14.998,48.6636],[15.0001,48.6605],[14.998,48.6575],[15.0055,48.6525],[15.0138,48.6523],[15.0181,48.6482],[15.009,48.6444],[15.0037,48.6324],[15.006,48.6272],[14.9989,48.6263],[14.9979,48.63],[14.9882,48.6345],[14.9726,48.6246],[14.9661,48.6238],[14.9528,48.6316],[14.9486,48.6305],[14.9355,48.61],[14.9103,48.6158],[14.901,48.6232],[14.8844,48.6238],[14.8864,48.6201],[14.8824,48.6175],[14.8742,48.6201],[14.859,48.6124],[14.8542,48.6021],[14.8451,48.6075],[14.8434,48.6035],[14.8351,48.6057],[14.8303,48.5941],[14.8129,48.6002],[14.8053,48.5951],[14.7998,48.5952],[14.7977,48.5909],[14.791,48.5932],[14.7866,48.5892],[14.7951,48.5846],[14.7911,48.5797],[14.7846,48.5787],[14.7942,48.5747],[14.8006,48.5764],[14.7986,48.5727],[14.814,48.5623],[14.8111,48.5537],[14.7833,48.5603],[14.7733,48.5554],[14.7668,48.5581],[14.763,48.5638],[14.7579,48.5639],[14.7496,48.5627],[14.7433,48.5584],[14.7433,48.5522],[14.7394,48.5515],[14.7363,48.5527],[14.7375,48.557],[14.7306,48.5619],[14.7245,48.5621],[14.7213,48.5698],[14.7121,48.5786],[14.6902,48.5816]]]]},"geometry_name":"geom","properties":{"g_id":"309","g_name":"Gmünd"},"bbox":[14.6902,48.5514,15.1879,49.0205]},{"type":"Feature","id":"STATISTIK_AUSTRIA_POLBEZ_20250101.310","geometry":{"type":"MultiPolygon","coordinates":[[[[15.7333,48.8291],[15.7533,48.8519],[15.7711,48.8644],[15.7795,48.8749],[15.8276,48.871],[15.8396,48.8775],[15.845,48.8757],[15.8437,48.8729],[15.8522,48.8671],[15.8415,48.862],[15.8427,48.8596],[15.8574,48.8577],[15.8637,48.8524],[15.8747,48.8547],[15.8714,48.8603],[15.8774,48.8593],[15.8808,48.8552],[15.8797,48.8479],[15.8846,48.842],[15.8902,48.8431],[15.8934,48.849],[15.898,48.8481],[15.9052,48.8388],[15.8973,48.8382],[15.8928,48.8433],[15.8909,48.8383],[15.8932,48.8346],[15.9198,48.8388],[15.9218,48.835],[15.9309,48.8336],[15.9243,48.8242],[15.9346,48.8191],[15.9406,48.8197],[15.9422,48.8278],[15.9479,48.8267],[15.9463,48.8226],[15.9584,48.8231],[15.9599,48.8198],[15.9519,48.8138],[15.9496,48.8052],[15.9596,48.7984],[15.9686,48.7969],[15.9946,48.7792],[16.0941,48.7466],[16.1069,48.7453],[16.1172,48.7482],[16.1389,48.7427],[16.1393,48.7454],[16.1499,48.7432],[16.154,48.7488],[16.2235,48.7401],[16.2224,48.7343],[16.2156,48.7358],[16.2244,48.7304],[16.222,48.7242],[16.2278,48.7227],[16.2277,48.7172],[16.2205,48.7092],[16.2256,48.7058],[16.21,48.7023],[16.2096,48.6981],[16.2158,48.6978],[16.2151,48.6908],[16.2052,48.6749],[16.2009,48.6728],[16.2013,48.649],[16.2329,48.6525],[16.2339,48.6575],[16.2576,48.6547],[16.2619,48.6435],[16.2525,48.6411],[16.2594,48.6343],[16.2551,48.6336],[16.2581,48.6175],[16.2684,48.6026],[16.3009,48.6089],[16.3041,48.6069],[16.3018,48.5946],[16.2945,48.5946],[16.2884,48.5904],[16.2892,48.566],[16.2828,48.554],[16.2698,48.5646],[16.2661,48.5721],[16.2466,48.5677],[16.2296,48.5699],[16.2307,48.5641],[16.2212,48.5627],[16.2211,48.5485],[16.2151,48.5447],[16.1909,48.5407],[16.1881,48.538],[16.1906,48.5339],[16.1827,48.5291],[16.1808,48.5208],[16.1889,48.5165],[16.1906,48.5109],[16.1843,48.497],[16.1891,48.4932],[16.1833,48.4861],[16.1798,48.4879],[16.1699,48.4722],[16.1575,48.4758],[16.1552,48.4797],[16.146,48.4682],[16.1336,48.4631],[16.1184,48.4663],[16.1052,48.4756],[16.1008,48.4736],[16.0973,48.4651],[16.0779,48.4682],[16.0657,48.475],[16.0717,48.4944],[16.0607,48.4949],[16.0512,48.4894],[16.046,48.4935],[16.0401,48.4929],[16.0321,48.4887],[16.0194,48.4965],[15.9978,48.4944],[15.9869,48.5008],[15.9773,48.4897],[15.9684,48.4872],[15.9591,48.4907],[15.9395,48.4843],[15.935,48.4857],[15.9297,48.4787],[15.9196,48.4812],[15.9102,48.4782],[15.9065,48.4834],[15.906,48.4942],[15.8991,48.4957],[15.872,48.4926],[15.8567,48.4948],[15.8519,48.4885],[15.8557,48.4879],[15.8533,48.4821],[15.84,48.4876],[15.8424,48.4887],[15.8406,48.49],[15.8128,48.4972],[15.8052,48.4933],[15.8034,48.4849],[15.7755,48.4886],[15.7791,48.4945],[15.7731,48.4961],[15.772,48.4998],[15.7748,48.5017],[15.7556,48.5052],[15.752,48.5191],[15.7348,48.5262],[15.7338,48.5369],[15.7402,48.5422],[15.7529,48.5433],[15.7609,48.5383],[15.7628,48.542],[15.7479,48.5527],[15.746,48.5583],[15.7492,48.5648],[15.7383,48.5699],[15.7398,48.572],[15.7591,48.5831],[15.7674,48.5793],[15.7717,48.5807],[15.7726,48.5852],[15.7858,48.5815],[15.7962,48.5848],[15.7976,48.5886],[15.814,48.5845],[15.8253,48.5874],[15.8153,48.5964],[15.8153,48.5998],[15.8285,48.6027],[15.8347,48.6015],[15.8343,48.5984],[15.8406,48.6039],[15.8776,48.6037],[15.9083,48.5981],[15.9063,48.6219],[15.9111,48.6372],[15.9112,48.6531],[15.9285,48.6633],[15.9373,48.663],[15.9409,48.6717],[15.8407,48.6889],[15.8315,48.6864],[15.8328,48.6914],[15.8153,48.6927],[15.8157,48.7064],[15.8095,48.709],[15.799,48.7064],[15.8081,48.709],[15.807,48.7121],[15.8243,48.7155],[15.8199,48.7201],[15.8225,48.7252],[15.8066,48.7283],[15.8222,48.7408],[15.8284,48.7374],[15.8337,48.7427],[15.8421,48.7419],[15.8467,48.7452],[15.8537,48.7423],[15.8618,48.7485],[15.8649,48.7656],[15.873,48.7632],[15.8848,48.7673],[15.8779,48.7749],[15.88,48.7821],[15.8876,48.7851],[15.8674,48.7935],[15.8568,48.7896],[15.8413,48.7933],[15.8399,48.7897],[15.8289,48.792],[15.8342,48.7964],[15.8187,48.801],[15.8239,48.8119],[15.8065,48.8142],[15.8048,48.8255],[15.7576,48.8242],[15.7333,48.8291]]]]},"geometry_name":"geom","properties":{"g_id":"310","g_name":"Hollabrunn"},"bbox":[15.7333,48.4631,16.3043,48.8775]},{"type":"Feature","id":"STATISTIK_AUSTRIA_POLBEZ_20250101.311","geometry":{"type":"MultiPolygon","coordinates":[[[[15.4242,48.6688],[15.4287,48.6745],[15.4455,48.6713],[15.4494,48.6756],[15.4559,48.6744],[15.4555,48.6834],[15.4508,48.6908],[15.4406,48.6983],[15.4299,48.7014],[15.4364,48.7204],[15.444,48.7188],[15.4507,48.7289],[15.4636,48.7254],[15.4792,48.7265],[15.4827,48.7357],[15.4941,48.7376],[15.495,48.7452],[15.4905,48.7495],[15.4939,48.7494],[15.4938,48.7534],[15.5027,48.7541],[15.4986,48.7616],[15.5019,48.7642],[15.5166,48.7587],[15.5264,48.7611],[15.5271,48.7648],[15.5206,48.7688],[15.5004,48.7748],[15.5215,48.7862],[15.5212,48.7894],[15.5136,48.7944],[15.5237,48.8016],[15.5265,48.8083],[15.5145,48.817],[15.5257,48.8224],[15.5358,48.8199],[15.5343,48.8267],[15.5499,48.8238],[15.5531,48.8295],[15.5603,48.8263],[15.5729,48.8312],[15.5762,48.8387],[15.597,48.8391],[15.6081,48.843],[15.5995,48.8563],[15.5896,48.8541],[15.5891,48.8617],[15.5781,48.8694],[15.5818,48.8759],[15.5899,48.8732],[15.5927,48.8779],[15.5938,48.8758],[15.6099,48.8766],[15.586,48.8835],[15.5832,48.8857],[15.585,48.8888],[15.5814,48.8892],[15.5818,48.8937],[15.6124,48.8982],[15.6196,48.8956],[15.6303,48.885],[15.6368,48.8846],[15.636,48.8871],[15.639,48.8873],[15.6555,48.8816],[15.6895,48.8557],[15.7091,48.8607],[15.7537,48.8522],[15.7333,48.8291],[15.7576,48.8242],[15.8048,48.8255],[15.8065,48.8142],[15.8239,48.8119],[15.8187,48.801],[15.8342,48.7964],[15.8289,48.792],[15.8399,48.7897],[15.8413,48.7933],[15.8568,48.7896],[15.8674,48.7935],[15.886,48.7866],[15.8872,48.7846],[15.8792,48.7811],[15.8779,48.7749],[15.8848,48.7673],[15.873,48.7632],[15.8649,48.7656],[15.8618,48.7485],[15.8537,48.7423],[15.8467,48.7452],[15.8421,48.7419],[15.8337,48.7427],[15.8284,48.7374],[15.8222,48.7408],[15.8147,48.7364],[15.8062,48.7277],[15.8223,48.7254],[15.8199,48.7201],[15.8243,48.7155],[15.807,48.7121],[15.8081,48.709],[15.799,48.7064],[15.8131,48.7082],[15.8157,48.7064],[15.8153,48.6927],[15.8328,48.6914],[15.8315,48.6864],[15.8407,48.6889],[15.9409,48.6717],[15.9373,48.663],[15.9285,48.6633],[15.9112,48.6531],[15.9111,48.6372],[15.9063,48.6219],[15.9083,48.5981],[15.8776,48.6037],[15.8406,48.6039],[15.8343,48.5984],[15.8347,48.6015],[15.8285,48.6027],[15.8154,48.6001],[15.8153,48.5964],[15.8253,48.5874],[15.8183,48.5851],[15.7976,48.5886],[15.7962,48.5848],[15.7876,48.584],[15.7878,48.5817],[15.7726,48.5852],[15.7717,48.5807],[15.7674,48.5793],[15.7591,48.5831],[15.7452,48.5729],[15.7416,48.5734],[15.7453,48.5826],[15.7077,48.5819],[15.708,48.5729],[15.701,48.5716],[15.6941,48.5658],[15.6763,48.57],[15.6714,48.5698],[15.6723,48.5669],[15.6676,48.5704],[15.6617,48.5657],[15.63,48.5777],[15.6307,48.5746],[15.6229,48.573],[15.6308,48.57],[15.6285,48.5682],[15.6377,48.5619],[15.6303,48.5635],[15.625,48.5612],[15.6016,48.5766],[15.5972,48.5945],[15.6054,48.6003],[15.5851,48.6106],[15.5781,48.6078],[15.5766,48.6114],[15.5839,48.623],[15.5536,48.6228],[15.5496,48.6243],[15.5503,48.6277],[15.5439,48.6297],[15.5279,48.6294],[15.5295,48.6336],[15.5404,48.6366],[15.5393,48.6427],[15.4979,48.6482],[15.487,48.6531],[15.482,48.6487],[15.4769,48.6506],[15.4727,48.6425],[15.4455,48.6504],[15.447,48.656],[15.4242,48.6688]]]]},"geometry_name":"geom","properties":{"g_id":"311","g_name":"Horn"},"bbox":[15.4242,48.5612,15.9409,48.8982]},{"type":"Feature","id":"STATISTIK_AUSTRIA_POLBEZ_20250101.312","geometry":{"type":"MultiPolygon","coordinates":[[[[15.9877,48.3769],[15.9878,48.3801],[15.9949,48.3802],[15.9942,48.3922],[15.998,48.4001],[15.9985,48.4087],[15.9892,48.4112],[15.9943,48.4251],[16.0081,48.426],[16.0064,48.429],[16.0116,48.4324],[16.0196,48.4321],[16.0164,48.4413],[16.0185,48.4551],[16.0113,48.457],[16.0255,48.4696],[16.0302,48.4783],[16.0263,48.4835],[16.0262,48.4914],[16.0358,48.4889],[16.0387,48.4926],[16.046,48.4935],[16.0512,48.4894],[16.0607,48.4949],[16.0717,48.4944],[16.0658,48.4747],[16.0888,48.4662],[16.0973,48.4651],[16.1008,48.4736],[16.1052,48.4756],[16.1184,48.4663],[16.1336,48.4631],[16.146,48.4682],[16.1552,48.4797],[16.1575,48.4758],[16.1699,48.4722],[16.1798,48.4879],[16.1833,48.4861],[16.1891,48.4932],[16.1843,48.497],[16.1903,48.5091],[16.1893,48.5158],[16.1808,48.5208],[16.1827,48.5291],[16.191,48.5345],[16.1882,48.5384],[16.2211,48.5485],[16.2212,48.5627],[16.2307,48.5641],[16.2296,48.5699],[16.2466,48.5677],[16.2661,48.5721],[16.2698,48.5646],[16.2828,48.554],[16.2893,48.5664],[16.3019,48.5648],[16.3088,48.5676],[16.3166,48.5886],[16.3129,48.5902],[16.3177,48.5934],[16.3211,48.5873],[16.3355,48.5828],[16.3402,48.5765],[16.3439,48.5773],[16.3401,48.5974],[16.3492,48.5998],[16.3613,48.5953],[16.3659,48.59],[16.3663,48.5817],[16.3743,48.5794],[16.3775,48.5746],[16.395,48.5744],[16.3898,48.5718],[16.3891,48.5656],[16.3663,48.5534],[16.3651,48.5496],[16.3879,48.539],[16.4147,48.5342],[16.406,48.5317],[16.4053,48.5266],[16.4089,48.5244],[16.4011,48.5246],[16.4014,48.5187],[16.3965,48.5134],[16.4099,48.5081],[16.4136,48.5112],[16.4306,48.5128],[16.4306,48.5096],[16.4274,48.5098],[16.4274,48.5038],[16.4353,48.5035],[16.4353,48.4973],[16.4309,48.4949],[16.436,48.4886],[16.4335,48.4835],[16.4355,48.4787],[16.4341,48.4725],[16.4309,48.4735],[16.4375,48.4694],[16.4261,48.4689],[16.4203,48.4561],[16.4128,48.455],[16.4078,48.4493],[16.4105,48.4376],[16.4212,48.4371],[16.4269,48.4418],[16.4381,48.4419],[16.4376,48.4383],[16.4455,48.4337],[16.4335,48.4328],[16.4322,48.4295],[16.4449,48.4241],[16.4354,48.4068],[16.4281,48.407],[16.4324,48.4092],[16.4284,48.4103],[16.4206,48.4089],[16.4275,48.4062],[16.4163,48.3793],[16.4216,48.3808],[16.4222,48.3754],[16.4413,48.3683],[16.4398,48.3658],[16.4439,48.3655],[16.4434,48.3551],[16.45,48.3524],[16.4581,48.3536],[16.46,48.3496],[16.4637,48.3506],[16.4727,48.3453],[16.4847,48.3513],[16.5257,48.3285],[16.5133,48.3132],[16.5023,48.2904],[16.4812,48.2935],[16.4835,48.2799],[16.4812,48.2734],[16.4404,48.2919],[16.4378,48.3168],[16.4209,48.3226],[16.4029,48.3168],[16.391,48.3224],[16.3894,48.319],[16.3817,48.3171],[16.3806,48.3129],[16.3862,48.3017],[16.3798,48.302],[16.3756,48.296],[16.3784,48.2888],[16.3673,48.287],[16.3706,48.2817],[16.3669,48.281],[16.3607,48.2834],[16.3463,48.3014],[16.3464,48.3158],[16.3428,48.3202],[16.3261,48.3341],[16.2909,48.3492],[16.2938,48.3525],[16.2737,48.3595],[16.2622,48.3542],[16.2376,48.3564],[16.2221,48.3648],[16.2285,48.358],[16.2206,48.3526],[16.2104,48.3593],[16.1997,48.3596],[16.189,48.3669],[16.1813,48.3621],[16.1736,48.3666],[16.1655,48.3632],[16.1677,48.3576],[16.1457,48.3532],[16.1485,48.3571],[16.141,48.3583],[16.1265,48.3502],[16.1359,48.3444],[16.1154,48.3459],[16.1103,48.342],[16.0917,48.3595],[16.0863,48.3604],[16.0851,48.3657],[16.0813,48.3603],[16.072,48.3611],[16.0716,48.3589],[16.0768,48.3584],[16.0741,48.3556],[16.0768,48.3524],[16.074,48.352],[16.0695,48.3552],[16.0731,48.3579],[16.0551,48.3666],[16.0618,48.3717],[16.0418,48.3705],[16.0387,48.3772],[16.0321,48.3742],[16.0213,48.3796],[16.0065,48.3774],[16.0064,48.3729],[15.9955,48.3731],[15.9877,48.3769]]],[[[15.9831,48.4272],[15.9867,48.4348],[15.9963,48.4341],[15.9946,48.4262],[15.9831,48.4272]]]]},"geometry_name":"geom","properties":{"g_id":"312","g_name":"Korneuburg"},"bbox":[15.9831,48.2734,16.5257,48.5998]},{"type":"Feature","id":"STATISTIK_AUSTRIA_POLBEZ_20250101.313","geometry":{"type":"MultiPolygon","coordinates":[[[[15.2706,48.3736],[15.2886,48.3779],[15.2932,48.3822],[15.2911,48.3873],[15.3034,48.3858],[15.3075,48.3902],[15.3129,48.3896],[15.3129,48.3923],[15.3193,48.3939],[15.3231,48.3933],[15.3288,48.3857],[15.3386,48.3877],[15.3362,48.3962],[15.3396,48.3997],[15.3424,48.3988],[15.3403,48.3961],[15.3493,48.3933],[15.3591,48.3944],[15.3604,48.4004],[15.3686,48.4019],[15.3775,48.4101],[15.3657,48.4095],[15.3677,48.4132],[15.364,48.4125],[15.3681,48.4203],[15.3536,48.4212],[15.3583,48.4273],[15.3544,48.4307],[15.3366,48.4255],[15.3309,48.4311],[15.3378,48.4405],[15.3294,48.4415],[15.3269,48.4501],[15.3208,48.4563],[15.3147,48.457],[15.3101,48.4653],[15.2878,48.4661],[15.2843,48.4732],[15.2856,48.4769],[15.2807,48.4823],[15.2809,48.4872],[15.2917,48.4909],[15.2877,48.4932],[15.2931,48.4913],[15.3208,48.4969],[15.3232,48.5019],[15.3178,48.5099],[15.311,48.5123],[15.3074,48.5215],[15.3185,48.5307],[15.3179,48.5338],[15.3251,48.5348],[15.3225,48.5381],[15.3277,48.5375],[15.3249,48.541],[15.3252,48.553],[15.32,48.5555],[15.3228,48.5604],[15.3194,48.5619],[15.322,48.5641],[15.3176,48.5644],[15.3215,48.5663],[15.3171,48.5701],[15.3142,48.5689],[15.3111,48.5752],[15.3135,48.5759],[15.3075,48.5789],[15.3083,48.5819],[15.3253,48.5902],[15.322,48.5951],[15.3173,48.5955],[15.323,48.6001],[15.3228,48.6078],[15.3351,48.6067],[15.3365,48.6099],[15.3448,48.6119],[15.3478,48.611],[15.3474,48.6079],[15.3529,48.6132],[15.3548,48.609],[15.352,48.5983],[15.3568,48.5982],[15.356,48.5931],[15.3639,48.5897],[15.3592,48.5845],[15.3629,48.5802],[15.3778,48.5776],[15.3884,48.5887],[15.3973,48.5928],[15.4111,48.5848],[15.418,48.5877],[15.4176,48.5954],[15.4266,48.5895],[15.4381,48.5921],[15.4273,48.6028],[15.4304,48.6105],[15.438,48.6172],[15.4652,48.6158],[15.4799,48.6092],[15.4842,48.6101],[15.4833,48.6072],[15.491,48.5986],[15.4953,48.5998],[15.4987,48.6068],[15.5103,48.5978],[15.5008,48.6062],[15.516,48.6071],[15.503,48.6145],[15.5026,48.6216],[15.517,48.6328],[15.5361,48.6283],[15.5439,48.6297],[15.5503,48.6277],[15.5496,48.6243],[15.5536,48.6228],[15.5839,48.623],[15.5766,48.6114],[15.5781,48.6078],[15.5851,48.6106],[15.6054,48.6003],[15.5972,48.5945],[15.6016,48.5766],[15.625,48.5612],[15.6303,48.5635],[15.6377,48.5619],[15.6285,48.5682],[15.6308,48.57],[15.6229,48.573],[15.6307,48.5746],[15.63,48.5777],[15.6617,48.5657],[15.6676,48.5704],[15.6723,48.5669],[15.6714,48.5698],[15.6763,48.57],[15.6941,48.5658],[15.701,48.5716],[15.708,48.5729],[15.7077,48.5819],[15.7453,48.5826],[15.7382,48.5701],[15.7492,48.5648],[15.746,48.5583],[15.7479,48.5527],[15.7628,48.542],[15.7609,48.5383],[15.7529,48.5433],[15.7402,48.5422],[15.7338,48.5369],[15.7348,48.5262],[15.752,48.5191],[15.7556,48.5052],[15.7748,48.5017],[15.772,48.4998],[15.7731,48.4961],[15.7791,48.4945],[15.7755,48.4886],[15.7839,48.4861],[15.7809,48.4823],[15.7857,48.4749],[15.7784,48.4712],[15.7778,48.4634],[15.7726,48.4603],[15.7671,48.4419],[15.762,48.4431],[15.757,48.4388],[15.7643,48.4371],[15.7634,48.421],[15.7571,48.4126],[15.747,48.4084],[15.7485,48.4026],[15.746,48.3978],[15.7355,48.3959],[15.731,48.3987],[15.7259,48.3926],[15.7126,48.3932],[15.7209,48.3906],[15.719,48.3873],[15.7254,48.3839],[15.7263,48.3871],[15.7312,48.3871],[15.7305,48.382],[15.7253,48.3788],[15.7063,48.3882],[15.6928,48.3859],[15.6758,48.3909],[15.676,48.3946],[15.6706,48.3966],[15.6693,48.4025],[15.6663,48.4031],[15.6718,48.4042],[15.6717,48.4096],[15.6578,48.4073],[15.6526,48.4138],[15.6428,48.4156],[15.6361,48.4365],[15.6377,48.4432],[15.6458,48.4434],[15.6457,48.4508],[15.6301,48.4494],[15.6199,48.4416],[15.614,48.4435],[15.6147,48.4387],[15.5947,48.4432],[15.58,48.4339],[15.5372,48.4394],[15.5257,48.4364],[15.5314,48.4295],[15.5355,48.4292],[15.5319,48.4217],[15.5339,48.4195],[15.525,48.4163],[15.536,48.4092],[15.5449,48.4093],[15.5482,48.4131],[15.5591,48.4087],[15.5569,48.4037],[15.5526,48.4037],[15.5623,48.3991],[15.5572,48.3946],[15.5594,48.3913],[15.5864,48.4009],[15.634,48.4046],[15.6366,48.3972],[15.635,48.3918],[15.6284,48.3868],[15.629,48.3818],[15.6388,48.379],[15.6357,48.375],[15.6326,48.3756],[15.6335,48.3725],[15.6277,48.3713],[15.654,48.3765],[15.6674,48.374],[15.6666,48.3687],[15.6704,48.3639],[15.6665,48.3582],[15.6693,48.3449],[15.6543,48.3405],[15.6541,48.3373],[15.6385,48.3348],[15.6314,48.3301],[15.6309,48.3262],[15.6166,48.3271],[15.6146,48.3326],[15.5884,48.3344],[15.5886,48.3407],[15.5792,48.3428],[15.5724,48.3376],[15.5492,48.3374],[15.5307,48.3276],[15.5069,48.328],[15.5105,48.3197],[15.4854,48.3218],[15.468,48.3124],[15.4612,48.3183],[15.4417,48.3069],[15.4453,48.318],[15.4416,48.3237],[15.4102,48.3248],[15.4117,48.316],[15.4031,48.2859],[15.389,48.2754],[15.3825,48.272],[15.3683,48.2795],[15.3386,48.2804],[15.3348,48.2745],[15.3194,48.2737],[15.3099,48.2692],[15.3072,48.271],[15.313,48.2756],[15.2866,48.2778],[15.293,48.2868],[15.2896,48.29],[15.2973,48.2929],[15.2963,48.2981],[15.3059,48.3045],[15.3023,48.3082],[15.2936,48.3097],[15.303,48.3154],[15.3032,48.3227],[15.3144,48.3232],[15.3175,48.3279],[15.3255,48.3281],[15.3355,48.335],[15.3372,48.3444],[15.3333,48.3443],[15.3346,48.3465],[15.3287,48.3505],[15.3169,48.3472],[15.3129,48.3515],[15.2931,48.3523],[15.2715,48.3688],[15.2706,48.3736]]]]},"geometry_name":"geom","properties":{"g_id":"313","g_name":"Krems(Land)"},"bbox":[15.2706,48.2692,15.7858,48.6328]},{"type":"Feature","id":"STATISTIK_AUSTRIA_POLBEZ_20250101.314","geometry":{"type":"MultiPolygon","coordinates":[[[[15.1608,47.8491],[15.2145,47.8639],[15.224,47.8709],[15.2395,47.8728],[15.2467,47.8687],[15.2551,47.8693],[15.2582,47.8704],[15.2623,47.8813],[15.2695,47.8781],[15.2885,47.8782],[15.3132,47.8882],[15.3242,47.8848],[15.3307,47.8894],[15.3595,47.891],[15.3718,47.8989],[15.3963,47.902],[15.3969,47.9061],[15.3904,47.9114],[15.3947,47.9167],[15.4164,47.9208],[15.4193,47.9288],[15.4299,47.9335],[15.4273,47.9398],[15.4313,47.9487],[15.4387,47.9498],[15.4325,47.9575],[15.4451,47.9604],[15.4641,47.9595],[15.4778,47.9674],[15.4913,47.9705],[15.4923,47.9754],[15.4984,47.9804],[15.498,47.9957],[15.5335,48.0082],[15.5305,48.0179],[15.5198,48.0265],[15.5197,48.0376],[15.5222,48.0416],[15.5296,48.0437],[15.5236,48.0503],[15.5277,48.0529],[15.527,48.0564],[15.5436,48.0645],[15.5551,48.0646],[15.5515,48.0703],[15.5699,48.0713],[15.5825,48.0678],[15.5909,48.0741],[15.6,48.0715],[15.6013,48.0676],[15.622,48.0678],[15.6297,48.0696],[15.6262,48.0768],[15.6353,48.0746],[15.6389,48.0809],[15.6593,48.0838],[15.6619,48.0877],[15.6848,48.0892],[15.6948,48.0869],[15.7008,48.0901],[15.7005,48.0851],[15.7233,48.0825],[15.7315,48.0774],[15.7495,48.0807],[15.7636,48.0797],[15.7704,48.0712],[15.8192,48.0801],[15.8226,48.0773],[15.8215,48.0728],[15.8454,48.0621],[15.8653,48.0683],[15.8755,48.076],[15.8796,48.0707],[15.8812,48.054],[15.9014,48.0495],[15.9107,48.0541],[15.9233,48.0534],[15.9374,48.046],[15.9345,48.043],[15.9343,48.0263],[15.9494,48.0233],[15.9368,48.0176],[15.9321,48.0082],[15.9349,48.0089],[15.948,47.9983],[15.9103,47.9929],[15.9007,47.9977],[15.8939,47.9963],[15.8766,48.0009],[15.8668,47.9964],[15.8663,47.9918],[15.8731,47.9786],[15.8662,47.9721],[15.8719,47.9601],[15.8582,47.9474],[15.8267,47.944],[15.8111,47.9354],[15.7921,47.9366],[15.7754,47.9316],[15.7588,47.9348],[15.7505,47.9309],[15.7479,47.9257],[15.74,47.9237],[15.7384,47.9192],[15.7149,47.9143],[15.7125,47.9125],[15.7135,47.9068],[15.6903,47.8951],[15.6911,47.8904],[15.6878,47.8872],[15.6758,47.8866],[15.6788,47.8995],[15.666,47.9028],[15.6614,47.9009],[15.6593,47.8926],[15.6515,47.8848],[15.6396,47.8842],[15.6383,47.8791],[15.6241,47.8749],[15.6219,47.8696],[15.6251,47.8628],[15.6224,47.8596],[15.6291,47.8547],[15.6283,47.8498],[15.6202,47.8474],[15.6156,47.841],[15.6227,47.8377],[15.6235,47.833],[15.6322,47.8259],[15.6319,47.8176],[15.6184,47.8124],[15.6155,47.8036],[15.6002,47.7997],[15.6094,47.7831],[15.62,47.7786],[15.6144,47.7605],[15.6089,47.7596],[15.6117,47.7511],[15.5722,47.7497],[15.5613,47.7455],[15.5517,47.7495],[15.5138,47.7465],[15.5085,47.753],[15.5143,47.7554],[15.5167,47.7618],[15.5075,47.7677],[15.4733,47.7713],[15.461,47.7697],[15.45,47.7727],[15.44,47.7904],[15.4365,47.7912],[15.4224,47.785],[15.4104,47.7848],[15.4031,47.8004],[15.4061,47.8128],[15.3912,47.8129],[15.3906,47.8167],[15.3749,47.8254],[15.3607,47.8238],[15.3379,47.8279],[15.3236,47.8209],[15.3166,47.823],[15.2984,47.8206],[15.2926,47.8096],[15.2952,47.8005],[15.2911,47.799],[15.2908,47.7933],[15.2872,47.7902],[15.2575,47.7921],[15.2343,47.7988],[15.2173,47.796],[15.2162,47.8063],[15.2289,47.814],[15.2073,47.8186],[15.2005,47.825],[15.18,47.8261],[15.1768,47.8298],[15.1795,47.8324],[15.1644,47.8413],[15.1608,47.8491]]]]},"geometry_name":"geom","properties":{"g_id":"314","g_name":"Lilienfeld"},"bbox":[15.1608,47.7455,15.9494,48.0901]},{"type":"Feature","id":"STATISTIK_AUSTRIA_POLBEZ_20250101.315","geometry":{"type":"MultiPolygon","coordinates":[[[[14.9436,48.3247],[14.9495,48.3393],[14.9532,48.341],[14.9511,48.3457],[14.9553,48.3666],[14.9645,48.3785],[14.9664,48.3756],[14.9625,48.373],[14.9621,48.3681],[14.9651,48.3639],[14.9752,48.3686],[14.9794,48.3756],[14.9902,48.3712],[14.9983,48.3746],[14.9986,48.3774],[15.0056,48.3748],[15.0069,48.3698],[15.0152,48.3675],[15.0181,48.37],[15.0412,48.3628],[15.0522,48.3556],[15.0517,48.3611],[15.058,48.3516],[15.0889,48.3463],[15.0925,48.3509],[15.0977,48.3509],[15.0991,48.3467],[15.0956,48.3446],[15.0994,48.3438],[15.0952,48.3419],[15.0942,48.3375],[15.0973,48.3342],[15.1002,48.3384],[15.1048,48.3384],[15.11,48.332],[15.115,48.335],[15.1255,48.3291],[15.1389,48.3329],[15.1369,48.3361],[15.1401,48.338],[15.1347,48.3407],[15.1391,48.3445],[15.1529,48.347],[15.1654,48.3422],[15.1655,48.3487],[15.1746,48.352],[15.175,48.3632],[15.1861,48.3538],[15.1903,48.3538],[15.1942,48.3608],[15.203,48.3664],[15.2518,48.3547],[15.252,48.3588],[15.2444,48.3631],[15.247,48.3657],[15.2444,48.3713],[15.241,48.3717],[15.2435,48.3756],[15.2602,48.3719],[15.2629,48.3753],[15.2701,48.3739],[15.2715,48.3688],[15.2931,48.3523],[15.3129,48.3515],[15.3169,48.3472],[15.3287,48.3505],[15.3346,48.3465],[15.3333,48.3443],[15.3372,48.3444],[15.3355,48.335],[15.3255,48.3281],[15.3175,48.3279],[15.3144,48.3232],[15.3032,48.3227],[15.303,48.3154],[15.2936,48.3097],[15.3023,48.3082],[15.3059,48.3045],[15.2963,48.2981],[15.2973,48.2929],[15.2896,48.29],[15.293,48.2868],[15.2866,48.2778],[15.313,48.2756],[15.3072,48.271],[15.3099,48.2692],[15.3194,48.2737],[15.3348,48.2745],[15.3386,48.2804],[15.3683,48.2795],[15.3825,48.272],[15.389,48.2754],[15.4031,48.2859],[15.4117,48.316],[15.4102,48.3248],[15.4416,48.3237],[15.4453,48.318],[15.4417,48.3069],[15.4612,48.3183],[15.468,48.3124],[15.4854,48.3218],[15.5082,48.3196],[15.5119,48.3164],[15.5101,48.3105],[15.5193,48.3121],[15.5318,48.3082],[15.5235,48.3061],[15.5262,48.2932],[15.5223,48.2944],[15.5246,48.2907],[15.5226,48.2859],[15.5203,48.284],[15.5018,48.2894],[15.5008,48.2835],[15.493,48.2817],[15.495,48.276],[15.5027,48.2727],[15.4991,48.2668],[15.4803,48.2664],[15.4834,48.2592],[15.4631,48.2588],[15.4529,48.2549],[15.4511,48.2507],[15.4569,48.2504],[15.4616,48.2453],[15.4526,48.2369],[15.4519,48.2337],[15.4553,48.2324],[15.4384,48.2257],[15.4309,48.2137],[15.4224,48.2108],[15.4402,48.1963],[15.4401,48.1784],[15.4452,48.1789],[15.4431,48.1652],[15.4533,48.1588],[15.4588,48.1596],[15.4598,48.1549],[15.4719,48.1531],[15.4699,48.1486],[15.4542,48.1425],[15.4654,48.138],[15.473,48.1384],[15.4763,48.141],[15.4745,48.1451],[15.4802,48.1452],[15.484,48.1408],[15.5053,48.1377],[15.5074,48.1422],[15.5098,48.138],[15.5176,48.1392],[15.518,48.1355],[15.5079,48.1333],[15.5086,48.1307],[15.5167,48.1292],[15.5033,48.1274],[15.5045,48.1172],[15.4901,48.1165],[15.4906,48.1123],[15.4776,48.1116],[15.4713,48.1086],[15.4713,48.1059],[15.4386,48.1007],[15.4462,48.0931],[15.4367,48.091],[15.4419,48.0775],[15.431,48.0739],[15.4301,48.0681],[15.4246,48.067],[15.4264,48.0647],[15.4236,48.0595],[15.4137,48.0603],[15.4115,48.0533],[15.3969,48.0523],[15.3939,48.044],[15.3715,48.0396],[15.3603,48.0329],[15.3561,48.0237],[15.3426,48.026],[15.3277,48.0201],[15.2941,48.0181],[15.2907,48.012],[15.2761,48.0068],[15.274,48.0146],[15.2623,48.0186],[15.2614,48.0214],[15.2673,48.0252],[15.2632,48.0283],[15.2634,48.034],[15.267,48.0433],[15.2709,48.0429],[15.2725,48.0474],[15.2664,48.0488],[15.2772,48.0505],[15.2746,48.0539],[15.2767,48.0554],[15.2804,48.0505],[15.2917,48.0538],[15.2872,48.06],[15.2872,48.0687],[15.2797,48.071],[15.2852,48.075],[15.2688,48.0751],[15.2588,48.0823],[15.2523,48.0811],[15.2543,48.0828],[15.2481,48.0896],[15.2389,48.0923],[15.2365,48.0944],[15.2388,48.0974],[15.2132,48.1113],[15.2138,48.1138],[15.1944,48.1099],[15.1907,48.1119],[15.1898,48.1154],[15.1954,48.1174],[15.1893,48.1212],[15.1908,48.1279],[15.2017,48.1237],[15.2062,48.1249],[15.1971,48.1314],[15.1815,48.1223],[15.176,48.1215],[15.1724,48.1244],[15.1638,48.1157],[15.156,48.1227],[15.1627,48.1265],[15.1613,48.1295],[15.1548,48.1351],[15.1515,48.1337],[15.1547,48.138],[15.1415,48.146],[15.1398,48.144],[15.1425,48.1414],[15.1321,48.1359],[15.1228,48.1369],[15.1245,48.1395],[15.1202,48.1422],[15.1042,48.1405],[15.1022,48.1368],[15.0778,48.1376],[15.0755,48.1407],[15.0775,48.1422],[15.0574,48.1313],[15.0373,48.1279],[15.0326,48.1216],[15.0211,48.1215],[15.0088,48.1153],[14.9993,48.1187],[14.997,48.1155],[14.9897,48.1165],[14.9808,48.1106],[14.9772,48.1117],[14.9792,48.1145],[14.9752,48.115],[14.9779,48.1163],[14.973,48.1362],[14.9776,48.139],[14.9769,48.1432],[14.9635,48.1537],[14.9718,48.1594],[14.9687,48.1633],[14.9719,48.1685],[14.9686,48.173],[14.9711,48.1755],[14.9576,48.1814],[14.9609,48.1867],[14.9779,48.1842],[14.9751,48.1868],[14.9787,48.1865],[14.9798,48.1942],[14.993,48.1955],[14.9785,48.1973],[14.9649,48.2039],[14.969,48.2084],[14.9641,48.2149],[14.9548,48.2155],[14.9522,48.2191],[14.9621,48.2321],[14.9678,48.2312],[14.9747,48.2348],[14.97,48.2384],[14.9708,48.2469],[14.992,48.2559],[14.9883,48.2626],[14.9903,48.2795],[14.9874,48.2955],[14.9839,48.298],[14.9872,48.3172],[14.9804,48.3234],[14.9436,48.3247]]]]},"geometry_name":"geom","properties":{"g_id":"315","g_name":"Melk"},"bbox":[14.9436,48.0068,15.5318,48.3785]},{"type":"Feature","id":"STATISTIK_AUSTRIA_POLBEZ_20250101.316","geometry":{"type":"MultiPolygon","coordinates":[[[[16.1993,48.662],[16.2009,48.6728],[16.2052,48.6749],[16.2151,48.6908],[16.2158,48.6978],[16.2096,48.6981],[16.21,48.7023],[16.2256,48.7058],[16.2205,48.7092],[16.2277,48.7172],[16.2278,48.7227],[16.222,48.7242],[16.2244,48.7304],[16.2156,48.7358],[16.2224,48.7343],[16.2235,48.7401],[16.2631,48.737],[16.2683,48.7413],[16.2786,48.7415],[16.2966,48.7377],[16.3025,48.7395],[16.3103,48.7338],[16.3299,48.7312],[16.3363,48.7324],[16.343,48.7456],[16.3455,48.741],[16.3497,48.7422],[16.3568,48.7384],[16.3514,48.7336],[16.3598,48.7309],[16.3598,48.7281],[16.3773,48.731],[16.378,48.7285],[16.3839,48.7307],[16.3888,48.7391],[16.3952,48.7363],[16.4006,48.7411],[16.4103,48.7433],[16.4135,48.7539],[16.4192,48.7592],[16.435,48.7656],[16.4393,48.7743],[16.4358,48.7782],[16.4479,48.7908],[16.4487,48.7994],[16.4619,48.8046],[16.4604,48.809],[16.4645,48.8099],[16.4783,48.802],[16.5162,48.8026],[16.5186,48.7982],[16.5407,48.8143],[16.5654,48.7934],[16.5824,48.7921],[16.5937,48.7868],[16.5937,48.7826],[16.6286,48.7801],[16.6345,48.7858],[16.6422,48.7859],[16.6638,48.781],[16.664,48.7755],[16.6747,48.7715],[16.6777,48.7664],[16.6809,48.7504],[16.6735,48.7405],[16.6826,48.7278],[16.7011,48.7365],[16.7248,48.738],[16.7366,48.7293],[16.7473,48.7321],[16.7532,48.7208],[16.7587,48.7188],[16.7576,48.7168],[16.7637,48.7187],[16.7758,48.7119],[16.79,48.7138],[16.7986,48.7106],[16.8001,48.7059],[16.806,48.7091],[16.8054,48.7122],[16.8223,48.7103],[16.8343,48.7165],[16.8415,48.7115],[16.8694,48.7125],[16.8792,48.723],[16.8863,48.7162],[16.902,48.718],[16.9062,48.7147],[16.9024,48.7128],[16.9039,48.71],[16.9168,48.7001],[16.9185,48.6929],[16.9104,48.676],[16.9232,48.6699],[16.9234,48.6586],[16.9193,48.6511],[16.9206,48.6452],[16.9284,48.6388],[16.9259,48.6387],[16.9264,48.6414],[16.9231,48.6389],[16.9215,48.643],[16.9151,48.6449],[16.904,48.6409],[16.9075,48.6373],[16.9065,48.6254],[16.8592,48.6343],[16.8466,48.6238],[16.8589,48.617],[16.853,48.6165],[16.8529,48.6127],[16.8581,48.6107],[16.8462,48.6074],[16.8247,48.6156],[16.8143,48.6142],[16.8015,48.6193],[16.803,48.6258],[16.7853,48.6291],[16.779,48.6354],[16.7603,48.6258],[16.7321,48.6266],[16.7301,48.6228],[16.7323,48.6212],[16.7296,48.6209],[16.7276,48.6143],[16.7364,48.6096],[16.7252,48.6059],[16.7061,48.6159],[16.7102,48.6212],[16.6777,48.6307],[16.6923,48.6196],[16.7015,48.6027],[16.704,48.5876],[16.6917,48.5831],[16.6929,48.5811],[16.68,48.5726],[16.6832,48.5699],[16.6832,48.5631],[16.68,48.5613],[16.6863,48.5564],[16.7016,48.5302],[16.6885,48.5316],[16.6647,48.5223],[16.6543,48.5085],[16.6424,48.5089],[16.6357,48.5022],[16.6314,48.4896],[16.6486,48.4858],[16.6572,48.4805],[16.6372,48.465],[16.6127,48.4746],[16.6065,48.465],[16.5938,48.4714],[16.5852,48.4693],[16.573,48.4716],[16.5569,48.4676],[16.5552,48.4643],[16.5486,48.4662],[16.5444,48.4614],[16.5537,48.4547],[16.5583,48.4424],[16.5565,48.4302],[16.5666,48.4255],[16.578,48.4275],[16.5812,48.4202],[16.5769,48.4158],[16.5699,48.4159],[16.5818,48.4046],[16.5847,48.3961],[16.5969,48.3907],[16.5976,48.3793],[16.6133,48.3776],[16.6124,48.3755],[16.6291,48.364],[16.6271,48.358],[16.6421,48.3551],[16.6357,48.3453],[16.661,48.3381],[16.6496,48.3277],[16.6171,48.3158],[16.6128,48.321],[16.6029,48.3144],[16.549,48.332],[16.5452,48.3253],[16.5229,48.3288],[16.4821,48.3521],[16.4806,48.3484],[16.4727,48.3453],[16.4637,48.3506],[16.46,48.3496],[16.4581,48.3536],[16.45,48.3524],[16.4432,48.3552],[16.4439,48.3655],[16.4398,48.3658],[16.4413,48.3683],[16.4227,48.3751],[16.4199,48.3781],[16.4223,48.3804],[16.4161,48.381],[16.4265,48.4],[16.4275,48.4062],[16.4206,48.4089],[16.4284,48.4103],[16.4324,48.4092],[16.4281,48.407],[16.4354,48.4068],[16.4449,48.4241],[16.4322,48.4295],[16.4335,48.4328],[16.4455,48.4337],[16.4376,48.4383],[16.4375,48.4421],[16.4269,48.4418],[16.4212,48.4371],[16.4105,48.4376],[16.4078,48.4493],[16.4128,48.455],[16.4203,48.4561],[16.4261,48.4689],[16.4375,48.4694],[16.4309,48.4735],[16.4341,48.4725],[16.4355,48.4787],[16.4335,48.4835],[16.436,48.4886],[16.4309,48.4949],[16.4353,48.4973],[16.4353,48.5035],[16.4274,48.5038],[16.4274,48.5098],[16.4306,48.5096],[16.4306,48.5128],[16.4136,48.5112],[16.4099,48.5081],[16.3965,48.5134],[16.4014,48.5187],[16.4011,48.5246],[16.4089,48.5244],[16.4053,48.5266],[16.406,48.5317],[16.4147,48.5342],[16.3879,48.539],[16.3651,48.5496],[16.3663,48.5534],[16.3891,48.5656],[16.3898,48.5718],[16.395,48.5744],[16.3775,48.5746],[16.3743,48.5794],[16.3663,48.5817],[16.3659,48.59],[16.3613,48.5953],[16.349,48.5998],[16.3401,48.5974],[16.3439,48.5773],[16.3402,48.5765],[16.3355,48.5828],[16.3211,48.5873],[16.3177,48.5934],[16.3129,48.5902],[16.3166,48.5886],[16.3088,48.5676],[16.3019,48.5648],[16.2893,48.5664],[16.2884,48.5904],[16.2945,48.5946],[16.3018,48.5946],[16.3033,48.6082],[16.2684,48.6026],[16.2581,48.6175],[16.2551,48.6336],[16.2594,48.6343],[16.2525,48.6411],[16.2619,48.6435],[16.2576,48.6547],[16.2339,48.6575],[16.2329,48.6525],[16.2015,48.6485],[16.1993,48.662]]]]},"geometry_name":"geom","properties":{"g_id":"316","g_name":"Mistelbach"},"bbox":[16.1993,48.3144,16.9284,48.8143]},{"type":"Feature","id":"STATISTIK_AUSTRIA_POLBEZ_20250101.317","geometry":{"type":"MultiPolygon","coordinates":[[[[16.0395,48.1128],[16.0398,48.1229],[16.0568,48.1291],[16.0585,48.1323],[16.0721,48.1329],[16.0797,48.13],[16.0826,48.138],[16.0927,48.1426],[16.1071,48.1349],[16.1071,48.1319],[16.1134,48.1317],[16.1231,48.1376],[16.1276,48.1458],[16.1436,48.1511],[16.1525,48.1587],[16.1561,48.1626],[16.1541,48.169],[16.1642,48.1705],[16.1819,48.171],[16.1938,48.1663],[16.1982,48.1541],[16.2232,48.1532],[16.2099,48.1476],[16.2208,48.1355],[16.2384,48.1372],[16.2362,48.1348],[16.2386,48.132],[16.2147,48.1259],[16.2189,48.1238],[16.2375,48.1303],[16.2574,48.1296],[16.2719,48.1338],[16.2978,48.1295],[16.2985,48.1253],[16.3118,48.1194],[16.3139,48.1256],[16.3185,48.1246],[16.3246,48.1378],[16.3883,48.1254],[16.3824,48.1119],[16.3851,48.1112],[16.3807,48.1098],[16.3753,48.0994],[16.4151,48.0909],[16.4001,48.08],[16.4044,48.0744],[16.3997,48.073],[16.4049,48.0636],[16.4027,48.0532],[16.4169,48.0495],[16.4155,48.0388],[16.4117,48.0377],[16.416,48.0355],[16.4136,48.034],[16.416,48.0234],[16.4079,48.0059],[16.3917,48.0032],[16.3752,48.0078],[16.3582,48.0186],[16.3517,48.0186],[16.3559,48.0228],[16.324,48.0327],[16.3025,48.0439],[16.296,48.0382],[16.2975,48.0343],[16.2853,48.0292],[16.2691,48.0368],[16.2659,48.0343],[16.2505,48.0397],[16.2458,48.0353],[16.2345,48.0361],[16.2272,48.0254],[16.2064,48.038],[16.1913,48.0387],[16.1608,48.048],[16.1566,48.0584],[16.1612,48.0644],[16.1479,48.0691],[16.1373,48.0783],[16.1286,48.0729],[16.1301,48.0764],[16.1249,48.0733],[16.1143,48.0748],[16.1055,48.0616],[16.0954,48.0662],[16.0956,48.0735],[16.0839,48.0722],[16.0794,48.0885],[16.0724,48.086],[16.0606,48.0901],[16.0472,48.0823],[16.0416,48.0982],[16.051,48.107],[16.0395,48.1128]]]]},"geometry_name":"geom","properties":{"g_id":"317","g_name":"Mödling"},"bbox":[16.0395,48.0032,16.4169,48.171]},{"type":"Feature","id":"STATISTIK_AUSTRIA_POLBEZ_20250101.318","geometry":{"type":"MultiPolygon","coordinates":[[[[15.6002,47.7997],[15.6155,47.8036],[15.6184,47.8124],[15.6319,47.8176],[15.6322,47.8259],[15.6235,47.833],[15.6227,47.8377],[15.6156,47.841],[15.6202,47.8474],[15.628,47.8491],[15.6291,47.8547],[15.6396,47.8542],[15.662,47.8597],[15.6742,47.8631],[15.6779,47.867],[15.6962,47.858],[15.7157,47.8637],[15.7397,47.8622],[15.7532,47.8417],[15.7526,47.8324],[15.7763,47.8377],[15.7805,47.842],[15.7868,47.8364],[15.8,47.8323],[15.8013,47.8228],[15.7962,47.8189],[15.8028,47.8106],[15.7962,47.7981],[15.7971,47.7894],[15.7902,47.7844],[15.809,47.7848],[15.8192,47.7989],[15.8521,47.8037],[15.8457,47.8098],[15.8601,47.8195],[15.8845,47.8209],[15.9064,47.8271],[15.914,47.8203],[15.9126,47.8144],[15.9181,47.81],[15.9248,47.8146],[15.9325,47.8116],[15.9341,47.8151],[15.9653,47.827],[15.9658,47.8179],[15.9735,47.8132],[15.9702,47.8069],[15.9975,47.8164],[16.0235,47.8121],[16.0304,47.8179],[16.0375,47.8165],[16.0537,47.8032],[16.0818,47.8035],[16.0897,47.797],[16.1294,47.8049],[16.1322,47.8026],[16.1286,47.8002],[16.1495,47.7877],[16.161,47.7859],[16.1784,47.774],[16.1465,47.7552],[16.1556,47.7464],[16.1615,47.7427],[16.1746,47.7473],[16.1873,47.759],[16.1864,47.756],[16.1964,47.75],[16.2054,47.7344],[16.1841,47.7299],[16.1792,47.7222],[16.1638,47.7241],[16.1567,47.7216],[16.1654,47.7169],[16.1857,47.7245],[16.1906,47.7216],[16.2004,47.7225],[16.2017,47.7197],[16.2085,47.7188],[16.2066,47.7153],[16.2124,47.7124],[16.2073,47.7092],[16.2176,47.7086],[16.2194,47.7045],[16.2015,47.6767],[16.2082,47.665],[16.2044,47.662],[16.2053,47.6508],[16.201,47.6466],[16.2027,47.6365],[16.1898,47.6213],[16.182,47.6189],[16.1737,47.6061],[16.18,47.5942],[16.1914,47.5889],[16.1898,47.5846],[16.1944,47.5814],[16.1849,47.5582],[16.2101,47.538],[16.1982,47.5342],[16.1883,47.537],[16.1864,47.5452],[16.1777,47.5411],[16.1816,47.548],[16.1775,47.5506],[16.1732,47.5444],[16.178,47.5342],[16.176,47.5316],[16.1696,47.5349],[16.1659,47.5455],[16.169,47.5548],[16.1425,47.5566],[16.1442,47.5483],[16.1515,47.542],[16.155,47.5293],[16.1613,47.5231],[16.1552,47.5184],[16.1568,47.5095],[16.1655,47.5028],[16.1594,47.4974],[16.1694,47.4916],[16.163,47.4895],[16.1668,47.482],[16.1603,47.4779],[16.1596,47.4669],[16.138,47.4614],[16.133,47.4695],[16.1267,47.4683],[16.1225,47.4709],[16.1234,47.4741],[16.1151,47.4743],[16.1203,47.4779],[16.1185,47.483],[16.1212,47.4878],[16.1159,47.4895],[16.1128,47.4978],[16.1181,47.5017],[16.1214,47.5111],[16.1124,47.5075],[16.1107,47.5103],[16.1161,47.5153],[16.1116,47.5165],[16.1095,47.525],[16.0978,47.5241],[16.0939,47.5176],[16.0943,47.5114],[16.0814,47.506],[16.079,47.4994],[16.0742,47.5031],[16.0652,47.5019],[16.0632,47.4892],[16.0652,47.4865],[16.0577,47.4846],[16.0465,47.4914],[16.0413,47.5007],[16.0328,47.5042],[16.0263,47.5127],[16.0161,47.517],[16.0012,47.5154],[15.9751,47.5202],[15.9562,47.5171],[15.9363,47.5263],[15.9139,47.5304],[15.9023,47.5463],[15.9043,47.5628],[15.8886,47.571],[15.8743,47.5733],[15.8642,47.5658],[15.847,47.5678],[15.8445,47.5863],[15.8489,47.5906],[15.848,47.5968],[15.8564,47.6028],[15.8623,47.6136],[15.8567,47.6208],[15.8409,47.6179],[15.833,47.6224],[15.8296,47.6328],[15.8218,47.638],[15.8051,47.6351],[15.7894,47.6399],[15.7824,47.639],[15.7807,47.6426],[15.7631,47.635],[15.7417,47.6329],[15.7441,47.641],[15.725,47.6467],[15.7287,47.6642],[15.7177,47.6846],[15.7191,47.6913],[15.7144,47.6966],[15.7188,47.7057],[15.7176,47.7115],[15.697,47.713],[15.6915,47.7052],[15.6787,47.699],[15.6703,47.71],[15.6518,47.7176],[15.636,47.7154],[15.6094,47.7553],[15.6089,47.7596],[15.6144,47.7605],[15.618,47.768],[15.62,47.7786],[15.6094,47.7831],[15.6002,47.7997]]]]},"geometry_name":"geom","properties":{"g_id":"318","g_name":"Neunkirchen"},"bbox":[15.6002,47.4614,16.2194,47.867]},{"type":"Feature","id":"STATISTIK_AUSTRIA_POLBEZ_20250101.319","geometry":{"type":"MultiPolygon","coordinates":[[[[15.2635,47.9977],[15.2732,48.0062],[15.2907,48.012],[15.2941,48.0181],[15.3277,48.0201],[15.3426,48.026],[15.3561,48.0237],[15.3603,48.0329],[15.3715,48.0396],[15.3939,48.044],[15.3969,48.0523],[15.4115,48.0533],[15.4137,48.0603],[15.4236,48.0595],[15.4264,48.0647],[15.4246,48.067],[15.4301,48.0681],[15.431,48.0739],[15.4419,48.0775],[15.4367,48.091],[15.4462,48.0931],[15.4386,48.1007],[15.4713,48.1059],[15.4713,48.1086],[15.4776,48.1116],[15.4906,48.1123],[15.4901,48.1165],[15.5045,48.1172],[15.5033,48.1274],[15.5167,48.1292],[15.5086,48.1307],[15.5079,48.1333],[15.518,48.1355],[15.5176,48.1392],[15.5098,48.138],[15.5074,48.1422],[15.5053,48.1377],[15.484,48.1408],[15.4802,48.1452],[15.4745,48.1451],[15.4763,48.141],[15.473,48.1384],[15.4654,48.138],[15.4542,48.1425],[15.4699,48.1486],[15.4719,48.1531],[15.4598,48.1549],[15.4588,48.1596],[15.4533,48.1588],[15.4431,48.1652],[15.4452,48.1789],[15.4401,48.1784],[15.4402,48.1963],[15.4224,48.2108],[15.4309,48.2137],[15.4384,48.2257],[15.4553,48.2324],[15.4519,48.2337],[15.4526,48.2369],[15.4616,48.2453],[15.4569,48.2504],[15.4511,48.2507],[15.4529,48.2549],[15.4631,48.2588],[15.4834,48.2592],[15.4803,48.2664],[15.4991,48.2668],[15.5027,48.2727],[15.495,48.276],[15.493,48.2817],[15.5008,48.2835],[15.5018,48.2894],[15.5203,48.284],[15.5226,48.2859],[15.5246,48.2907],[15.5223,48.2944],[15.5262,48.2932],[15.5235,48.3061],[15.5318,48.3082],[15.5193,48.3121],[15.5101,48.3105],[15.5119,48.3164],[15.5088,48.317],[15.5079,48.3205],[15.5107,48.3216],[15.5069,48.328],[15.5307,48.3276],[15.5492,48.3374],[15.5724,48.3376],[15.5793,48.3428],[15.5886,48.3407],[15.5884,48.3344],[15.6146,48.3326],[15.6166,48.3271],[15.6309,48.3262],[15.6314,48.3301],[15.6385,48.3348],[15.6541,48.3373],[15.6543,48.3405],[15.6693,48.3449],[15.6665,48.3582],[15.6704,48.3639],[15.6667,48.3685],[15.684,48.3706],[15.6933,48.3683],[15.6954,48.3713],[15.7216,48.3732],[15.7286,48.3758],[15.7253,48.3788],[15.7314,48.3842],[15.7485,48.3832],[15.7481,48.3858],[15.7543,48.3881],[15.7654,48.3855],[15.7751,48.379],[15.7725,48.3773],[15.7825,48.367],[15.7936,48.369],[15.7926,48.3664],[15.7989,48.3642],[15.7984,48.3558],[15.8076,48.3555],[15.807,48.3593],[15.8135,48.3586],[15.8111,48.3624],[15.8149,48.3623],[15.8146,48.3649],[15.8244,48.3647],[15.8354,48.3704],[15.8418,48.3686],[15.8395,48.3602],[15.8354,48.3615],[15.8326,48.3596],[15.8338,48.3563],[15.829,48.3551],[15.8138,48.3583],[15.8064,48.3491],[15.824,48.3475],[15.8241,48.3356],[15.8134,48.3313],[15.7963,48.331],[15.7827,48.3362],[15.7676,48.3251],[15.7661,48.3185],[15.7689,48.315],[15.7602,48.3139],[15.7971,48.3126],[15.7961,48.3092],[15.7894,48.3088],[15.7937,48.3003],[15.816,48.3013],[15.8197,48.3058],[15.8248,48.3032],[15.8251,48.2986],[15.8165,48.2882],[15.809,48.292],[15.8036,48.2866],[15.8309,48.2892],[15.8411,48.2839],[15.8454,48.2772],[15.8372,48.2746],[15.839,48.272],[15.8331,48.2693],[15.8354,48.2653],[15.8321,48.2612],[15.8251,48.2605],[15.8236,48.2551],[15.8192,48.2545],[15.8193,48.2502],[15.8416,48.2515],[15.848,48.2438],[15.8422,48.2408],[15.8413,48.2386],[15.846,48.2368],[15.8418,48.2304],[15.8471,48.2323],[15.8633,48.2297],[15.871,48.2333],[15.8853,48.2316],[15.8854,48.2422],[15.8922,48.2441],[15.8944,48.2502],[15.8887,48.2515],[15.8862,48.2582],[15.8894,48.2606],[15.9127,48.2647],[15.9138,48.2602],[15.9284,48.2608],[15.9381,48.2552],[15.9449,48.2621],[15.9513,48.2633],[15.9622,48.2538],[15.9545,48.2543],[15.9561,48.2518],[15.9635,48.2487],[15.9473,48.2391],[15.9725,48.2388],[15.9739,48.2347],[15.9777,48.2354],[15.9811,48.2327],[15.976,48.2319],[15.9758,48.2236],[15.9876,48.2228],[15.9896,48.2158],[16.0007,48.2083],[16.0062,48.1976],[16.0127,48.195],[16.0339,48.2014],[16.0336,48.2073],[16.045,48.2074],[16.0394,48.2132],[16.0137,48.2159],[16.0117,48.223],[16.0206,48.2241],[16.0313,48.2186],[16.0405,48.2186],[16.0402,48.2242],[16.0455,48.2248],[16.0558,48.2361],[16.0625,48.2339],[16.0708,48.2371],[16.0635,48.2396],[16.0665,48.2417],[16.0631,48.2444],[16.0652,48.2481],[16.0704,48.2476],[16.0764,48.2421],[16.0846,48.2436],[16.0863,48.2487],[16.0792,48.254],[16.0854,48.2559],[16.0944,48.25],[16.091,48.2427],[16.121,48.2421],[16.1102,48.2517],[16.1187,48.26],[16.1409,48.2579],[16.1389,48.2594],[16.1429,48.2615],[16.1415,48.2658],[16.1341,48.2689],[16.1355,48.2728],[16.142,48.2712],[16.1386,48.2744],[16.1407,48.2764],[16.147,48.2736],[16.1485,48.2675],[16.1627,48.265],[16.1615,48.2694],[16.1655,48.2753],[16.1593,48.28],[16.1775,48.2837],[16.1777,48.2768],[16.2081,48.2641],[16.2051,48.2621],[16.2057,48.2563],[16.1962,48.2498],[16.1935,48.2433],[16.193,48.2347],[16.1991,48.2286],[16.1967,48.2299],[16.1852,48.2232],[16.1978,48.2229],[16.195,48.2196],[16.1977,48.2144],[16.2096,48.2097],[16.2019,48.2048],[16.2074,48.2023],[16.2006,48.1873],[16.1809,48.1704],[16.1541,48.169],[16.1561,48.1626],[16.1525,48.1587],[16.1436,48.1511],[16.1276,48.1458],[16.1231,48.1376],[16.1121,48.1313],[16.1071,48.1319],[16.1071,48.1349],[16.0933,48.1426],[16.0826,48.138],[16.0797,48.13],[16.0721,48.1329],[16.053,48.1316],[16.0483,48.1341],[16.0492,48.1381],[16.0372,48.1368],[16.0319,48.1413],[16.0168,48.1374],[16.0033,48.1385],[15.9956,48.1457],[15.9635,48.1287],[15.9518,48.1185],[15.9353,48.1155],[15.9292,48.1074],[15.9126,48.1069],[15.9117,48.1018],[15.9197,48.0967],[15.9201,48.0906],[15.902,48.0815],[15.8755,48.076],[15.8653,48.0683],[15.8454,48.0621],[15.8215,48.0728],[15.8226,48.0773],[15.8192,48.0801],[15.7704,48.0712],[15.7636,48.0797],[15.7495,48.0807],[15.7315,48.0774],[15.7233,48.0825],[15.7005,48.0851],[15.7008,48.0901],[15.6948,48.0869],[15.6848,48.0892],[15.6619,48.0877],[15.6593,48.0838],[15.6389,48.0809],[15.6353,48.0746],[15.6262,48.0768],[15.6297,48.0696],[15.622,48.0678],[15.6013,48.0676],[15.6,48.0715],[15.5909,48.0741],[15.5825,48.0678],[15.5699,48.0713],[15.5515,48.0703],[15.5551,48.0646],[15.5436,48.0645],[15.527,48.0564],[15.5277,48.0529],[15.5236,48.0503],[15.5296,48.0437],[15.5222,48.0416],[15.5197,48.0376],[15.5198,48.0265],[15.5305,48.0179],[15.5335,48.0082],[15.498,47.9957],[15.4984,47.9804],[15.4923,47.9754],[15.4913,47.9705],[15.4778,47.9674],[15.4641,47.9595],[15.4451,47.9604],[15.4325,47.9575],[15.4387,47.9498],[15.4313,47.9487],[15.4273,47.9398],[15.4299,47.9335],[15.4193,47.9288],[15.4164,47.9208],[15.3947,47.9167],[15.3904,47.9114],[15.3978,47.9043],[15.3912,47.8998],[15.3718,47.8989],[15.3595,47.891],[15.3475,47.889],[15.336,47.89],[15.3283,47.8954],[15.3264,47.9008],[15.3325,47.9021],[15.3369,47.9075],[15.3286,47.9115],[15.3318,47.9162],[15.3285,47.9275],[15.3221,47.9359],[15.3047,47.9405],[15.2951,47.9364],[15.292,47.943],[15.2733,47.9535],[15.2742,47.9583],[15.2839,47.9583],[15.2816,47.9611],[15.2846,47.9657],[15.281,47.9709],[15.2739,47.973],[15.2739,47.9864],[15.2635,47.9977]],[[15.5559,48.1787],[15.556,48.1744],[15.5623,48.1696],[15.5589,48.1663],[15.5644,48.1628],[15.5703,48.1637],[15.5698,48.1678],[15.5902,48.166],[15.5929,48.1493],[15.5784,48.1441],[15.579,48.132],[15.5904,48.1258],[15.601,48.1254],[15.6075,48.1202],[15.6131,48.1242],[15.6409,48.1185],[15.642,48.1223],[15.6495,48.1226],[15.6533,48.1267],[15.6485,48.1302],[15.6551,48.1332],[15.6529,48.1377],[15.655,48.1429],[15.6477,48.1448],[15.6553,48.1512],[15.6419,48.1586],[15.6415,48.1667],[15.6449,48.1685],[15.6456,48.1757],[15.6655,48.1807],[15.6637,48.1835],[15.6662,48.1897],[15.6633,48.1901],[15.6697,48.1982],[15.6926,48.1967],[15.6948,48.205],[15.7235,48.2109],[15.7237,48.2147],[15.7294,48.2177],[15.7219,48.2176],[15.7318,48.2196],[15.7334,48.2281],[15.7368,48.23],[15.728,48.2426],[15.7275,48.2542],[15.7341,48.2558],[15.7326,48.2605],[15.7392,48.2622],[15.7362,48.2665],[15.7167,48.2628],[15.7078,48.2683],[15.703,48.2663],[15.7039,48.2637],[15.6963,48.2616],[15.6701,48.2623],[15.6718,48.259],[15.6654,48.2549],[15.6697,48.2518],[15.663,48.251],[15.6654,48.2484],[15.6626,48.2425],[15.6378,48.248],[15.6271,48.2388],[15.612,48.2359],[15.6132,48.2323],[15.6026,48.2329],[15.5927,48.2277],[15.5858,48.2324],[15.5864,48.2284],[15.5805,48.2278],[15.5827,48.2241],[15.5791,48.2231],[15.5829,48.2183],[15.5753,48.2119],[15.5765,48.2085],[15.5819,48.2104],[15.5757,48.2062],[15.5774,48.1986],[15.5726,48.1982],[15.5745,48.1903],[15.5617,48.1871],[15.5613,48.1823],[15.5561,48.1822],[15.5559,48.1787]]]]},"geometry_name":"geom","properties":{"g_id":"319","g_name":"St. Pölten(Land)"},"bbox":[15.2635,47.889,16.2096,48.3882]},{"type":"Feature","id":"STATISTIK_AUSTRIA_POLBEZ_20250101.320","geometry":{"type":"MultiPolygon","coordinates":[[[[14.844,47.7901],[14.8773,47.8013],[14.8927,47.8028],[14.8925,47.8067],[14.8852,47.8078],[14.8864,47.811],[14.9039,47.8152],[14.9029,47.8189],[14.9076,47.8207],[14.9067,47.8295],[14.9483,47.8396],[14.9484,47.8458],[14.9417,47.8483],[14.9398,47.8528],[14.934,47.8525],[14.9358,47.8563],[14.9322,47.8635],[14.9401,47.8678],[14.9478,47.8787],[14.9667,47.8892],[14.9671,47.9018],[14.9913,47.9093],[15.0023,47.9076],[15.01,47.9142],[14.9974,47.9228],[14.9948,47.9317],[14.9808,47.9313],[14.9771,47.9272],[14.9721,47.931],[14.9598,47.9306],[14.9521,47.9238],[14.9452,47.9271],[14.9433,47.9346],[14.9459,47.9443],[14.9572,47.959],[14.9436,47.961],[14.9526,47.9646],[14.9497,47.9657],[14.9537,47.9726],[14.9211,47.9735],[14.9256,47.9828],[14.9329,47.9837],[14.9177,47.9911],[14.914,47.99],[14.9173,47.9847],[14.8994,47.9866],[14.9031,47.9889],[14.9021,47.9914],[14.881,47.9974],[14.9037,48.0052],[14.9012,48.0064],[14.9019,48.0111],[14.8876,48.0141],[14.8849,48.0134],[14.8918,48.0099],[14.8908,48.0075],[14.8773,48.0095],[14.8726,48.0111],[14.8707,48.0158],[14.8746,48.0171],[14.86,48.0236],[14.883,48.0226],[14.8843,48.028],[14.8901,48.0255],[14.8895,48.0201],[14.8969,48.0189],[14.903,48.0222],[14.8998,48.0323],[14.9123,48.0296],[14.9114,48.0334],[14.9208,48.0326],[14.9197,48.0351],[14.9248,48.0377],[14.9308,48.0352],[14.9382,48.0405],[14.9542,48.0388],[14.9507,48.0435],[14.9538,48.0411],[14.958,48.0442],[14.9592,48.0416],[14.9737,48.0418],[14.9716,48.0515],[14.9659,48.0556],[14.9657,48.0665],[14.9842,48.0728],[15.0014,48.0716],[15.0103,48.0867],[15.0052,48.0945],[15.0153,48.0955],[15.0073,48.0994],[15.0129,48.1024],[15.0109,48.105],[15.0145,48.1106],[15.0116,48.113],[15.0155,48.1139],[15.0154,48.1171],[15.0211,48.1215],[15.0326,48.1216],[15.0373,48.1279],[15.0433,48.1269],[15.0582,48.1316],[15.0775,48.1422],[15.0755,48.1407],[15.0778,48.1376],[15.102,48.1368],[15.1042,48.1405],[15.1202,48.1422],[15.1245,48.1395],[15.1228,48.1369],[15.1321,48.1359],[15.1425,48.1414],[15.1398,48.144],[15.1415,48.146],[15.1547,48.138],[15.1515,48.1337],[15.1548,48.1351],[15.1613,48.1295],[15.1627,48.1265],[15.156,48.1227],[15.1638,48.1157],[15.1724,48.1244],[15.176,48.1215],[15.1815,48.1223],[15.1971,48.1314],[15.2062,48.1249],[15.2017,48.1237],[15.1908,48.1279],[15.1893,48.1212],[15.1954,48.1174],[15.1898,48.1154],[15.1907,48.1119],[15.1944,48.1099],[15.2138,48.1138],[15.2132,48.1113],[15.2388,48.0974],[15.2365,48.0944],[15.2389,48.0923],[15.2481,48.0896],[15.2543,48.0828],[15.2523,48.0811],[15.2588,48.0823],[15.2688,48.0751],[15.2852,48.075],[15.2797,48.071],[15.2872,48.0687],[15.2872,48.06],[15.2917,48.0538],[15.2804,48.0505],[15.2767,48.0554],[15.2746,48.0539],[15.2772,48.0505],[15.2664,48.0488],[15.2725,48.0474],[15.2709,48.0429],[15.267,48.0433],[15.2634,48.034],[15.2632,48.0283],[15.2673,48.0252],[15.2614,48.0214],[15.2623,48.0186],[15.274,48.0146],[15.2761,48.0068],[15.2635,47.9977],[15.2739,47.9864],[15.2739,47.973],[15.281,47.9709],[15.2846,47.9657],[15.2816,47.9611],[15.2839,47.9583],[15.2742,47.9583],[15.2733,47.9535],[15.292,47.943],[15.2951,47.9364],[15.3047,47.9405],[15.3224,47.9357],[15.3318,47.9162],[15.3288,47.9111],[15.3369,47.9075],[15.3325,47.9021],[15.3264,47.9008],[15.3269,47.8982],[15.336,47.89],[15.3242,47.8848],[15.3132,47.8882],[15.2885,47.8782],[15.2695,47.8781],[15.2623,47.8813],[15.2582,47.8704],[15.2551,47.8693],[15.2467,47.8687],[15.2395,47.8728],[15.224,47.8709],[15.2145,47.8639],[15.1608,47.8493],[15.1644,47.8413],[15.1795,47.8324],[15.1768,47.8298],[15.18,47.8261],[15.2005,47.825],[15.2073,47.8186],[15.2295,47.8133],[15.2162,47.8063],[15.2151,47.7906],[15.2081,47.7878],[15.2065,47.7777],[15.2008,47.775],[15.2023,47.7705],[15.2101,47.7689],[15.2078,47.7672],[15.2105,47.7644],[15.2006,47.7538],[15.1833,47.7567],[15.1685,47.7537],[15.159,47.7584],[15.1448,47.7573],[15.1394,47.7614],[15.1301,47.753],[15.1323,47.7488],[15.13,47.7471],[15.0584,47.7403],[15.0347,47.7527],[15.0293,47.7526],[14.9972,47.7414],[14.9864,47.7401],[14.9728,47.7436],[14.9676,47.7372],[14.952,47.7329],[14.9314,47.7173],[14.9278,47.7106],[14.9128,47.709],[14.8766,47.716],[14.8766,47.726],[14.8715,47.7328],[14.8473,47.7477],[14.8528,47.7551],[14.8745,47.7669],[14.854,47.7729],[14.844,47.7901]]]]},"geometry_name":"geom","properties":{"g_id":"320","g_name":"Scheibbs"},"bbox":[14.844,47.709,15.3369,48.146]},{"type":"Feature","id":"STATISTIK_AUSTRIA_POLBEZ_20250101.321","geometry":{"type":"MultiPolygon","coordinates":[[[[15.7125,48.393],[15.7259,48.3926],[15.731,48.3987],[15.7355,48.3959],[15.746,48.3978],[15.7485,48.4026],[15.747,48.4084],[15.7571,48.4126],[15.7634,48.421],[15.7643,48.4371],[15.757,48.4388],[15.762,48.4431],[15.7666,48.4412],[15.773,48.4611],[15.7778,48.4634],[15.7784,48.4712],[15.7857,48.4749],[15.7814,48.4833],[15.7913,48.4884],[15.8034,48.4849],[15.8052,48.4933],[15.8128,48.4972],[15.8406,48.49],[15.8425,48.4891],[15.84,48.4876],[15.8533,48.4821],[15.8557,48.4879],[15.8519,48.4885],[15.8567,48.4948],[15.872,48.4926],[15.8811,48.4956],[15.9007,48.4954],[15.906,48.4942],[15.9065,48.4834],[15.9102,48.4782],[15.9196,48.4812],[15.9297,48.4787],[15.9347,48.4856],[15.9395,48.4843],[15.9591,48.4907],[15.9708,48.4873],[15.9773,48.4897],[15.9869,48.5008],[15.9978,48.4944],[16.0168,48.497],[16.0242,48.4952],[16.0302,48.4783],[16.0255,48.4696],[16.0113,48.457],[16.0185,48.4551],[16.0164,48.4413],[16.0196,48.4321],[16.0116,48.4324],[16.0064,48.429],[16.0081,48.426],[15.9943,48.4251],[15.9892,48.4112],[15.9985,48.4087],[15.998,48.4001],[15.9942,48.3922],[15.9949,48.3802],[15.9878,48.3801],[15.9877,48.3769],[15.9955,48.3731],[16.0064,48.3729],[16.0065,48.3774],[16.0213,48.3796],[16.0321,48.3742],[16.0387,48.3772],[16.0418,48.3705],[16.0618,48.3717],[16.0551,48.3666],[16.0731,48.3579],[16.0695,48.3552],[16.074,48.352],[16.0768,48.3524],[16.0741,48.3551],[16.0768,48.3584],[16.0716,48.3589],[16.072,48.3611],[16.0813,48.3603],[16.0851,48.3657],[16.0863,48.3604],[16.0917,48.3595],[16.1103,48.342],[16.1154,48.3459],[16.1359,48.3444],[16.1265,48.3502],[16.141,48.3583],[16.1485,48.3571],[16.1457,48.3532],[16.1677,48.3576],[16.1655,48.3632],[16.1736,48.3666],[16.1813,48.3621],[16.189,48.3669],[16.1997,48.3596],[16.2104,48.3593],[16.2206,48.3526],[16.2285,48.358],[16.2221,48.3648],[16.2376,48.3564],[16.2622,48.3542],[16.2737,48.3595],[16.2938,48.3525],[16.2909,48.3492],[16.3261,48.3341],[16.3428,48.3202],[16.3464,48.3158],[16.3463,48.3014],[16.3632,48.2823],[16.3535,48.2837],[16.3481,48.2905],[16.3412,48.289],[16.3452,48.2856],[16.329,48.2772],[16.3207,48.2782],[16.3059,48.2717],[16.2913,48.2714],[16.2859,48.2674],[16.2941,48.2645],[16.2921,48.2622],[16.2845,48.2579],[16.264,48.2549],[16.2704,48.2519],[16.2587,48.2461],[16.2566,48.2399],[16.2416,48.2383],[16.2373,48.2425],[16.241,48.2484],[16.1777,48.2768],[16.1775,48.2837],[16.1593,48.28],[16.1655,48.2753],[16.1615,48.2694],[16.1627,48.265],[16.1485,48.2675],[16.147,48.2736],[16.1407,48.2764],[16.1386,48.2744],[16.142,48.2712],[16.1355,48.2728],[16.1341,48.2689],[16.1415,48.2658],[16.1429,48.2615],[16.1389,48.2594],[16.1409,48.2579],[16.1187,48.26],[16.1102,48.2517],[16.121,48.2421],[16.091,48.2427],[16.0944,48.25],[16.0854,48.2559],[16.0792,48.254],[16.0863,48.2487],[16.0846,48.2436],[16.0764,48.2421],[16.0704,48.2476],[16.0652,48.2481],[16.0631,48.2444],[16.0665,48.2417],[16.0635,48.2396],[16.0708,48.2371],[16.0625,48.2339],[16.0558,48.2361],[16.0455,48.2248],[16.0402,48.2242],[16.0405,48.2186],[16.0313,48.2186],[16.0206,48.2241],[16.0117,48.223],[16.0137,48.2159],[16.0394,48.2132],[16.045,48.2074],[16.0336,48.2073],[16.0339,48.2014],[16.0127,48.195],[16.0062,48.1976],[16.0007,48.2083],[15.9896,48.2158],[15.9876,48.2228],[15.9758,48.2236],[15.976,48.2319],[15.9811,48.2327],[15.9777,48.2354],[15.9739,48.2347],[15.9725,48.2388],[15.9473,48.2391],[15.9635,48.2487],[15.9561,48.2518],[15.9545,48.2543],[15.9622,48.2538],[15.9513,48.2633],[15.9449,48.2621],[15.9381,48.2552],[15.9284,48.2608],[15.9138,48.2602],[15.9127,48.2647],[15.8894,48.2606],[15.8862,48.2582],[15.8887,48.2515],[15.8944,48.2502],[15.8922,48.2441],[15.8854,48.2422],[15.8853,48.2316],[15.871,48.2333],[15.8633,48.2297],[15.8471,48.2323],[15.8418,48.2304],[15.846,48.2368],[15.8413,48.2386],[15.8422,48.2408],[15.848,48.2438],[15.8416,48.2515],[15.8294,48.2491],[15.8181,48.2519],[15.8236,48.2551],[15.8251,48.2605],[15.8321,48.2612],[15.8354,48.2653],[15.8331,48.2693],[15.839,48.272],[15.8373,48.2747],[15.8454,48.2772],[15.8429,48.2818],[15.8309,48.2892],[15.8196,48.2866],[15.8189,48.2893],[15.8092,48.2853],[15.8034,48.2871],[15.809,48.292],[15.8165,48.2882],[15.8251,48.2986],[15.8248,48.3032],[15.8197,48.3058],[15.816,48.3013],[15.7937,48.3003],[15.7894,48.3088],[15.7961,48.3092],[15.7971,48.3126],[15.7602,48.3137],[15.7689,48.315],[15.7661,48.3185],[15.7676,48.3251],[15.7827,48.3362],[15.7963,48.331],[15.8134,48.3313],[15.8241,48.3356],[15.824,48.3475],[15.8064,48.3491],[15.809,48.3542],[15.8138,48.3583],[15.8329,48.3556],[15.834,48.3608],[15.8395,48.3602],[15.8418,48.3686],[15.8347,48.3705],[15.8244,48.3647],[15.8146,48.3649],[15.8149,48.3623],[15.8111,48.3624],[15.8135,48.3586],[15.7984,48.3558],[15.7989,48.3642],[15.7926,48.3664],[15.7936,48.369],[15.7825,48.367],[15.7725,48.3773],[15.7751,48.379],[15.7654,48.3855],[15.7553,48.3882],[15.7481,48.3858],[15.7485,48.3832],[15.7314,48.3842],[15.7298,48.3878],[15.7254,48.3839],[15.719,48.3873],[15.7209,48.3906],[15.7125,48.393]],[[15.9831,48.4272],[15.9946,48.4262],[15.9963,48.4341],[15.9867,48.4348],[15.9831,48.4272]]]]},"geometry_name":"geom","properties":{"g_id":"321","g_name":"Tulln"},"bbox":[15.7125,48.195,16.3632,48.5008]},{"type":"Feature","id":"STATISTIK_AUSTRIA_POLBEZ_20250101.322","geometry":{"type":"MultiPolygon","coordinates":[[[[15.1171,48.7596],[15.1197,48.7647],[15.1338,48.7722],[15.1267,48.7804],[15.131,48.7877],[15.1283,48.7928],[15.1476,48.8004],[15.154,48.7964],[15.1581,48.8103],[15.1701,48.8125],[15.1653,48.8224],[15.1544,48.826],[15.1573,48.8282],[15.1572,48.835],[15.1455,48.8387],[15.1523,48.8427],[15.1473,48.8441],[15.1534,48.8503],[15.1516,48.8554],[15.1721,48.8578],[15.1727,48.8633],[15.1627,48.8717],[15.1622,48.876],[15.1742,48.8825],[15.1878,48.8794],[15.1874,48.8858],[15.1801,48.8875],[15.1838,48.8899],[15.1794,48.8916],[15.1843,48.8945],[15.1791,48.8965],[15.1846,48.8999],[15.1801,48.9015],[15.1812,48.9191],[15.187,48.9227],[15.1685,48.9332],[15.1651,48.9403],[15.1592,48.9411],[15.1702,48.943],[15.1769,48.9477],[15.1893,48.943],[15.2096,48.9575],[15.2243,48.9601],[15.238,48.9575],[15.2464,48.9595],[15.2616,48.9536],[15.2619,48.9576],[15.2691,48.9583],[15.2654,48.964],[15.2671,48.9672],[15.2719,48.9664],[15.2814,48.9793],[15.2758,48.9858],[15.2778,48.9946],[15.2898,48.9926],[15.2937,48.9891],[15.291,48.9843],[15.3057,48.9779],[15.3121,48.9807],[15.3217,48.9761],[15.3322,48.9848],[15.367,48.9819],[15.3892,48.9724],[15.3931,48.9654],[15.4033,48.9635],[15.4247,48.9516],[15.4505,48.9498],[15.4559,48.9453],[15.4685,48.9518],[15.477,48.9445],[15.502,48.936],[15.5061,48.9194],[15.5118,48.9149],[15.5585,48.9046],[15.5781,48.8958],[15.5871,48.896],[15.588,48.8937],[15.5817,48.8929],[15.586,48.8835],[15.6098,48.8783],[15.6096,48.875],[15.5927,48.8779],[15.5899,48.8732],[15.5818,48.8759],[15.5781,48.8694],[15.5891,48.8617],[15.5896,48.8541],[15.5995,48.8563],[15.6081,48.843],[15.597,48.8391],[15.5762,48.8387],[15.5729,48.8312],[15.5603,48.8263],[15.5531,48.8295],[15.5499,48.8238],[15.5343,48.8267],[15.5358,48.8199],[15.525,48.8223],[15.5143,48.8168],[15.5265,48.8083],[15.5237,48.8016],[15.5136,48.7944],[15.5212,48.7894],[15.5215,48.7862],[15.5004,48.7748],[15.5206,48.7688],[15.5271,48.7648],[15.5264,48.7611],[15.5166,48.7587],[15.5019,48.7642],[15.4991,48.7624],[15.5027,48.7541],[15.4938,48.7534],[15.4939,48.7494],[15.4905,48.7495],[15.495,48.7452],[15.4941,48.7376],[15.4827,48.7357],[15.4792,48.7265],[15.4636,48.7254],[15.4507,48.7289],[15.444,48.7188],[15.4216,48.7222],[15.4225,48.7315],[15.4297,48.7302],[15.4471,48.7355],[15.4441,48.7413],[15.4174,48.7466],[15.4142,48.7598],[15.4287,48.7572],[15.4292,48.7599],[15.4095,48.7708],[15.4124,48.7742],[15.4045,48.7778],[15.3875,48.7747],[15.377,48.7628],[15.3686,48.7671],[15.3612,48.7659],[15.3579,48.7732],[15.3454,48.7757],[15.3402,48.7732],[15.3367,48.7749],[15.3287,48.7678],[15.3186,48.7555],[15.3222,48.7541],[15.3201,48.7513],[15.3183,48.7539],[15.3111,48.7534],[15.3097,48.7497],[15.2988,48.7449],[15.2859,48.7506],[15.2794,48.7611],[15.2744,48.7626],[15.262,48.754],[15.2667,48.7523],[15.2652,48.7484],[15.2386,48.7511],[15.2327,48.7438],[15.2194,48.7419],[15.2209,48.7363],[15.2103,48.7364],[15.2079,48.731],[15.1907,48.7288],[15.1655,48.7404],[15.1648,48.7285],[15.16,48.724],[15.1649,48.7227],[15.1627,48.7186],[15.1758,48.71],[15.1726,48.7079],[15.1738,48.7035],[15.1647,48.7004],[15.1485,48.7052],[15.1522,48.7147],[15.1469,48.7185],[15.1555,48.7187],[15.1575,48.722],[15.1539,48.725],[15.1431,48.7255],[15.1472,48.7293],[15.1433,48.7322],[15.1448,48.7484],[15.1348,48.7491],[15.1299,48.7545],[15.1171,48.7596]]]]},"geometry_name":"geom","properties":{"g_id":"322","g_name":"Waidhofen an der Thaya"},"bbox":[15.1171,48.7004,15.6099,48.9947]},{"type":"Feature","id":"STATISTIK_AUSTRIA_POLBEZ_20250101.323","geometry":{"type":"MultiPolygon","coordinates":[[[[15.6219,47.8696],[15.6246,47.8752],[15.6383,47.8791],[15.6396,47.8842],[15.6515,47.8848],[15.6593,47.8926],[15.6614,47.9009],[15.666,47.9028],[15.6788,47.8995],[15.6758,47.8866],[15.6878,47.8872],[15.6911,47.8904],[15.6903,47.8951],[15.7135,47.9068],[15.7125,47.9125],[15.7149,47.9143],[15.7384,47.9192],[15.74,47.9237],[15.7479,47.9257],[15.7541,47.9332],[15.7784,47.9317],[15.7921,47.9366],[15.8111,47.9354],[15.8267,47.944],[15.8582,47.9474],[15.8668,47.9527],[15.8679,47.9591],[15.8742,47.9609],[15.8969,47.9517],[15.9125,47.9526],[15.9183,47.956],[15.9323,47.9466],[15.9453,47.9468],[15.9508,47.9419],[15.9488,47.9353],[15.9435,47.9332],[15.9473,47.9268],[15.9615,47.929],[15.9663,47.9346],[15.9777,47.9324],[15.9808,47.9369],[15.9879,47.9369],[15.9982,47.9422],[15.9966,47.9368],[15.9913,47.9383],[15.9935,47.9352],[15.9887,47.927],[15.9979,47.9235],[16.0026,47.9297],[16.0159,47.9321],[16.023,47.9282],[16.0148,47.9225],[16.0154,47.9141],[16.0074,47.9037],[16.0129,47.8975],[16.0119,47.893],[16.0269,47.8929],[16.0481,47.9007],[16.055,47.898],[16.0935,47.9024],[16.0954,47.8991],[16.0858,47.8996],[16.0837,47.8972],[16.0918,47.8926],[16.0859,47.8851],[16.1037,47.8837],[16.1102,47.8807],[16.1121,47.8752],[16.1225,47.8773],[16.1087,47.8828],[16.1078,47.8857],[16.1197,47.8876],[16.1488,47.8837],[16.1564,47.8913],[16.1745,47.8951],[16.1809,47.9028],[16.1936,47.907],[16.2026,47.9062],[16.2038,47.9021],[16.2106,47.8982],[16.2188,47.8979],[16.2214,47.9073],[16.2268,47.9092],[16.2218,47.9137],[16.2254,47.9168],[16.2299,47.9155],[16.2295,47.9198],[16.2372,47.9163],[16.2338,47.9129],[16.2439,47.9112],[16.2542,47.9147],[16.2669,47.9156],[16.2723,47.9123],[16.284,47.9149],[16.348,47.8946],[16.3587,47.886],[16.3783,47.903],[16.3898,47.8929],[16.383,47.8825],[16.3892,47.8864],[16.3925,47.8846],[16.3778,47.8731],[16.3575,47.8664],[16.348,47.8681],[16.388,47.8426],[16.3719,47.8311],[16.3772,47.8273],[16.3505,47.8182],[16.3483,47.8053],[16.3435,47.8014],[16.3317,47.8006],[16.3233,47.7882],[16.3156,47.7846],[16.3075,47.7908],[16.3109,47.7969],[16.3078,47.8034],[16.3147,47.8048],[16.2852,47.8117],[16.2818,47.8184],[16.284,47.8224],[16.2677,47.8293],[16.2828,47.8392],[16.2763,47.8531],[16.2722,47.8544],[16.2708,47.8445],[16.2217,47.8472],[16.2236,47.8716],[16.206,47.8676],[16.204,47.8624],[16.2128,47.8573],[16.2081,47.8581],[16.2041,47.8493],[16.1981,47.852],[16.192,47.8447],[16.189,47.8343],[16.1953,47.8328],[16.1959,47.8278],[16.2109,47.8227],[16.2027,47.8224],[16.1973,47.808],[16.1909,47.8072],[16.1878,47.7788],[16.1836,47.7709],[16.161,47.7859],[16.1495,47.7877],[16.1286,47.8002],[16.1322,47.8026],[16.1294,47.8049],[16.0897,47.797],[16.0818,47.8035],[16.0537,47.8032],[16.0375,47.8165],[16.0304,47.8179],[16.0235,47.8121],[15.9975,47.8164],[15.9702,47.8069],[15.9735,47.8132],[15.9658,47.8179],[15.9653,47.827],[15.9341,47.8151],[15.9325,47.8116],[15.9248,47.8146],[15.9181,47.81],[15.9126,47.8144],[15.914,47.8203],[15.9064,47.8271],[15.8845,47.8209],[15.8653,47.8209],[15.8467,47.8116],[15.8456,47.8095],[15.8521,47.8037],[15.8192,47.7989],[15.809,47.7848],[15.7902,47.7844],[15.7971,47.7894],[15.7962,47.7981],[15.8028,47.811],[15.7962,47.8189],[15.8014,47.8234],[15.8,47.8323],[15.7868,47.8364],[15.7825,47.8416],[15.7526,47.8324],[15.7532,47.8417],[15.7391,47.8624],[15.7157,47.8637],[15.6962,47.858],[15.6779,47.867],[15.6742,47.8631],[15.6346,47.8539],[15.6226,47.8589],[15.6251,47.8643],[15.6219,47.8696]]],[[[16.1319,47.4534],[16.1352,47.4605],[16.1596,47.4669],[16.1603,47.4779],[16.1668,47.482],[16.163,47.4895],[16.1694,47.4916],[16.1594,47.4974],[16.1655,47.5028],[16.1568,47.5095],[16.1552,47.5184],[16.1613,47.5231],[16.155,47.5293],[16.1515,47.542],[16.1442,47.5483],[16.1425,47.5566],[16.169,47.5548],[16.1659,47.5455],[16.1696,47.5349],[16.176,47.5316],[16.178,47.5342],[16.1732,47.5444],[16.1775,47.5506],[16.1816,47.548],[16.1777,47.5411],[16.1864,47.5452],[16.1883,47.537],[16.1982,47.5342],[16.2101,47.538],[16.1849,47.5582],[16.1944,47.5814],[16.1898,47.5846],[16.1914,47.5889],[16.18,47.5942],[16.1737,47.6061],[16.182,47.6189],[16.1898,47.6213],[16.2027,47.6365],[16.201,47.6466],[16.2053,47.6508],[16.2044,47.662],[16.2082,47.665],[16.2015,47.6767],[16.2194,47.7045],[16.2176,47.7086],[16.2073,47.7092],[16.2124,47.7124],[16.2066,47.7153],[16.2085,47.7188],[16.2017,47.7197],[16.2004,47.7225],[16.1906,47.7216],[16.1857,47.7245],[16.1654,47.7169],[16.1567,47.7216],[16.1638,47.7241],[16.1792,47.7222],[16.1841,47.7299],[16.2054,47.7342],[16.1962,47.7501],[16.2062,47.7484],[16.2153,47.7511],[16.2251,47.7757],[16.2416,47.7737],[16.2453,47.7931],[16.274,47.7903],[16.2775,47.7929],[16.3031,47.7855],[16.2938,47.7683],[16.2999,47.7592],[16.2994,47.7487],[16.2944,47.7446],[16.2967,47.74],[16.2911,47.7294],[16.2925,47.7184],[16.3025,47.707],[16.3046,47.6973],[16.3102,47.6948],[16.3088,47.6871],[16.3336,47.6785],[16.3567,47.6795],[16.3517,47.6717],[16.3725,47.6426],[16.3677,47.6359],[16.3723,47.6275],[16.3714,47.6234],[16.3542,47.62],[16.348,47.6162],[16.3531,47.609],[16.3446,47.6028],[16.3304,47.5994],[16.3301,47.5823],[16.3131,47.5653],[16.3158,47.5597],[16.3096,47.5454],[16.3226,47.5389],[16.3305,47.5283],[16.3377,47.526],[16.3397,47.5162],[16.3341,47.506],[16.326,47.5006],[16.3277,47.4978],[16.312,47.489],[16.3158,47.486],[16.3143,47.4829],[16.2969,47.4779],[16.3054,47.4746],[16.3025,47.467],[16.2907,47.4643],[16.2811,47.4551],[16.2722,47.4568],[16.2566,47.4514],[16.2432,47.4423],[16.2418,47.4371],[16.2231,47.4271],[16.1996,47.4223],[16.172,47.4222],[16.1441,47.4379],[16.1406,47.4471],[16.1319,47.4534]]]]},"geometry_name":"geom","properties":{"g_id":"323","g_name":"Wiener Neustadt(Land)"},"bbox":[15.6219,47.4222,16.3925,47.9609]},{"type":"Feature","id":"STATISTIK_AUSTRIA_POLBEZ_20250101.325","geometry":{"type":"MultiPolygon","coordinates":[[[[14.7846,48.5787],[14.7911,48.5797],[14.7951,48.5846],[14.7866,48.5892],[14.7912,48.5933],[14.7977,48.5909],[14.7998,48.5952],[14.8053,48.5951],[14.8129,48.6002],[14.8303,48.5941],[14.8351,48.6057],[14.8434,48.6035],[14.8451,48.6075],[14.8542,48.6021],[14.859,48.6124],[14.8742,48.6201],[14.8824,48.6175],[14.8864,48.6201],[14.8844,48.6238],[14.901,48.6232],[14.9103,48.6158],[14.9355,48.61],[14.9486,48.6305],[14.9528,48.6316],[14.9661,48.6238],[14.9726,48.6246],[14.9884,48.6345],[15.0036,48.6254],[15.009,48.6444],[15.0181,48.6482],[15.0138,48.6523],[15.0055,48.6525],[14.998,48.6575],[15.0001,48.6604],[14.998,48.6636],[14.981,48.6692],[14.9767,48.6751],[14.9887,48.6776],[14.9888,48.6857],[14.9779,48.6961],[14.9954,48.6951],[14.9925,48.7042],[14.9993,48.701],[15.0167,48.7003],[15.024,48.7013],[15.0225,48.7046],[15.0338,48.7052],[15.0533,48.702],[15.0576,48.6963],[15.0657,48.6954],[15.079,48.7017],[15.0926,48.6939],[15.1009,48.6941],[15.1132,48.6891],[15.1092,48.702],[15.1043,48.7023],[15.0997,48.7075],[15.1009,48.7102],[15.1079,48.7087],[15.1089,48.7122],[15.12,48.7131],[15.1275,48.7094],[15.1245,48.7053],[15.1295,48.6947],[15.1393,48.6884],[15.1463,48.6963],[15.1485,48.7051],[15.1647,48.7004],[15.1738,48.7035],[15.1726,48.7079],[15.1758,48.71],[15.1627,48.7186],[15.1649,48.7227],[15.16,48.724],[15.1648,48.7285],[15.1655,48.7404],[15.1907,48.7288],[15.2079,48.731],[15.2103,48.7364],[15.2209,48.7363],[15.2194,48.7419],[15.2327,48.7438],[15.2386,48.7511],[15.2652,48.7484],[15.2667,48.7523],[15.262,48.754],[15.2744,48.7626],[15.2794,48.7611],[15.2859,48.7506],[15.2988,48.7449],[15.3097,48.7497],[15.3111,48.7534],[15.3183,48.7539],[15.3201,48.7513],[15.3222,48.7541],[15.3186,48.7555],[15.3287,48.7678],[15.3367,48.7749],[15.3402,48.7732],[15.3454,48.7757],[15.3579,48.7732],[15.3612,48.7659],[15.3686,48.7671],[15.3771,48.7628],[15.3875,48.7747],[15.4045,48.7778],[15.4127,48.7739],[15.4095,48.7708],[15.4292,48.7599],[15.4287,48.7572],[15.4142,48.7598],[15.4174,48.7466],[15.4441,48.7413],[15.4471,48.7355],[15.4297,48.7302],[15.4225,48.7315],[15.4216,48.7222],[15.4364,48.7204],[15.4299,48.7014],[15.4406,48.6983],[15.4555,48.6834],[15.4559,48.6744],[15.4494,48.6756],[15.4455,48.6713],[15.4287,48.6745],[15.4242,48.6688],[15.447,48.656],[15.4455,48.6504],[15.4738,48.6424],[15.4769,48.6506],[15.482,48.6487],[15.487,48.6531],[15.4979,48.6482],[15.5387,48.6431],[15.5405,48.6368],[15.5295,48.6336],[15.5279,48.6294],[15.5148,48.6325],[15.5026,48.6216],[15.503,48.6145],[15.516,48.6071],[15.5008,48.6062],[15.5112,48.5994],[15.5095,48.5975],[15.5106,48.5993],[15.4987,48.6068],[15.4953,48.5998],[15.491,48.5986],[15.4833,48.6072],[15.4842,48.6101],[15.4799,48.6092],[15.459,48.617],[15.438,48.6172],[15.4304,48.6105],[15.4273,48.6028],[15.4381,48.5921],[15.4266,48.5895],[15.4176,48.5954],[15.418,48.5877],[15.4111,48.5848],[15.3973,48.5928],[15.3884,48.5887],[15.3778,48.5776],[15.3629,48.5802],[15.3592,48.5845],[15.3639,48.5897],[15.356,48.5931],[15.3568,48.5982],[15.352,48.5983],[15.3548,48.609],[15.3529,48.6132],[15.3474,48.6079],[15.3478,48.611],[15.3448,48.6119],[15.3365,48.6099],[15.3351,48.6067],[15.3228,48.6078],[15.323,48.6001],[15.3173,48.5955],[15.322,48.5951],[15.3253,48.5902],[15.3083,48.5819],[15.3075,48.5789],[15.3135,48.5759],[15.3111,48.5752],[15.3142,48.5689],[15.3171,48.5701],[15.3215,48.5663],[15.3176,48.5644],[15.322,48.5641],[15.3194,48.5619],[15.3228,48.5604],[15.32,48.5555],[15.3252,48.553],[15.3249,48.541],[15.3277,48.5375],[15.3225,48.5381],[15.3251,48.5348],[15.3179,48.5338],[15.3185,48.5307],[15.3074,48.5215],[15.311,48.5123],[15.3178,48.5099],[15.3232,48.5019],[15.3208,48.4969],[15.2931,48.4913],[15.2877,48.4932],[15.2917,48.4909],[15.2809,48.4872],[15.2807,48.4823],[15.2856,48.4769],[15.2843,48.4732],[15.2878,48.4661],[15.3101,48.4653],[15.3147,48.457],[15.3208,48.4563],[15.3269,48.4501],[15.3294,48.4415],[15.3378,48.4405],[15.3309,48.4311],[15.3366,48.4255],[15.3544,48.4307],[15.3583,48.4273],[15.3536,48.4212],[15.3674,48.4213],[15.364,48.4125],[15.3677,48.4132],[15.3657,48.4095],[15.3769,48.4087],[15.3686,48.4019],[15.3604,48.4004],[15.3591,48.3944],[15.3497,48.3932],[15.3403,48.3961],[15.3416,48.4],[15.3375,48.3992],[15.3386,48.3877],[15.3288,48.3857],[15.3231,48.3933],[15.3193,48.3939],[15.3129,48.3923],[15.3129,48.3896],[15.3075,48.3902],[15.3034,48.3858],[15.2911,48.3873],[15.2932,48.3822],[15.2765,48.3734],[15.2629,48.3753],[15.2602,48.3719],[15.2438,48.3758],[15.241,48.3717],[15.2444,48.3713],[15.247,48.3657],[15.2444,48.3631],[15.252,48.3588],[15.2518,48.3547],[15.203,48.3664],[15.1942,48.3608],[15.1903,48.3538],[15.1861,48.3538],[15.175,48.3632],[15.1746,48.352],[15.1655,48.3487],[15.1654,48.3422],[15.1529,48.347],[15.1391,48.3445],[15.1347,48.3407],[15.1401,48.338],[15.1369,48.3361],[15.1391,48.3332],[15.1318,48.3294],[15.1226,48.3294],[15.115,48.335],[15.1103,48.3319],[15.1048,48.3384],[15.1002,48.3384],[15.0973,48.3342],[15.0942,48.3375],[15.0952,48.3419],[15.0994,48.3438],[15.0956,48.3446],[15.0991,48.3467],[15.0977,48.3509],[15.0925,48.3509],[15.0889,48.3463],[15.058,48.3516],[15.0517,48.3611],[15.0522,48.3556],[15.0412,48.3628],[15.0181,48.37],[15.0152,48.3675],[15.0069,48.3698],[15.0056,48.3748],[14.9986,48.3774],[14.9983,48.3746],[14.9902,48.3712],[14.9794,48.3756],[14.9752,48.3686],[14.9651,48.3639],[14.9621,48.3681],[14.9625,48.373],[14.9664,48.3756],[14.9635,48.3769],[14.9645,48.3879],[14.9564,48.3913],[14.9513,48.3902],[14.9363,48.3952],[14.9233,48.3882],[14.9172,48.3882],[14.9188,48.394],[14.9386,48.4017],[14.9475,48.4077],[14.9494,48.4136],[14.9414,48.4162],[14.943,48.4196],[14.9389,48.4232],[14.9284,48.4237],[14.9204,48.429],[14.9115,48.4303],[14.9127,48.4336],[14.8985,48.4506],[14.8753,48.4559],[14.8737,48.4592],[14.8772,48.4683],[14.8665,48.48],[14.8795,48.4816],[14.8897,48.4866],[14.8873,48.4924],[14.8912,48.4937],[14.8923,48.499],[14.9016,48.502],[14.9183,48.4986],[14.921,48.5057],[14.9122,48.5074],[14.9118,48.5147],[14.8963,48.5232],[14.8444,48.5303],[14.8493,48.5356],[14.8367,48.545],[14.8126,48.55],[14.8102,48.5559],[14.814,48.5623],[14.7986,48.5727],[14.8006,48.5764],[14.7942,48.5747],[14.7846,48.5787]]],[[[14.7977,48.5927],[14.7977,48.5927],[14.7977,48.5927],[14.7977,48.5927]]]]},"geometry_name":"geom","properties":{"g_id":"325","g_name":"Zwettl"},"bbox":[14.7846,48.3291,15.5405,48.7778]},{"type":"Feature","id":"STATISTIK_AUSTRIA_POLBEZ_20250101.401","geometry":{"type":"MultiPolygon","coordinates":[[[[14.2457,48.3073],[14.2597,48.3117],[14.2539,48.3187],[14.2575,48.3274],[14.2549,48.3332],[14.2608,48.3318],[14.2555,48.3416],[14.2647,48.3411],[14.2661,48.3442],[14.2719,48.3434],[14.2718,48.3465],[14.2768,48.3473],[14.2844,48.3581],[14.2817,48.36],[14.2901,48.3619],[14.2906,48.3762],[14.2955,48.3787],[14.2962,48.3714],[14.2919,48.3691],[14.2923,48.3654],[14.2962,48.3664],[14.293,48.3626],[14.2954,48.3546],[14.3037,48.358],[14.304,48.3552],[14.3124,48.3568],[14.3201,48.3521],[14.3285,48.3528],[14.3346,48.3446],[14.3487,48.343],[14.3486,48.3403],[14.3357,48.336],[14.3405,48.3332],[14.3395,48.3311],[14.3486,48.3277],[14.3572,48.3286],[14.3606,48.3249],[14.3412,48.3254],[14.337,48.3221],[14.3153,48.3235],[14.3338,48.3089],[14.3443,48.2838],[14.3595,48.2738],[14.3849,48.2673],[14.4037,48.2571],[14.3985,48.2529],[14.4092,48.2488],[14.393,48.243],[14.3953,48.2416],[14.3906,48.2393],[14.3922,48.2376],[14.3869,48.2306],[14.3721,48.236],[14.3556,48.2276],[14.3422,48.2285],[14.3374,48.2243],[14.3404,48.2188],[14.3246,48.2114],[14.3119,48.2188],[14.3144,48.2219],[14.3044,48.2318],[14.292,48.2309],[14.2895,48.2344],[14.2816,48.2342],[14.2684,48.2458],[14.2627,48.2467],[14.2794,48.2529],[14.2711,48.2592],[14.2769,48.261],[14.2751,48.276],[14.2814,48.2804],[14.2617,48.288],[14.2683,48.2908],[14.2627,48.2952],[14.2587,48.3048],[14.2457,48.3073]]]]},"geometry_name":"geom","properties":{"g_id":"401","g_name":"Stadt Linz"},"bbox":[14.2457,48.2114,14.4092,48.3787]},{"type":"Feature","id":"STATISTIK_AUSTRIA_POLBEZ_20250101.402","geometry":{"type":"MultiPolygon","coordinates":[[[[14.3762,48.0493],[14.3788,48.0569],[14.3853,48.0587],[14.4076,48.0756],[14.422,48.0726],[14.4344,48.0801],[14.4489,48.0795],[14.4567,48.0889],[14.4596,48.0857],[14.4699,48.086],[14.4672,48.0825],[14.4543,48.0797],[14.4594,48.0726],[14.4526,48.0639],[14.4603,48.0617],[14.4554,48.0479],[14.458,48.0441],[14.4492,48.0451],[14.4495,48.0377],[14.4347,48.0349],[14.4295,48.0291],[14.4199,48.0276],[14.4178,48.0237],[14.3934,48.0358],[14.3806,48.0354],[14.3762,48.0493]]]]},"geometry_name":"geom","properties":{"g_id":"402","g_name":"Stadt Steyr"},"bbox":[14.3762,48.0236,14.4699,48.0889]},{"type":"Feature","id":"STATISTIK_AUSTRIA_POLBEZ_20250101.403","geometry":{"type":"MultiPolygon","coordinates":[[[[13.9635,48.1826],[13.9702,48.1896],[13.9785,48.1873],[13.9919,48.1901],[13.9941,48.194],[13.9855,48.1952],[13.9924,48.1974],[13.9964,48.2054],[14.0163,48.2025],[14.0187,48.2087],[14.03,48.2073],[14.035,48.2113],[14.0476,48.2085],[14.0515,48.1963],[14.0714,48.1989],[14.073,48.1963],[14.0702,48.1942],[14.0798,48.1862],[14.0774,48.1814],[14.0908,48.1757],[14.0895,48.1715],[14.0553,48.1577],[14.0315,48.1549],[13.9926,48.1391],[13.9798,48.1377],[13.9711,48.1258],[13.966,48.1286],[13.9723,48.1377],[13.9663,48.138],[13.9655,48.1429],[13.9734,48.1472],[13.9671,48.1518],[13.9789,48.1623],[13.9666,48.1703],[13.9707,48.1734],[13.9674,48.176],[13.9719,48.1784],[13.9635,48.1826]]]]},"geometry_name":"geom","properties":{"g_id":"403","g_name":"Stadt Wels"},"bbox":[13.9635,48.1258,14.0908,48.2113]},{"type":"Feature","id":"STATISTIK_AUSTRIA_POLBEZ_20250101.404","geometry":{"type":"MultiPolygon","coordinates":[[[[12.7492,48.1085],[12.7585,48.1184],[12.7589,48.127],[12.7695,48.1286],[12.7865,48.1234],[12.7972,48.1382],[12.7998,48.1471],[12.8275,48.1529],[12.8343,48.1577],[12.836,48.1653],[12.8472,48.1669],[12.8525,48.1778],[12.8605,48.1851],[12.865,48.1976],[12.8707,48.2016],[12.9536,48.2084],[12.9991,48.2375],[13.0115,48.2518],[13.0207,48.2575],[13.0554,48.2655],[13.0806,48.2772],[13.1281,48.2784],[13.1785,48.2947],[13.1955,48.2955],[13.2022,48.2797],[13.1996,48.2747],[13.2066,48.2627],[13.2155,48.2632],[13.228,48.2716],[13.2534,48.2748],[13.2566,48.2738],[13.2563,48.2707],[13.2527,48.2693],[13.2512,48.2663],[13.2536,48.2651],[13.2492,48.2623],[13.2521,48.2606],[13.249,48.2583],[13.2557,48.2584],[13.2558,48.2536],[13.2673,48.2589],[13.275,48.2535],[13.2722,48.2519],[13.2747,48.2507],[13.2821,48.2537],[13.2912,48.2443],[13.2972,48.2473],[13.2985,48.2411],[13.3078,48.2373],[13.3054,48.2316],[13.3079,48.2305],[13.3153,48.233],[13.3202,48.2398],[13.3328,48.2303],[13.34,48.233],[13.3467,48.2304],[13.3433,48.2273],[13.3451,48.2223],[13.3362,48.218],[13.3598,48.2042],[13.353,48.1969],[13.3422,48.1937],[13.3444,48.1907],[13.3233,48.1843],[13.3322,48.1773],[13.3298,48.176],[13.3366,48.1671],[13.3331,48.1625],[13.3346,48.1581],[13.3274,48.1507],[13.3316,48.1498],[13.331,48.1454],[13.3258,48.1442],[13.3352,48.1405],[13.3303,48.1284],[13.333,48.1275],[13.3299,48.1231],[13.3315,48.1176],[13.3249,48.1112],[13.3274,48.1038],[13.3223,48.1032],[13.3282,48.0954],[13.3238,48.0976],[13.3257,48.0908],[13.3232,48.0961],[13.3139,48.0938],[13.3344,48.0821],[13.3214,48.0503],[13.3093,48.0436],[13.2972,48.0293],[13.2982,48.0249],[13.3017,48.0247],[13.3204,48.0299],[13.3197,48.0216],[13.3146,48.0197],[13.3105,48.0226],[13.3105,48.0196],[13.3068,48.0195],[13.31,48.0167],[13.307,48.0127],[13.3119,48.0101],[13.3065,48.0076],[13.296,48.0106],[13.2954,48.0073],[13.2878,48.0096],[13.2809,48.005],[13.2824,47.997],[13.2251,47.9881],[13.2225,47.9832],[13.2117,47.9824],[13.2107,47.979],[13.197,47.9739],[13.1702,47.9735],[13.1658,47.9759],[13.1462,47.97],[13.1478,47.9732],[13.1442,47.976],[13.1469,47.977],[13.1419,47.978],[13.1401,47.9849],[13.1457,47.9866],[13.1511,47.9921],[13.1501,47.9946],[13.1313,47.9883],[13.1216,47.9891],[13.1243,47.9962],[13.1134,47.9938],[13.1021,47.998],[13.094,47.9958],[13.0896,47.9992],[13.0898,48.0036],[13.0751,48.004],[13.0734,48.0069],[13.0778,48.0112],[13.0731,48.0158],[13.0577,48.0133],[13.0633,48.0191],[13.0557,48.0256],[13.0588,48.0297],[13.0441,48.0281],[13.0486,48.0347],[13.0472,48.04],[13.0422,48.0415],[13.029,48.0325],[13.0125,48.0366],[13.0047,48.0298],[12.9874,48.0283],[12.9774,48.0235],[12.9713,48.0239],[12.9614,48.0328],[12.9404,48.0367],[12.9208,48.0232],[12.9106,48.0223],[12.9022,48.0065],[12.8975,48.0052],[12.8922,47.991],[12.8768,47.9966],[12.8602,47.9966],[12.8569,48.0084],[12.8466,48.0192],[12.7592,48.0754],[12.753,48.0868],[12.7492,48.1085]]]]},"geometry_name":"geom","properties":{"g_id":"404","g_name":"Braunau"},"bbox":[12.7492,47.9699,13.3598,48.2956]},{"type":"Feature","id":"STATISTIK_AUSTRIA_POLBEZ_20250101.405","geometry":{"type":"MultiPolygon","coordinates":[[[[13.8512,48.2922],[13.8557,48.2985],[13.8551,48.3044],[13.8643,48.303],[13.8692,48.3153],[13.8742,48.3159],[13.8777,48.3118],[13.8854,48.314],[13.8898,48.3209],[13.9011,48.3182],[13.9047,48.3211],[13.8975,48.3276],[13.9088,48.3329],[13.906,48.3349],[13.9094,48.3346],[13.911,48.3391],[13.9073,48.345],[13.9004,48.3429],[13.8982,48.3461],[13.9006,48.3493],[13.8907,48.35],[13.8979,48.3512],[13.9002,48.356],[13.8916,48.3582],[13.8922,48.3627],[13.8979,48.3723],[13.9054,48.3736],[13.9104,48.3843],[13.9178,48.3894],[13.9149,48.3908],[13.9237,48.3907],[13.9183,48.3972],[13.8937,48.4042],[13.8767,48.4154],[13.8694,48.4242],[13.8744,48.4281],[13.8735,48.4322],[13.8587,48.4384],[13.853,48.4458],[13.8617,48.4505],[13.8749,48.4453],[13.8873,48.4451],[13.9065,48.4548],[13.9195,48.4483],[13.9197,48.438],[13.9259,48.43],[13.9261,48.4186],[13.9402,48.4036],[13.9493,48.4057],[13.9568,48.4177],[13.9683,48.4165],[13.9841,48.4218],[13.9993,48.4151],[14.0297,48.3772],[14.03,48.3698],[14.0214,48.3461],[14.033,48.3322],[14.0669,48.3192],[14.1137,48.3093],[14.1275,48.3109],[14.1456,48.3201],[14.143,48.3055],[14.1362,48.3019],[14.1431,48.3006],[14.1399,48.2951],[14.1419,48.2922],[14.1531,48.2955],[14.1551,48.2899],[14.1528,48.2826],[14.1645,48.2773],[14.1446,48.2757],[14.1441,48.2704],[14.1361,48.2709],[14.1366,48.2665],[14.1033,48.2622],[14.1014,48.2586],[14.0943,48.2596],[14.093,48.2555],[14.0859,48.254],[14.0802,48.2481],[14.0686,48.248],[14.059,48.2518],[14.0587,48.2489],[14.0484,48.2445],[14.0339,48.2492],[14.0235,48.249],[14.0177,48.2415],[13.9985,48.2405],[13.984,48.2343],[13.9689,48.2379],[13.9679,48.2459],[13.9648,48.2428],[13.9468,48.2503],[13.9332,48.2466],[13.9076,48.2533],[13.8952,48.252],[13.8895,48.2646],[13.8853,48.2658],[13.8871,48.272],[13.883,48.2785],[13.9074,48.284],[13.9072,48.2918],[13.9102,48.2947],[13.8969,48.297],[13.8688,48.2877],[13.8629,48.2914],[13.8512,48.2922]]]]},"geometry_name":"geom","properties":{"g_id":"405","g_name":"Eferding"},"bbox":[13.8512,48.2343,14.1645,48.4548]},{"type":"Feature","id":"STATISTIK_AUSTRIA_POLBEZ_20250101.406","geometry":{"type":"MultiPolygon","coordinates":[[[[14.3703,48.5108],[14.3722,48.5158],[14.3797,48.5152],[14.3748,48.52],[14.3792,48.523],[14.371,48.5311],[14.3734,48.5348],[14.3843,48.5334],[14.384,48.5378],[14.3874,48.538],[14.3901,48.5296],[14.3962,48.5341],[14.3986,48.5406],[14.4167,48.5435],[14.4203,48.5414],[14.4137,48.5405],[14.437,48.534],[14.4363,48.5422],[14.4237,48.5415],[14.4168,48.5491],[14.4064,48.5504],[14.4017,48.5598],[14.4028,48.5711],[14.3949,48.5735],[14.3915,48.5821],[14.3877,48.5832],[14.3858,48.5919],[14.3919,48.5943],[14.4314,48.5891],[14.4356,48.5982],[14.4422,48.6002],[14.4486,48.6141],[14.4473,48.6198],[14.4561,48.6251],[14.4438,48.6434],[14.4591,48.6433],[14.4701,48.6485],[14.4725,48.644],[14.4777,48.6426],[14.4765,48.6395],[14.4941,48.6319],[14.495,48.6226],[14.5031,48.6174],[14.5164,48.6198],[14.5264,48.6147],[14.5466,48.6146],[14.5535,48.6058],[14.5621,48.6033],[14.564,48.6084],[14.5756,48.6111],[14.5809,48.6169],[14.5901,48.6173],[14.6031,48.6281],[14.6106,48.6281],[14.6178,48.6219],[14.6267,48.6043],[14.6309,48.6032],[14.6456,48.61],[14.6538,48.6043],[14.6635,48.582],[14.6913,48.5852],[14.6916,48.5806],[14.7121,48.5786],[14.7213,48.5698],[14.7245,48.5621],[14.7306,48.5619],[14.738,48.5566],[14.7367,48.5522],[14.7433,48.5522],[14.7433,48.5584],[14.7551,48.5637],[14.763,48.5638],[14.7668,48.5581],[14.7733,48.5554],[14.7812,48.56],[14.7921,48.5593],[14.8084,48.5558],[14.814,48.5491],[14.8367,48.545],[14.8493,48.5356],[14.8453,48.5299],[14.8817,48.527],[14.9096,48.5163],[14.9129,48.5129],[14.9122,48.5074],[14.9216,48.5045],[14.9183,48.4986],[14.9016,48.502],[14.8955,48.5003],[14.8873,48.4924],[14.8897,48.4866],[14.8665,48.4799],[14.8772,48.4683],[14.8737,48.4592],[14.8753,48.4559],[14.8985,48.4506],[14.9127,48.4336],[14.9115,48.4303],[14.9213,48.4286],[14.9333,48.4202],[14.935,48.4158],[14.9304,48.411],[14.9193,48.4133],[14.9157,48.4031],[14.8904,48.4024],[14.8879,48.3954],[14.8754,48.3937],[14.8789,48.3875],[14.8718,48.3863],[14.8724,48.3831],[14.8675,48.3837],[14.865,48.3788],[14.8576,48.3792],[14.8601,48.3741],[14.8493,48.3728],[14.8515,48.3705],[14.8479,48.3701],[14.8478,48.3746],[14.839,48.3767],[14.8365,48.3759],[14.8389,48.3699],[14.8324,48.3632],[14.8157,48.3649],[14.8106,48.3531],[14.7975,48.3488],[14.7937,48.3428],[14.7949,48.339],[14.7897,48.3365],[14.7774,48.3439],[14.7645,48.342],[14.7614,48.3392],[14.7671,48.3353],[14.764,48.3334],[14.745,48.3392],[14.7386,48.3363],[14.7367,48.3311],[14.7195,48.3383],[14.7117,48.3379],[14.6932,48.3252],[14.6848,48.3148],[14.6789,48.3132],[14.6778,48.3092],[14.6682,48.32],[14.6538,48.3253],[14.659,48.3259],[14.6576,48.3305],[14.6508,48.329],[14.6473,48.336],[14.641,48.3394],[14.6329,48.3368],[14.6317,48.3264],[14.6366,48.3226],[14.6306,48.3243],[14.6303,48.3191],[14.6334,48.3166],[14.6285,48.3164],[14.6305,48.3131],[14.6248,48.3149],[14.6249,48.312],[14.6206,48.3114],[14.6136,48.3145],[14.6109,48.3126],[14.6169,48.3074],[14.6139,48.3024],[14.6062,48.3013],[14.5963,48.3047],[14.5889,48.2986],[14.5805,48.2974],[14.5706,48.306],[14.5743,48.3152],[14.5677,48.3205],[14.5581,48.321],[14.5573,48.3245],[14.5402,48.325],[14.5313,48.3173],[14.5239,48.3192],[14.521,48.3156],[14.5167,48.3152],[14.5145,48.3199],[14.5025,48.3193],[14.4937,48.3275],[14.4779,48.3282],[14.4627,48.3429],[14.4591,48.349],[14.4613,48.3518],[14.4369,48.3591],[14.4382,48.3612],[14.4321,48.365],[14.4332,48.3677],[14.446,48.366],[14.4437,48.3725],[14.4537,48.3753],[14.4552,48.3796],[14.4663,48.3801],[14.4669,48.3861],[14.4633,48.3917],[14.4664,48.3957],[14.4547,48.4021],[14.4505,48.41],[14.433,48.414],[14.4346,48.4173],[14.4305,48.4194],[14.4306,48.4256],[14.4268,48.4306],[14.4228,48.4291],[14.4103,48.4331],[14.411,48.444],[14.4144,48.447],[14.409,48.4494],[14.399,48.4657],[14.4007,48.4694],[14.4084,48.4707],[14.3996,48.4764],[14.4011,48.4804],[14.3847,48.4906],[14.3861,48.4931],[14.378,48.4929],[14.3762,48.4986],[14.3827,48.4987],[14.3826,48.501],[14.3703,48.5108]]]]},"geometry_name":"geom","properties":{"g_id":"406","g_name":"Freistadt"},"bbox":[14.3703,48.2974,14.935,48.6485]},{"type":"Feature","id":"STATISTIK_AUSTRIA_POLBEZ_20250101.407","geometry":{"type":"MultiPolygon","coordinates":[[[[13.4361,47.7394],[13.445,47.7589],[13.4432,47.7619],[13.4463,47.772],[13.4578,47.7779],[13.4653,47.7861],[13.4866,47.7822],[13.5152,47.772],[13.5477,47.7778],[13.5556,47.7752],[13.5555,47.7705],[13.5616,47.7642],[13.5772,47.7613],[13.6057,47.7732],[13.6082,47.7868],[13.6158,47.7918],[13.6236,47.8058],[13.6278,47.8103],[13.6412,47.815],[13.6242,47.8231],[13.6088,47.8238],[13.6061,47.8267],[13.6217,47.8452],[13.6177,47.8526],[13.6274,47.8534],[13.6323,47.868],[13.6574,47.8714],[13.6633,47.8786],[13.6546,47.8907],[13.6652,47.8967],[13.6626,47.9011],[13.6688,47.9089],[13.6826,47.9102],[13.6941,47.9069],[13.6923,47.9152],[13.7007,47.9163],[13.6996,47.9207],[13.7087,47.9293],[13.7301,47.9344],[13.7284,47.9364],[13.7359,47.941],[13.7423,47.9416],[13.738,47.945],[13.7421,47.9533],[13.7399,47.9554],[13.7487,47.9608],[13.741,47.9688],[13.7398,47.9807],[13.7682,47.9851],[13.7689,47.9975],[13.7751,48.0041],[13.7842,47.9981],[13.7947,47.9962],[13.795,48.0115],[13.8112,48.027],[13.82,48.029],[13.8214,48.0384],[13.8422,48.0491],[13.843,48.0512],[13.838,48.053],[13.8436,48.0552],[13.8497,48.0544],[13.851,48.05],[13.8487,48.0496],[13.852,48.0464],[13.8546,48.0488],[13.8618,48.042],[13.8581,48.039],[13.8672,48.041],[13.8705,48.0364],[13.8762,48.0362],[13.8657,48.0313],[13.8821,48.0143],[13.8892,48.0227],[13.9077,48.0204],[13.9063,48.0276],[13.9135,48.0293],[13.9256,48.0295],[13.931,48.0259],[13.9476,48.0317],[13.9583,48.0261],[13.9596,48.0224],[13.9653,48.0242],[13.9671,48.0205],[13.9639,48.0173],[13.9769,48.0141],[13.9767,48.0102],[13.9874,48.0033],[13.985,48.0014],[13.9878,47.9943],[13.9796,47.9915],[13.9745,47.9969],[13.9722,47.988],[13.9591,47.9853],[13.959,47.9781],[13.9513,47.9777],[13.965,47.9716],[13.9789,47.9718],[13.9902,47.9658],[13.9803,47.9561],[13.9867,47.9466],[13.994,47.9442],[13.9903,47.9316],[13.9923,47.9264],[13.9799,47.9239],[13.9769,47.9133],[13.9855,47.9038],[13.9878,47.8963],[13.9824,47.8953],[13.9919,47.8792],[14.0078,47.8763],[14.0159,47.87],[14.0235,47.8734],[14.0453,47.8719],[14.0856,47.8566],[14.0862,47.8474],[14.0978,47.845],[14.0919,47.8355],[14.0954,47.8294],[14.0921,47.8274],[14.0604,47.824],[14.0304,47.8045],[14.0026,47.8032],[13.9995,47.8005],[14.0067,47.7941],[14.004,47.7868],[14.0115,47.7765],[14.0346,47.7741],[14.0276,47.7642],[14.028,47.7601],[14.037,47.7536],[14.0449,47.7413],[14.0551,47.7358],[14.0633,47.717],[14.0462,47.7108],[14.0299,47.7127],[14.0177,47.7029],[14.0106,47.7009],[14.0017,47.703],[13.9832,47.6973],[13.9517,47.7097],[13.9352,47.7097],[13.92,47.7051],[13.9069,47.7111],[13.9034,47.7176],[13.8784,47.7215],[13.8764,47.7261],[13.8682,47.7235],[13.8603,47.7272],[13.8623,47.726],[13.8509,47.7144],[13.8402,47.7187],[13.793,47.7124],[13.7786,47.7185],[13.7671,47.706],[13.7546,47.6992],[13.7496,47.6874],[13.7342,47.685],[13.737,47.6741],[13.7067,47.6648],[13.7088,47.6577],[13.7001,47.6359],[13.6956,47.6328],[13.6941,47.6234],[13.6995,47.5991],[13.6917,47.5887],[13.6944,47.5795],[13.7129,47.5796],[13.7132,47.5753],[13.7355,47.577],[13.7559,47.5527],[13.757,47.5448],[13.7463,47.5417],[13.752,47.5263],[13.7607,47.5203],[13.7491,47.5016],[13.7227,47.4848],[13.7173,47.4737],[13.7226,47.4621],[13.7168,47.4611],[13.7056,47.4639],[13.6677,47.4627],[13.6316,47.4662],[13.61,47.4751],[13.589,47.473],[13.5343,47.4949],[13.5203,47.4943],[13.502,47.5117],[13.4901,47.5133],[13.4762,47.5324],[13.4781,47.5354],[13.4754,47.5431],[13.4848,47.5528],[13.4783,47.5681],[13.4908,47.577],[13.5053,47.582],[13.5063,47.6008],[13.5233,47.6183],[13.5131,47.6327],[13.5054,47.629],[13.4899,47.6303],[13.4841,47.6415],[13.4906,47.6439],[13.4897,47.6464],[13.5004,47.6589],[13.5,47.669],[13.5116,47.6774],[13.517,47.6755],[13.5331,47.6832],[13.5356,47.6953],[13.5463,47.7028],[13.5509,47.7141],[13.5197,47.7188],[13.5059,47.7178],[13.5039,47.7189],[13.5064,47.7212],[13.4992,47.7227],[13.4825,47.7228],[13.4361,47.7394]]]]},"geometry_name":"geom","properties":{"g_id":"407","g_name":"Gmunden"},"bbox":[13.4361,47.4611,14.0978,48.0555]},{"type":"Feature","id":"STATISTIK_AUSTRIA_POLBEZ_20250101.408","geometry":{"type":"MultiPolygon","coordinates":[[[[13.567,48.2477],[13.5699,48.2504],[13.5838,48.2486],[13.5897,48.2504],[13.5909,48.2538],[13.604,48.2519],[13.61,48.2453],[13.6238,48.2508],[13.6516,48.2503],[13.6568,48.2549],[13.6517,48.2586],[13.653,48.2626],[13.6477,48.2642],[13.6475,48.2712],[13.6549,48.2734],[13.6525,48.274],[13.6543,48.28],[13.6516,48.2827],[13.6593,48.2838],[13.6624,48.289],[13.6674,48.2879],[13.6642,48.2934],[13.6698,48.2968],[13.6716,48.3046],[13.6898,48.3039],[13.69,48.309],[13.7028,48.3101],[13.7045,48.3139],[13.7178,48.3161],[13.7197,48.3189],[13.716,48.3221],[13.7202,48.3279],[13.7104,48.3327],[13.7153,48.3315],[13.7216,48.3383],[13.7142,48.3523],[13.7197,48.3599],[13.729,48.3652],[13.7254,48.3712],[13.7007,48.3894],[13.6957,48.4015],[13.6852,48.407],[13.6984,48.4178],[13.6988,48.422],[13.695,48.4247],[13.6982,48.4277],[13.6982,48.4362],[13.7088,48.4369],[13.714,48.4421],[13.7316,48.449],[13.7433,48.4487],[13.7622,48.4349],[13.7752,48.4382],[13.7802,48.4307],[13.8042,48.419],[13.8279,48.4283],[13.8217,48.4199],[13.8252,48.4171],[13.8398,48.418],[13.8533,48.4127],[13.8654,48.4258],[13.8693,48.4259],[13.8759,48.4161],[13.8933,48.4044],[13.9027,48.4034],[13.9229,48.3936],[13.9233,48.3901],[13.9147,48.3906],[13.9178,48.3894],[13.9104,48.3843],[13.9054,48.3736],[13.8979,48.3723],[13.8922,48.3627],[13.8916,48.3582],[13.9002,48.356],[13.8979,48.3512],[13.8907,48.35],[13.9006,48.3493],[13.8982,48.3461],[13.9004,48.3429],[13.9073,48.345],[13.911,48.3391],[13.9094,48.3346],[13.906,48.3349],[13.9088,48.3329],[13.8975,48.3276],[13.9047,48.3211],[13.9011,48.3182],[13.8898,48.3209],[13.8854,48.314],[13.8777,48.3118],[13.8742,48.3159],[13.8692,48.3153],[13.8643,48.303],[13.8551,48.3044],[13.8557,48.2985],[13.8512,48.2922],[13.8629,48.2914],[13.8688,48.2877],[13.8969,48.297],[13.9102,48.2947],[13.9072,48.2918],[13.9074,48.284],[13.883,48.2785],[13.8871,48.272],[13.8853,48.2658],[13.8895,48.2646],[13.8952,48.252],[13.9076,48.2533],[13.9332,48.2466],[13.9461,48.2504],[13.9572,48.2481],[13.9648,48.2428],[13.9679,48.2459],[13.9689,48.2379],[13.984,48.2343],[13.9921,48.2371],[13.9964,48.2338],[13.9944,48.2289],[14,48.2273],[13.9942,48.2219],[13.9952,48.2176],[13.9713,48.2224],[13.9696,48.2188],[13.9625,48.2182],[13.9617,48.2147],[13.9574,48.2191],[13.9538,48.2185],[13.9512,48.2114],[13.9425,48.2091],[13.9154,48.221],[13.9091,48.2184],[13.9094,48.2146],[13.893,48.2118],[13.8893,48.207],[13.87,48.2089],[13.863,48.2052],[13.8431,48.2054],[13.8422,48.2026],[13.8461,48.1991],[13.8418,48.1975],[13.8541,48.1961],[13.8525,48.1931],[13.857,48.189],[13.8798,48.1815],[13.8854,48.1749],[13.8717,48.1725],[13.8693,48.1682],[13.8734,48.1641],[13.8673,48.1616],[13.856,48.1653],[13.8335,48.1662],[13.8318,48.1707],[13.8228,48.1763],[13.8191,48.1722],[13.822,48.1677],[13.8152,48.1591],[13.8164,48.157],[13.8105,48.1573],[13.7999,48.1507],[13.8042,48.1464],[13.7935,48.1497],[13.7961,48.1513],[13.7907,48.155],[13.7865,48.1534],[13.7923,48.1499],[13.7809,48.148],[13.7843,48.1446],[13.772,48.1433],[13.7794,48.1361],[13.774,48.1341],[13.7729,48.127],[13.7585,48.1235],[13.7474,48.1144],[13.749,48.1113],[13.7467,48.1104],[13.7322,48.114],[13.7145,48.1253],[13.6951,48.121],[13.6851,48.1222],[13.6802,48.1325],[13.678,48.1287],[13.6639,48.1259],[13.6481,48.1334],[13.6331,48.1299],[13.6244,48.1332],[13.6051,48.1329],[13.6026,48.1371],[13.6077,48.142],[13.6058,48.1567],[13.6133,48.1648],[13.6124,48.1823],[13.6195,48.1879],[13.617,48.1931],[13.6251,48.1954],[13.6111,48.2024],[13.6042,48.2022],[13.6029,48.211],[13.5848,48.2131],[13.5844,48.2257],[13.581,48.2261],[13.5803,48.2305],[13.576,48.2294],[13.5699,48.234],[13.5712,48.2417],[13.567,48.2477]]]]},"geometry_name":"geom","properties":{"g_id":"408","g_name":"Grieskirchen"},"bbox":[13.567,48.1104,14,48.449]},{"type":"Feature","id":"STATISTIK_AUSTRIA_POLBEZ_20250101.409","geometry":{"type":"MultiPolygon","coordinates":[[[[13.9513,47.9777],[13.959,47.9781],[13.9591,47.9853],[13.9722,47.988],[13.9745,47.9969],[13.9796,47.9915],[13.9835,47.9918],[13.9878,47.9943],[13.9857,48.0024],[14.003,48.0043],[14.0036,48.0074],[14.0115,48.009],[14.0167,48.0149],[14.0232,48.0132],[14.0328,48.0215],[14.0317,48.0285],[14.0348,48.0327],[14.0322,48.0352],[14.0367,48.0371],[14.0353,48.0471],[14.0387,48.0496],[14.0378,48.0536],[14.0572,48.0556],[14.0627,48.0504],[14.0678,48.0547],[14.0727,48.0507],[14.0805,48.0527],[14.0906,48.0613],[14.0882,48.0638],[14.0916,48.0658],[14.0874,48.0718],[14.093,48.0778],[14.1081,48.0777],[14.1066,48.0797],[14.1177,48.0894],[14.1147,48.0903],[14.1179,48.0938],[14.1259,48.0939],[14.1243,48.0889],[14.1285,48.0883],[14.1324,48.0977],[14.1419,48.0954],[14.145,48.0989],[14.1556,48.1011],[14.1541,48.0917],[14.1485,48.0936],[14.1464,48.089],[14.1639,48.0766],[14.1641,48.0733],[14.1601,48.0718],[14.1698,48.0691],[14.1723,48.072],[14.1898,48.0736],[14.1788,48.0614],[14.1672,48.0626],[14.1503,48.0575],[14.1524,48.0498],[14.1684,48.0443],[14.1702,48.0479],[14.1819,48.0523],[14.1813,48.0544],[14.1918,48.0536],[14.1918,48.0488],[14.1838,48.0446],[14.1857,48.0433],[14.1781,48.0414],[14.1839,48.0392],[14.1709,48.0305],[14.1711,48.0261],[14.1754,48.0229],[14.1588,48.0261],[14.1593,48.0183],[14.1677,48.0192],[14.1783,48.0142],[14.1693,48.008],[14.1655,48.0005],[14.1772,48.0004],[14.1865,47.996],[14.1878,47.9893],[14.195,47.989],[14.1905,47.985],[14.1943,47.9793],[14.1993,47.9744],[14.2045,47.9768],[14.2098,47.9702],[14.2125,47.9734],[14.2195,47.9699],[14.2318,47.9749],[14.2546,47.9694],[14.2679,47.9733],[14.2774,47.9837],[14.2789,47.9959],[14.2946,48.0032],[14.2995,47.9968],[14.2941,47.9862],[14.3044,47.981],[14.3116,47.9675],[14.3173,47.9642],[14.3062,47.9638],[14.3072,47.9582],[14.3029,47.9542],[14.3043,47.9489],[14.2941,47.9436],[14.2982,47.9354],[14.309,47.9296],[14.3003,47.9219],[14.2922,47.9207],[14.2954,47.9168],[14.2921,47.9087],[14.3195,47.9039],[14.3605,47.9051],[14.369,47.8926],[14.3771,47.8936],[14.3802,47.8867],[14.3925,47.8873],[14.3946,47.8827],[14.4129,47.8801],[14.4127,47.8711],[14.4022,47.8583],[14.407,47.8519],[14.3977,47.8415],[14.4012,47.8358],[14.3953,47.8311],[14.3914,47.8221],[14.4058,47.8172],[14.4075,47.8049],[14.4194,47.7984],[14.4195,47.7922],[14.44,47.7953],[14.4433,47.7926],[14.439,47.7872],[14.4396,47.7823],[14.4689,47.7708],[14.4694,47.7655],[14.4798,47.7571],[14.4787,47.7525],[14.4897,47.7474],[14.4859,47.7431],[14.4895,47.7374],[14.4802,47.7282],[14.4834,47.7255],[14.4812,47.7211],[14.4603,47.7178],[14.4661,47.7132],[14.4655,47.7071],[14.4816,47.7032],[14.483,47.699],[14.4916,47.6939],[14.4893,47.6908],[14.4913,47.6886],[14.4867,47.684],[14.4886,47.682],[14.4744,47.675],[14.4713,47.6693],[14.4493,47.6638],[14.4473,47.6567],[14.4367,47.6526],[14.4234,47.6529],[14.4209,47.6566],[14.3975,47.6527],[14.3926,47.6484],[14.395,47.6378],[14.3721,47.6293],[14.3605,47.6289],[14.3345,47.6184],[14.3264,47.6076],[14.2965,47.6079],[14.282,47.6145],[14.2644,47.6105],[14.2553,47.6128],[14.2502,47.6192],[14.2346,47.6279],[14.2231,47.6421],[14.2326,47.6506],[14.2061,47.6525],[14.1776,47.6379],[14.1688,47.6399],[14.16,47.6366],[14.1451,47.6369],[14.1327,47.6298],[14.1106,47.6273],[14.0955,47.6232],[14.0931,47.6195],[14.0647,47.6159],[14.0508,47.6172],[14.0544,47.6252],[14.0463,47.6264],[14.0554,47.6679],[14.0198,47.6908],[14.0106,47.7009],[14.0299,47.7127],[14.0462,47.7108],[14.0633,47.717],[14.0631,47.7193],[14.0551,47.7358],[14.0449,47.7413],[14.037,47.7536],[14.028,47.7601],[14.0276,47.7642],[14.0346,47.7741],[14.0115,47.7765],[14.004,47.7868],[14.0067,47.7941],[13.9995,47.8005],[14.0026,47.8032],[14.0304,47.8045],[14.0604,47.824],[14.0921,47.8274],[14.0954,47.8294],[14.0919,47.8355],[14.0978,47.845],[14.0862,47.8474],[14.0856,47.8566],[14.0453,47.8719],[14.0235,47.8734],[14.0159,47.87],[14.0078,47.8763],[13.9919,47.8792],[13.9824,47.8953],[13.9878,47.8963],[13.9855,47.9038],[13.9769,47.9133],[13.9799,47.9239],[13.9923,47.9264],[13.9903,47.9316],[13.994,47.9442],[13.9867,47.9466],[13.9803,47.9561],[13.9902,47.9658],[13.9789,47.9718],[13.965,47.9716],[13.9513,47.9777]]]]},"geometry_name":"geom","properties":{"g_id":"409","g_name":"Kirchdorf"},"bbox":[13.9513,47.6064,14.4916,48.1012]},{"type":"Feature","id":"STATISTIK_AUSTRIA_POLBEZ_20250101.410","geometry":{"type":"MultiPolygon","coordinates":[[[[14.0913,48.2358],[14.0964,48.2434],[14.1086,48.2463],[14.093,48.2555],[14.0943,48.2596],[14.1014,48.2586],[14.1033,48.2622],[14.1366,48.2665],[14.1361,48.2709],[14.1441,48.2704],[14.1446,48.2757],[14.1645,48.2773],[14.1528,48.2826],[14.1551,48.2899],[14.1531,48.2955],[14.1419,48.2922],[14.1399,48.2951],[14.1431,48.3006],[14.1362,48.3019],[14.143,48.3055],[14.1447,48.3152],[14.1592,48.3156],[14.1593,48.3183],[14.1694,48.3212],[14.1704,48.3273],[14.1858,48.3321],[14.2194,48.3107],[14.233,48.3077],[14.2482,48.3098],[14.2458,48.3072],[14.2587,48.3048],[14.2627,48.2952],[14.2683,48.2908],[14.2617,48.288],[14.2814,48.2804],[14.2751,48.276],[14.2769,48.261],[14.2711,48.2592],[14.2794,48.2529],[14.2627,48.2467],[14.2684,48.2458],[14.2816,48.2342],[14.2895,48.2344],[14.292,48.2309],[14.3044,48.2318],[14.3144,48.2219],[14.3119,48.2188],[14.3246,48.2114],[14.3404,48.2188],[14.3374,48.2243],[14.3422,48.2285],[14.3556,48.2276],[14.3721,48.236],[14.3869,48.2306],[14.3922,48.2376],[14.3906,48.2393],[14.3953,48.2416],[14.393,48.243],[14.4088,48.2484],[14.4148,48.243],[14.4364,48.2393],[14.4406,48.2444],[14.4571,48.2364],[14.4972,48.244],[14.5212,48.2376],[14.4896,48.2219],[14.48,48.1976],[14.4827,48.19],[14.479,48.1825],[14.4839,48.1746],[14.4778,48.1608],[14.4674,48.149],[14.4779,48.1371],[14.4679,48.1217],[14.489,48.1168],[14.4946,48.113],[14.4926,48.1097],[14.4714,48.1035],[14.4662,48.1087],[14.4573,48.1082],[14.4482,48.1123],[14.4247,48.1073],[14.4142,48.1158],[14.4154,48.1218],[14.4223,48.1199],[14.4235,48.125],[14.4002,48.1254],[14.3987,48.1305],[14.3967,48.1286],[14.3958,48.133],[14.3896,48.1358],[14.3746,48.1273],[14.3624,48.1353],[14.3448,48.1255],[14.3369,48.1258],[14.3343,48.1232],[14.337,48.1221],[14.3303,48.1152],[14.3229,48.1153],[14.3208,48.1081],[14.2917,48.1153],[14.2877,48.1115],[14.2826,48.1122],[14.2811,48.1021],[14.2709,48.1028],[14.2704,48.1059],[14.2492,48.1048],[14.2525,48.0957],[14.2463,48.0883],[14.2302,48.0878],[14.225,48.0813],[14.2125,48.0795],[14.2102,48.0754],[14.2089,48.0812],[14.2027,48.0839],[14.1987,48.0811],[14.2011,48.0794],[14.1975,48.0744],[14.1723,48.072],[14.1698,48.0691],[14.1601,48.0718],[14.1641,48.0733],[14.1639,48.0766],[14.1464,48.089],[14.1485,48.0936],[14.1541,48.0917],[14.157,48.1],[14.145,48.0989],[14.1419,48.0954],[14.1354,48.0985],[14.1462,48.1072],[14.1604,48.1131],[14.1254,48.1199],[14.1173,48.1241],[14.121,48.1321],[14.1257,48.1332],[14.1301,48.148],[14.1478,48.1505],[14.1488,48.1565],[14.1621,48.1649],[14.1622,48.1687],[14.1712,48.1704],[14.1652,48.1804],[14.1604,48.1796],[14.1629,48.1828],[14.1558,48.1832],[14.1511,48.1946],[14.1571,48.2034],[14.1541,48.2202],[14.1127,48.2198],[14.1132,48.2267],[14.104,48.2268],[14.0913,48.2358]]]]},"geometry_name":"geom","properties":{"g_id":"410","g_name":"Linz-Land"},"bbox":[14.0913,48.0691,14.5212,48.3321]},{"type":"Feature","id":"STATISTIK_AUSTRIA_POLBEZ_20250101.411","geometry":{"type":"MultiPolygon","coordinates":[[[[14.3985,48.2529],[14.406,48.2589],[14.4041,48.2662],[14.4075,48.2704],[14.404,48.2765],[14.411,48.2813],[14.4071,48.2912],[14.4245,48.297],[14.4182,48.2982],[14.416,48.3041],[14.4332,48.3026],[14.4451,48.2955],[14.4821,48.3026],[14.4787,48.3061],[14.4845,48.3117],[14.4775,48.3129],[14.4728,48.3097],[14.4613,48.3124],[14.4689,48.3234],[14.4644,48.3257],[14.4733,48.33],[14.4937,48.3275],[14.5025,48.3193],[14.5153,48.3195],[14.5169,48.3151],[14.5239,48.3192],[14.5313,48.3173],[14.5402,48.325],[14.5573,48.3245],[14.5581,48.321],[14.5736,48.3177],[14.5706,48.306],[14.5806,48.2974],[14.5889,48.2986],[14.5963,48.3047],[14.6062,48.3013],[14.6139,48.3024],[14.6169,48.3074],[14.6109,48.3126],[14.6136,48.3145],[14.6206,48.3114],[14.6249,48.312],[14.6248,48.3149],[14.6305,48.3131],[14.6285,48.3164],[14.6334,48.3166],[14.6303,48.3191],[14.6306,48.3243],[14.6366,48.3226],[14.6317,48.3264],[14.6329,48.3368],[14.6427,48.3394],[14.6508,48.329],[14.6576,48.3305],[14.659,48.3259],[14.6538,48.3253],[14.6682,48.32],[14.678,48.3092],[14.6789,48.3132],[14.6848,48.3148],[14.6932,48.3252],[14.7117,48.3379],[14.7195,48.3383],[14.7367,48.3311],[14.7386,48.3363],[14.745,48.3392],[14.764,48.3334],[14.7671,48.3353],[14.7614,48.3392],[14.7645,48.342],[14.7774,48.3439],[14.7897,48.3365],[14.7949,48.339],[14.7937,48.3428],[14.7975,48.3488],[14.8106,48.3531],[14.8157,48.3649],[14.8324,48.3632],[14.8389,48.3699],[14.8365,48.3759],[14.839,48.3767],[14.8478,48.3746],[14.8479,48.3701],[14.8515,48.3705],[14.8493,48.3728],[14.8601,48.3741],[14.8576,48.3792],[14.865,48.3788],[14.8675,48.3837],[14.8724,48.3831],[14.8718,48.3863],[14.8789,48.3875],[14.8754,48.3937],[14.8879,48.3954],[14.8904,48.4024],[14.9157,48.4031],[14.9193,48.4133],[14.9304,48.411],[14.935,48.4169],[14.9282,48.4238],[14.9345,48.424],[14.9427,48.4201],[14.9407,48.4173],[14.9448,48.4136],[14.9494,48.4136],[14.9475,48.4077],[14.9318,48.3983],[14.9263,48.3985],[14.916,48.3893],[14.9233,48.3882],[14.9371,48.3952],[14.9645,48.3879],[14.9645,48.3786],[14.959,48.3739],[14.9522,48.3568],[14.9532,48.341],[14.9495,48.3393],[14.9437,48.3236],[14.9613,48.3254],[14.9804,48.3234],[14.9864,48.3193],[14.9839,48.298],[14.9874,48.2955],[14.9903,48.2795],[14.9883,48.2626],[14.9922,48.2566],[14.9708,48.2469],[14.97,48.2384],[14.9747,48.2348],[14.9678,48.2312],[14.9621,48.2321],[14.9522,48.2191],[14.9548,48.2155],[14.9641,48.2149],[14.969,48.2084],[14.9648,48.204],[14.9748,48.2011],[14.9742,48.1988],[14.9592,48.2046],[14.9453,48.2264],[14.9397,48.2304],[14.9149,48.2329],[14.8936,48.2279],[14.8877,48.2325],[14.8815,48.2326],[14.8573,48.2255],[14.8554,48.2094],[14.8452,48.1957],[14.8306,48.1894],[14.8061,48.1877],[14.7393,48.1721],[14.7257,48.1782],[14.7153,48.1787],[14.7055,48.1688],[14.7052,48.1626],[14.6913,48.1571],[14.673,48.1615],[14.661,48.1673],[14.6614,48.171],[14.6458,48.1739],[14.6345,48.1801],[14.6254,48.1895],[14.611,48.1961],[14.5872,48.2215],[14.5741,48.2268],[14.5024,48.2438],[14.4885,48.2437],[14.4585,48.2363],[14.4405,48.2444],[14.4364,48.2393],[14.4148,48.243],[14.4039,48.2523],[14.3985,48.2529]]]]},"geometry_name":"geom","properties":{"g_id":"411","g_name":"Perg"},"bbox":[14.3985,48.1571,14.9922,48.424]},{"type":"Feature","id":"STATISTIK_AUSTRIA_POLBEZ_20250101.412","geometry":{"type":"MultiPolygon","coordinates":[[[[13.1955,48.2955],[13.2478,48.2929],[13.2609,48.2948],[13.327,48.3218],[13.3671,48.3529],[13.4078,48.3722],[13.4108,48.3681],[13.4069,48.3602],[13.4107,48.3593],[13.4085,48.3571],[13.4259,48.352],[13.421,48.3396],[13.428,48.3383],[13.43,48.3431],[13.4342,48.3433],[13.4361,48.3338],[13.4426,48.3402],[13.4486,48.3361],[13.4521,48.3381],[13.457,48.3352],[13.4735,48.3347],[13.4739,48.3304],[13.488,48.3286],[13.4936,48.3308],[13.4926,48.3347],[13.4962,48.3316],[13.5007,48.3346],[13.5259,48.3257],[13.5302,48.3271],[13.5311,48.3319],[13.54,48.3287],[13.5488,48.3313],[13.5524,48.3286],[13.5604,48.3349],[13.5638,48.3243],[13.5602,48.3192],[13.5632,48.3095],[13.5724,48.3103],[13.5783,48.3074],[13.5765,48.3025],[13.5911,48.3012],[13.5894,48.2983],[13.5954,48.3006],[13.5999,48.2948],[13.6044,48.2989],[13.614,48.2967],[13.6153,48.2991],[13.6234,48.299],[13.6212,48.2913],[13.6286,48.2886],[13.6221,48.2809],[13.6249,48.2778],[13.6161,48.2639],[13.6037,48.2628],[13.5904,48.254],[13.5897,48.2504],[13.5825,48.2484],[13.5699,48.2504],[13.567,48.2477],[13.5712,48.2417],[13.5699,48.234],[13.576,48.2294],[13.5803,48.2305],[13.581,48.2261],[13.5844,48.2257],[13.5848,48.2131],[13.6029,48.211],[13.6042,48.2022],[13.6111,48.2024],[13.6251,48.1954],[13.617,48.1931],[13.6195,48.1879],[13.6124,48.1823],[13.6133,48.1648],[13.6058,48.1567],[13.6077,48.142],[13.6026,48.1371],[13.6079,48.1315],[13.6074,48.1271],[13.6037,48.124],[13.5901,48.1232],[13.5821,48.1149],[13.5732,48.1179],[13.5599,48.1141],[13.553,48.1159],[13.5514,48.1198],[13.5386,48.1167],[13.5321,48.1183],[13.5265,48.1143],[13.5154,48.1157],[13.4974,48.107],[13.4827,48.1091],[13.4746,48.1059],[13.4518,48.1062],[13.4231,48.0924],[13.4229,48.0855],[13.4049,48.0848],[13.3956,48.0787],[13.3935,48.0757],[13.3955,48.0732],[13.3912,48.0706],[13.3933,48.0655],[13.3899,48.0534],[13.383,48.0512],[13.3884,48.0549],[13.3788,48.0576],[13.3595,48.0514],[13.3527,48.0552],[13.3506,48.0517],[13.3459,48.0693],[13.33,48.0694],[13.3339,48.0831],[13.3139,48.0938],[13.3232,48.0961],[13.3257,48.0908],[13.3238,48.0976],[13.3282,48.0954],[13.3223,48.1032],[13.3274,48.1038],[13.3249,48.1112],[13.3315,48.1176],[13.3299,48.1231],[13.333,48.1275],[13.3303,48.1284],[13.3352,48.1405],[13.3258,48.1442],[13.331,48.1454],[13.3316,48.1498],[13.3274,48.1507],[13.3346,48.1581],[13.3331,48.1625],[13.3366,48.1671],[13.3298,48.176],[13.3322,48.1773],[13.3233,48.1843],[13.3444,48.1907],[13.3422,48.1937],[13.353,48.1969],[13.3598,48.2042],[13.3362,48.218],[13.3451,48.2223],[13.3433,48.2273],[13.3467,48.2304],[13.34,48.233],[13.3328,48.2303],[13.3202,48.2398],[13.3153,48.233],[13.3079,48.2305],[13.3054,48.2316],[13.3078,48.2373],[13.2985,48.2411],[13.2972,48.2473],[13.2912,48.2443],[13.2821,48.2537],[13.2747,48.2507],[13.2722,48.2519],[13.275,48.2535],[13.2673,48.2589],[13.2558,48.2536],[13.2557,48.2584],[13.249,48.2583],[13.2521,48.2606],[13.2492,48.2623],[13.2536,48.2651],[13.2512,48.2663],[13.2527,48.2693],[13.2563,48.2707],[13.2566,48.2738],[13.2534,48.2748],[13.228,48.2716],[13.2155,48.2632],[13.2066,48.2627],[13.1996,48.2747],[13.2022,48.2797],[13.1955,48.2955]]]]},"geometry_name":"geom","properties":{"g_id":"412","g_name":"Ried"},"bbox":[13.1955,48.0512,13.6286,48.3722]},{"type":"Feature","id":"STATISTIK_AUSTRIA_POLBEZ_20250101.413","geometry":{"type":"MultiPolygon","coordinates":[[[[13.7271,48.513],[13.7322,48.5164],[13.7307,48.5209],[13.7333,48.5253],[13.7478,48.5294],[13.749,48.5378],[13.7437,48.5441],[13.7549,48.5511],[13.7467,48.5524],[13.754,48.5635],[13.7603,48.5654],[13.7699,48.5535],[13.7904,48.5719],[13.8008,48.5735],[13.8073,48.5841],[13.8051,48.5888],[13.8071,48.59],[13.8018,48.5922],[13.8013,48.5974],[13.8087,48.5999],[13.8073,48.6048],[13.8149,48.6096],[13.816,48.6146],[13.8226,48.6142],[13.8258,48.6185],[13.8235,48.6255],[13.8272,48.628],[13.8265,48.6349],[13.8217,48.6381],[13.824,48.6421],[13.8141,48.6496],[13.8198,48.6707],[13.8167,48.6813],[13.8131,48.6835],[13.8135,48.6919],[13.8166,48.6948],[13.8336,48.6919],[13.8374,48.7006],[13.814,48.7009],[13.8112,48.7025],[13.8113,48.7088],[13.8033,48.708],[13.7949,48.7152],[13.8018,48.7172],[13.8105,48.729],[13.8191,48.7318],[13.8209,48.7543],[13.8361,48.7627],[13.8396,48.7716],[13.8436,48.7726],[13.8485,48.7698],[13.8691,48.7694],[13.8955,48.7571],[13.9392,48.7232],[13.9539,48.7206],[13.9558,48.7144],[14.0033,48.7086],[14.0099,48.7048],[14.0088,48.7023],[14.0134,48.6984],[14.0099,48.6954],[14.0182,48.6962],[14.0162,48.6919],[14.0254,48.6891],[14.0287,48.6854],[14.0246,48.6834],[14.0342,48.677],[14.0595,48.6738],[14.0601,48.664],[14.0536,48.6529],[14.0242,48.6527],[14.0234,48.646],[14.0106,48.6396],[14.03,48.6289],[14.0288,48.6261],[14.0481,48.6274],[14.0457,48.6191],[14.0409,48.6174],[14.0422,48.6128],[14.0516,48.6095],[14.0542,48.6041],[14.069,48.607],[14.0669,48.5949],[14.0723,48.5999],[14.0863,48.6001],[14.0971,48.5998],[14.0956,48.5922],[14.106,48.5895],[14.1159,48.5892],[14.1302,48.5978],[14.1418,48.5937],[14.1539,48.596],[14.1628,48.5926],[14.169,48.5847],[14.1678,48.5779],[14.1591,48.5766],[14.163,48.5741],[14.1571,48.5673],[14.1594,48.5639],[14.1566,48.5639],[14.1571,48.5612],[14.161,48.5575],[14.1597,48.5554],[14.1639,48.5538],[14.159,48.5463],[14.1612,48.5432],[14.1672,48.5438],[14.1719,48.5509],[14.1748,48.5456],[14.1714,48.5404],[14.1785,48.5384],[14.1688,48.5366],[14.1708,48.5324],[14.1843,48.5298],[14.1897,48.5357],[14.1898,48.5313],[14.1979,48.5289],[14.1905,48.5158],[14.2035,48.5049],[14.1968,48.4968],[14.1978,48.4942],[14.1875,48.4929],[14.1784,48.5037],[14.1688,48.4949],[14.1742,48.4887],[14.1712,48.4817],[14.1784,48.4688],[14.1762,48.4613],[14.1799,48.4575],[14.1597,48.4507],[14.1559,48.4414],[14.1583,48.4394],[14.1506,48.4359],[14.148,48.4288],[14.1415,48.4263],[14.1382,48.4283],[14.1218,48.4471],[14.1179,48.4412],[14.1044,48.4446],[14.1017,48.4429],[14.104,48.4374],[14.0979,48.4312],[14.0923,48.4305],[14.0916,48.421],[14.0762,48.413],[14.0814,48.4039],[14.0799,48.3998],[14.0703,48.3967],[14.0548,48.4017],[14.0505,48.399],[14.0556,48.389],[14.0469,48.3859],[14.0492,48.3794],[14.0303,48.3732],[14.0266,48.3822],[13.9951,48.4177],[13.9841,48.4218],[13.9683,48.4165],[13.9568,48.4177],[13.9493,48.4057],[13.9402,48.4036],[13.9261,48.4186],[13.9259,48.43],[13.9197,48.438],[13.9195,48.4483],[13.9065,48.4548],[13.886,48.4449],[13.8749,48.4453],[13.8635,48.4503],[13.8547,48.4487],[13.853,48.4444],[13.8568,48.4399],[13.8745,48.4305],[13.8725,48.4266],[13.8637,48.4264],[13.8356,48.4419],[13.8072,48.4624],[13.7774,48.4697],[13.7722,48.4763],[13.7473,48.4902],[13.7271,48.513]]]]},"geometry_name":"geom","properties":{"g_id":"413","g_name":"Rohrbach"},"bbox":[13.7271,48.3732,14.2035,48.7726]},{"type":"Feature","id":"STATISTIK_AUSTRIA_POLBEZ_20250101.414","geometry":{"type":"MultiPolygon","coordinates":[[[[13.4069,48.3602],[13.4106,48.364],[13.4078,48.3722],[13.4175,48.3836],[13.4218,48.4045],[13.4399,48.4325],[13.4379,48.4407],[13.4274,48.4528],[13.4273,48.4578],[13.4582,48.5115],[13.4462,48.524],[13.445,48.5292],[13.4501,48.5336],[13.4502,48.5377],[13.4392,48.5476],[13.4371,48.5562],[13.45,48.5639],[13.4636,48.554],[13.4754,48.5561],[13.4745,48.5624],[13.4789,48.5647],[13.4849,48.5615],[13.4888,48.5628],[13.4934,48.567],[13.4919,48.5697],[13.504,48.5725],[13.507,48.5777],[13.5019,48.5815],[13.5107,48.5911],[13.5287,48.5867],[13.5432,48.5749],[13.567,48.562],[13.5818,48.5597],[13.5889,48.5681],[13.5977,48.5699],[13.6247,48.5544],[13.6531,48.5493],[13.6632,48.5346],[13.6892,48.5271],[13.7057,48.5176],[13.7271,48.513],[13.7473,48.4902],[13.7722,48.4763],[13.7774,48.4697],[13.8064,48.4628],[13.8465,48.435],[13.8654,48.4258],[13.8533,48.4127],[13.8398,48.418],[13.8252,48.4171],[13.8217,48.4199],[13.8279,48.4283],[13.8042,48.419],[13.7802,48.4307],[13.7752,48.4382],[13.7622,48.4349],[13.7433,48.4487],[13.7316,48.449],[13.714,48.4421],[13.7088,48.4369],[13.6966,48.4349],[13.6982,48.4277],[13.695,48.4247],[13.6988,48.422],[13.6984,48.4178],[13.6852,48.4067],[13.6957,48.4015],[13.7007,48.3894],[13.7254,48.3712],[13.729,48.3652],[13.7197,48.3599],[13.7142,48.3523],[13.7215,48.3377],[13.7105,48.3308],[13.7202,48.3279],[13.716,48.3221],[13.7197,48.3189],[13.7166,48.3151],[13.7045,48.3139],[13.7028,48.3101],[13.69,48.309],[13.6898,48.3039],[13.6716,48.3046],[13.6698,48.2968],[13.6642,48.2934],[13.6674,48.2879],[13.6624,48.289],[13.6593,48.2838],[13.6516,48.2827],[13.6543,48.28],[13.6525,48.274],[13.6549,48.2734],[13.6475,48.2712],[13.6477,48.2642],[13.653,48.2626],[13.6517,48.2586],[13.6568,48.2549],[13.6516,48.2503],[13.6238,48.2508],[13.61,48.2453],[13.604,48.2519],[13.5904,48.2539],[13.6042,48.263],[13.6161,48.2639],[13.6249,48.2778],[13.6221,48.2809],[13.6286,48.2886],[13.6212,48.2913],[13.6234,48.299],[13.6153,48.2991],[13.614,48.2967],[13.6044,48.2989],[13.5999,48.2948],[13.5954,48.3006],[13.5894,48.2983],[13.5911,48.3012],[13.5765,48.3025],[13.5783,48.3074],[13.5724,48.3103],[13.5632,48.3095],[13.5602,48.3192],[13.5638,48.3243],[13.5604,48.3349],[13.5524,48.3286],[13.5488,48.3313],[13.54,48.3287],[13.5311,48.3319],[13.5302,48.3271],[13.5259,48.3257],[13.5007,48.3346],[13.4962,48.3316],[13.4926,48.3347],[13.4936,48.3308],[13.488,48.3286],[13.4739,48.3304],[13.4735,48.3347],[13.457,48.3352],[13.4521,48.3381],[13.4486,48.3361],[13.4426,48.3402],[13.4361,48.3338],[13.4342,48.3433],[13.43,48.3431],[13.428,48.3383],[13.421,48.3396],[13.4251,48.3532],[13.4085,48.3571],[13.4107,48.3593],[13.4069,48.3602]]]]},"geometry_name":"geom","properties":{"g_id":"414","g_name":"Schärding"},"bbox":[13.4069,48.2453,13.8654,48.5911]},{"type":"Feature","id":"STATISTIK_AUSTRIA_POLBEZ_20250101.415","geometry":{"type":"MultiPolygon","coordinates":[[[[14.15,48.0573],[14.1672,48.0626],[14.1788,48.0614],[14.1893,48.0749],[14.1975,48.0744],[14.2011,48.0794],[14.1987,48.0811],[14.2027,48.0839],[14.2089,48.0812],[14.2102,48.0754],[14.2125,48.0795],[14.225,48.0813],[14.2302,48.0878],[14.2463,48.0883],[14.2525,48.0957],[14.2492,48.1048],[14.2704,48.1059],[14.2709,48.1028],[14.2811,48.1021],[14.2826,48.1122],[14.2877,48.1115],[14.2917,48.1153],[14.3208,48.1081],[14.3229,48.1153],[14.3303,48.1152],[14.337,48.1221],[14.3343,48.1232],[14.3369,48.1258],[14.3448,48.1255],[14.3624,48.1353],[14.3746,48.1273],[14.3896,48.1358],[14.3958,48.133],[14.3967,48.1286],[14.3987,48.1305],[14.4002,48.1254],[14.4235,48.125],[14.4223,48.1199],[14.4154,48.1218],[14.4142,48.1158],[14.4247,48.1073],[14.4482,48.1123],[14.4573,48.1082],[14.4662,48.1087],[14.4714,48.1035],[14.4785,48.1052],[14.4539,48.0879],[14.4489,48.0795],[14.4344,48.0801],[14.4184,48.0723],[14.411,48.0764],[14.4032,48.0705],[14.3985,48.0711],[14.3952,48.0656],[14.3788,48.0569],[14.3764,48.0461],[14.3806,48.0354],[14.3934,48.0358],[14.3975,48.0323],[14.4062,48.0315],[14.4172,48.0236],[14.4199,48.0276],[14.4299,48.0293],[14.4347,48.0349],[14.4495,48.0377],[14.4494,48.0452],[14.4583,48.0428],[14.4699,48.0381],[14.4676,48.0336],[14.4722,48.0316],[14.473,48.027],[14.4871,48.0122],[14.4921,48.0109],[14.4932,47.998],[14.5039,47.9936],[14.5317,47.99],[14.554,47.982],[14.5602,47.975],[14.5855,47.9674],[14.5919,47.9596],[14.608,47.9492],[14.6211,47.9477],[14.6272,47.943],[14.6473,47.9435],[14.6656,47.9392],[14.6849,47.9293],[14.7036,47.9256],[14.709,47.9318],[14.7279,47.935],[14.7292,47.9243],[14.7435,47.9175],[14.7719,47.8833],[14.7573,47.8676],[14.7348,47.8636],[14.71,47.8506],[14.7112,47.8461],[14.725,47.8411],[14.7213,47.8388],[14.7228,47.8322],[14.7099,47.823],[14.7113,47.8154],[14.7318,47.8041],[14.7315,47.7991],[14.712,47.7898],[14.7234,47.7669],[14.7464,47.7559],[14.7388,47.7485],[14.7147,47.7608],[14.7058,47.7608],[14.697,47.7658],[14.6712,47.7415],[14.6523,47.7384],[14.6471,47.7302],[14.648,47.7258],[14.6352,47.7283],[14.6313,47.7261],[14.6274,47.7297],[14.6164,47.7307],[14.6034,47.7297],[14.5868,47.7182],[14.5711,47.7163],[14.5505,47.7191],[14.5318,47.7137],[14.5238,47.7071],[14.5211,47.7038],[14.5278,47.6955],[14.5172,47.6818],[14.5018,47.6782],[14.4886,47.682],[14.4867,47.684],[14.4913,47.6886],[14.4893,47.6908],[14.4916,47.6939],[14.483,47.699],[14.4816,47.7032],[14.4655,47.7071],[14.4661,47.7132],[14.4603,47.7178],[14.4812,47.7211],[14.4834,47.7255],[14.4802,47.7282],[14.4895,47.7374],[14.4859,47.7431],[14.4897,47.7474],[14.4787,47.7525],[14.4798,47.7571],[14.4694,47.7655],[14.4689,47.7708],[14.4396,47.7823],[14.439,47.7872],[14.4433,47.7926],[14.44,47.7953],[14.4195,47.7922],[14.4194,47.7984],[14.4075,47.8049],[14.4058,47.8172],[14.3914,47.8221],[14.3953,47.8311],[14.4012,47.8358],[14.3977,47.8415],[14.407,47.8519],[14.4022,47.8583],[14.4127,47.8711],[14.4129,47.8801],[14.3946,47.8827],[14.3925,47.8873],[14.3802,47.8867],[14.3771,47.8936],[14.369,47.8926],[14.3605,47.9051],[14.3195,47.9039],[14.2921,47.9087],[14.2954,47.9168],[14.2922,47.9207],[14.3003,47.9219],[14.309,47.9296],[14.2982,47.9354],[14.2941,47.9436],[14.3043,47.9489],[14.3029,47.9542],[14.3072,47.9582],[14.3062,47.9638],[14.3173,47.9642],[14.3116,47.9675],[14.3044,47.981],[14.2941,47.9862],[14.2995,47.9968],[14.2961,48.0021],[14.2789,47.9959],[14.2774,47.9837],[14.2679,47.9733],[14.2545,47.9694],[14.2315,47.9749],[14.2195,47.9699],[14.2125,47.9734],[14.2098,47.9702],[14.2045,47.9768],[14.1993,47.9744],[14.1943,47.9793],[14.1905,47.985],[14.195,47.989],[14.1878,47.9893],[14.1865,47.996],[14.1772,48.0004],[14.1655,48.0005],[14.1693,48.008],[14.1751,48.0096],[14.1782,48.0144],[14.1677,48.0192],[14.1591,48.019],[14.1588,48.0261],[14.1754,48.0229],[14.1711,48.0261],[14.1709,48.0305],[14.1839,48.0392],[14.1781,48.0414],[14.1857,48.0433],[14.1838,48.0446],[14.1918,48.0488],[14.1918,48.0536],[14.1813,48.0544],[14.1819,48.0523],[14.1702,48.0479],[14.1683,48.0443],[14.1524,48.0498],[14.15,48.0573]]]]},"geometry_name":"geom","properties":{"g_id":"415","g_name":"Steyr-Land"},"bbox":[14.15,47.6782,14.7719,48.1359]},{"type":"Feature","id":"STATISTIK_AUSTRIA_POLBEZ_20250101.416","geometry":{"type":"MultiPolygon","coordinates":[[[[14.0214,48.3461],[14.0303,48.3732],[14.0492,48.3794],[14.0469,48.3859],[14.0555,48.3887],[14.0505,48.3992],[14.0562,48.402],[14.0705,48.3967],[14.0799,48.3998],[14.0814,48.4039],[14.0762,48.413],[14.0916,48.421],[14.0923,48.4305],[14.0979,48.4312],[14.1041,48.4376],[14.1017,48.4429],[14.1179,48.4412],[14.1218,48.4471],[14.129,48.4365],[14.1345,48.4352],[14.1415,48.4263],[14.1491,48.4298],[14.1509,48.4362],[14.1583,48.4394],[14.1559,48.4414],[14.1597,48.4507],[14.1799,48.4575],[14.1762,48.4613],[14.1784,48.4688],[14.1712,48.4817],[14.1742,48.4887],[14.1688,48.4949],[14.1784,48.5037],[14.1875,48.4929],[14.1978,48.4942],[14.1968,48.4968],[14.2035,48.5049],[14.1905,48.5158],[14.1979,48.5289],[14.1898,48.5313],[14.1897,48.5357],[14.1843,48.5298],[14.1708,48.5324],[14.1688,48.5366],[14.1785,48.5384],[14.1714,48.5404],[14.1739,48.5498],[14.1708,48.5502],[14.1672,48.5438],[14.1612,48.5432],[14.1593,48.5477],[14.1639,48.5538],[14.1597,48.5554],[14.1566,48.5639],[14.1594,48.5639],[14.1571,48.5673],[14.163,48.5741],[14.1591,48.5766],[14.1678,48.5779],[14.169,48.585],[14.1635,48.5892],[14.1822,48.5939],[14.2265,48.5857],[14.2406,48.5776],[14.2558,48.5816],[14.2716,48.5814],[14.2789,48.5742],[14.297,48.5676],[14.3243,48.5642],[14.3271,48.5541],[14.3332,48.5518],[14.353,48.5624],[14.3524,48.5689],[14.3576,48.5746],[14.3659,48.5758],[14.3685,48.5698],[14.3789,48.5692],[14.3881,48.5719],[14.3937,48.5775],[14.395,48.5734],[14.4028,48.5711],[14.4017,48.5598],[14.4065,48.5503],[14.4168,48.5491],[14.4237,48.5415],[14.4363,48.5422],[14.435,48.5336],[14.4137,48.5405],[14.4203,48.5414],[14.4167,48.5435],[14.3986,48.5406],[14.3962,48.5341],[14.3901,48.5296],[14.3874,48.538],[14.384,48.5378],[14.3843,48.5334],[14.3734,48.5348],[14.371,48.5311],[14.3792,48.523],[14.3748,48.52],[14.3797,48.5152],[14.3722,48.5158],[14.3703,48.5108],[14.3826,48.501],[14.3827,48.4987],[14.3762,48.4986],[14.378,48.4929],[14.3861,48.4931],[14.3847,48.4906],[14.4011,48.4804],[14.3996,48.4764],[14.4084,48.4707],[14.4007,48.4694],[14.399,48.4657],[14.409,48.4494],[14.4144,48.447],[14.411,48.444],[14.4103,48.4331],[14.4228,48.4291],[14.4268,48.4306],[14.4306,48.4256],[14.4305,48.4194],[14.4346,48.4173],[14.433,48.414],[14.4505,48.41],[14.4547,48.4021],[14.4663,48.3959],[14.4633,48.3917],[14.4669,48.3861],[14.4654,48.3792],[14.4552,48.3796],[14.4537,48.3753],[14.4437,48.3725],[14.446,48.366],[14.4355,48.3684],[14.4321,48.365],[14.4405,48.356],[14.4613,48.3518],[14.4591,48.349],[14.4627,48.3429],[14.4773,48.3309],[14.4775,48.3277],[14.4733,48.33],[14.4657,48.3275],[14.4644,48.3257],[14.4689,48.3234],[14.4613,48.3124],[14.4728,48.3097],[14.4775,48.3129],[14.4845,48.3117],[14.4787,48.3061],[14.4821,48.3026],[14.4452,48.2955],[14.4332,48.3026],[14.4157,48.3039],[14.4182,48.2982],[14.4245,48.297],[14.4071,48.2912],[14.411,48.2813],[14.404,48.2765],[14.4075,48.2698],[14.4041,48.2662],[14.406,48.2589],[14.4037,48.2571],[14.3819,48.2687],[14.3556,48.2755],[14.3443,48.2838],[14.3338,48.3089],[14.3153,48.3235],[14.337,48.3221],[14.3412,48.3254],[14.3606,48.3249],[14.3572,48.3286],[14.3486,48.3277],[14.3395,48.3311],[14.3405,48.3332],[14.3357,48.336],[14.3486,48.3403],[14.3487,48.343],[14.3346,48.3446],[14.3285,48.3528],[14.3201,48.3521],[14.3124,48.3568],[14.304,48.3552],[14.3037,48.358],[14.2954,48.3546],[14.293,48.3626],[14.2962,48.3664],[14.2923,48.3654],[14.2919,48.3691],[14.2962,48.3714],[14.2955,48.3787],[14.2906,48.3762],[14.2901,48.3619],[14.2817,48.36],[14.2844,48.3581],[14.2768,48.3473],[14.2718,48.3465],[14.2719,48.3434],[14.2661,48.3442],[14.2647,48.3411],[14.2555,48.3416],[14.2608,48.3318],[14.2549,48.3332],[14.2575,48.3274],[14.2539,48.3187],[14.2597,48.3117],[14.2539,48.3116],[14.2545,48.3093],[14.233,48.3077],[14.2194,48.3107],[14.1876,48.3321],[14.1704,48.3273],[14.1694,48.3212],[14.1593,48.3183],[14.1592,48.3156],[14.1447,48.3152],[14.1456,48.3201],[14.1275,48.3109],[14.1137,48.3093],[14.068,48.3189],[14.0371,48.33],[14.0246,48.3393],[14.0214,48.3461]]]]},"geometry_name":"geom","properties":{"g_id":"416","g_name":"Urfahr-Umgebung"},"bbox":[14.0214,48.2571,14.4845,48.5939]},{"type":"Feature","id":"STATISTIK_AUSTRIA_POLBEZ_20250101.417","geometry":{"type":"MultiPolygon","coordinates":[[[[13.2701,47.8914],[13.2812,47.8972],[13.2793,47.9069],[13.2824,47.9143],[13.2776,47.9207],[13.2824,47.9222],[13.2816,47.926],[13.2853,47.929],[13.2782,47.9445],[13.2811,47.9553],[13.2899,47.9604],[13.3076,47.964],[13.3131,47.9578],[13.34,47.9526],[13.3379,47.9477],[13.3404,47.9434],[13.3461,47.9446],[13.3584,47.9397],[13.3631,47.9441],[13.3608,47.9556],[13.3672,47.9579],[13.3653,47.9606],[13.3734,47.9657],[13.3698,47.9713],[13.3725,47.9728],[13.3708,47.9772],[13.3546,47.9779],[13.3258,47.9919],[13.3217,47.9903],[13.3011,47.9956],[13.2983,48.0025],[13.3044,48.0036],[13.3028,48.007],[13.3071,48.0099],[13.3119,48.0101],[13.307,48.0127],[13.31,48.0167],[13.3068,48.0195],[13.3118,48.0228],[13.3159,48.0197],[13.3219,48.0258],[13.3195,48.0301],[13.2993,48.0247],[13.2972,48.0293],[13.3093,48.0436],[13.3211,48.0499],[13.3206,48.0536],[13.3301,48.0694],[13.3459,48.0693],[13.3511,48.0515],[13.3532,48.0553],[13.359,48.0514],[13.3788,48.0576],[13.3884,48.0549],[13.3831,48.0512],[13.3903,48.0539],[13.3933,48.0655],[13.3912,48.0706],[13.3955,48.0732],[13.3935,48.0757],[13.3956,48.0787],[13.4049,48.0848],[13.4229,48.0855],[13.4231,48.0924],[13.4518,48.1062],[13.4746,48.1059],[13.4827,48.1091],[13.4974,48.107],[13.5154,48.1157],[13.5265,48.1143],[13.5321,48.1183],[13.5386,48.1167],[13.5514,48.1198],[13.553,48.1159],[13.5599,48.1141],[13.5732,48.1179],[13.5821,48.1149],[13.5901,48.1232],[13.6037,48.124],[13.6078,48.1283],[13.6062,48.1326],[13.6244,48.1332],[13.6331,48.1299],[13.6481,48.1334],[13.6639,48.1259],[13.678,48.1287],[13.6802,48.1325],[13.6846,48.1226],[13.689,48.1215],[13.7145,48.1253],[13.7414,48.1111],[13.7485,48.1104],[13.7474,48.1144],[13.7555,48.1183],[13.7558,48.1122],[13.7627,48.1085],[13.7798,48.108],[13.7873,48.1023],[13.7961,48.1032],[13.8013,48.0993],[13.8022,48.0848],[13.8082,48.0855],[13.8117,48.0798],[13.8189,48.0809],[13.8296,48.0765],[13.8294,48.0718],[13.8321,48.071],[13.8206,48.0629],[13.8245,48.0596],[13.8221,48.0539],[13.8358,48.0466],[13.8322,48.0419],[13.8218,48.0388],[13.8204,48.0294],[13.8112,48.027],[13.795,48.0115],[13.7947,47.9962],[13.7842,47.9981],[13.7751,48.0041],[13.7689,47.9975],[13.7682,47.9851],[13.7398,47.9807],[13.741,47.9688],[13.7487,47.9608],[13.7399,47.9554],[13.7421,47.9533],[13.738,47.945],[13.7424,47.9417],[13.7359,47.941],[13.7284,47.9364],[13.7301,47.9344],[13.7087,47.9293],[13.6996,47.9207],[13.7007,47.9163],[13.6923,47.9152],[13.6941,47.9069],[13.6826,47.9102],[13.6688,47.9089],[13.6626,47.9011],[13.6652,47.8967],[13.6546,47.8907],[13.6633,47.8786],[13.6574,47.8714],[13.6323,47.868],[13.6274,47.8534],[13.6177,47.8526],[13.6217,47.8452],[13.6061,47.8267],[13.6088,47.8238],[13.6242,47.8231],[13.6412,47.815],[13.6278,47.8103],[13.6236,47.8058],[13.6158,47.7918],[13.6082,47.7868],[13.6057,47.7732],[13.5772,47.7613],[13.5616,47.7642],[13.5555,47.7705],[13.5548,47.7756],[13.5457,47.778],[13.5355,47.776],[13.5385,47.7831],[13.5269,47.7932],[13.5283,47.7973],[13.511,47.797],[13.507,47.7905],[13.4988,47.7892],[13.495,47.792],[13.4898,47.7892],[13.4845,47.7926],[13.4823,47.8018],[13.4513,47.8042],[13.4346,47.8001],[13.4018,47.7997],[13.3898,47.7942],[13.351,47.8099],[13.348,47.8139],[13.3122,47.8128],[13.3096,47.8214],[13.2897,47.8244],[13.2897,47.8286],[13.2864,47.8302],[13.2882,47.8425],[13.2842,47.8421],[13.2841,47.8448],[13.2916,47.8484],[13.2874,47.8556],[13.2956,47.857],[13.2852,47.8728],[13.2759,47.877],[13.2766,47.8834],[13.2715,47.8863],[13.2701,47.8914]]]]},"geometry_name":"geom","properties":{"g_id":"417","g_name":"Vöcklabruck"},"bbox":[13.2701,47.7613,13.8358,48.1334]},{"type":"Feature","id":"STATISTIK_AUSTRIA_POLBEZ_20250101.418","geometry":{"type":"MultiPolygon","coordinates":[[[[13.7537,48.1182],[13.7658,48.1271],[13.7729,48.127],[13.774,48.1341],[13.7794,48.1361],[13.772,48.1433],[13.7843,48.1446],[13.7809,48.148],[13.792,48.1495],[13.7867,48.1528],[13.7881,48.1543],[13.8042,48.1464],[13.7999,48.1507],[13.8105,48.1573],[13.8164,48.157],[13.8152,48.1591],[13.822,48.1677],[13.8191,48.1722],[13.8228,48.1763],[13.8318,48.1707],[13.8335,48.1662],[13.856,48.1653],[13.8673,48.1616],[13.8734,48.1641],[13.8693,48.1682],[13.8717,48.1725],[13.8854,48.1749],[13.8798,48.1815],[13.857,48.189],[13.8525,48.1931],[13.8541,48.1961],[13.8418,48.1975],[13.8461,48.1991],[13.8422,48.2026],[13.8431,48.2054],[13.863,48.2052],[13.87,48.2089],[13.8893,48.207],[13.893,48.2118],[13.9094,48.2146],[13.9091,48.2184],[13.9154,48.221],[13.9424,48.2091],[13.9512,48.2114],[13.9538,48.2185],[13.9574,48.2191],[13.9617,48.2147],[13.9625,48.2182],[13.9696,48.2188],[13.9713,48.2224],[13.9952,48.2176],[13.9942,48.2219],[14,48.2273],[13.9944,48.2289],[13.9964,48.2338],[13.9911,48.2379],[14.0177,48.2415],[14.0235,48.249],[14.0496,48.2445],[14.0587,48.2489],[14.059,48.2518],[14.0765,48.2475],[14.0826,48.2491],[14.0865,48.2543],[14.0955,48.2552],[14.1086,48.2463],[14.0951,48.2426],[14.092,48.2334],[14.1028,48.23],[14.1057,48.2262],[14.1132,48.2267],[14.1127,48.2198],[14.1541,48.2202],[14.1571,48.2034],[14.1511,48.1946],[14.1558,48.1832],[14.1629,48.1828],[14.1604,48.1796],[14.1652,48.1804],[14.1707,48.1749],[14.1701,48.1687],[14.166,48.1709],[14.1622,48.1687],[14.1621,48.1649],[14.1488,48.1565],[14.1478,48.1505],[14.1301,48.148],[14.1257,48.1332],[14.121,48.1321],[14.1173,48.1242],[14.1254,48.1199],[14.1528,48.1164],[14.1604,48.1125],[14.1321,48.0975],[14.1285,48.0883],[14.1243,48.0889],[14.1259,48.0939],[14.1177,48.0937],[14.1147,48.0903],[14.1177,48.0894],[14.1066,48.0797],[14.1081,48.0777],[14.093,48.0778],[14.0874,48.0718],[14.0916,48.0658],[14.0882,48.0638],[14.0906,48.0613],[14.0805,48.0527],[14.0727,48.0507],[14.0678,48.0547],[14.0627,48.0504],[14.0572,48.0556],[14.0378,48.0536],[14.0387,48.0496],[14.0353,48.0471],[14.0367,48.0371],[14.0322,48.0352],[14.0348,48.0327],[14.0317,48.0285],[14.0328,48.0215],[14.0232,48.0132],[14.0167,48.0149],[14.0015,48.0039],[13.9873,48.0026],[13.9767,48.0102],[13.9769,48.0141],[13.9639,48.0173],[13.9671,48.0205],[13.9653,48.0242],[13.9596,48.0224],[13.9583,48.0261],[13.9476,48.0317],[13.931,48.0259],[13.9248,48.0296],[13.908,48.0281],[13.9077,48.0204],[13.8892,48.0227],[13.8821,48.0143],[13.8657,48.0313],[13.8762,48.0362],[13.8705,48.0364],[13.8672,48.041],[13.8581,48.039],[13.8618,48.042],[13.8546,48.0488],[13.852,48.0464],[13.8487,48.0496],[13.851,48.05],[13.8497,48.0544],[13.8389,48.0536],[13.8434,48.0504],[13.8358,48.0466],[13.8221,48.0539],[13.8245,48.0596],[13.8206,48.0629],[13.8321,48.071],[13.8294,48.0718],[13.8298,48.0764],[13.8189,48.0809],[13.8117,48.0798],[13.8082,48.0855],[13.8022,48.0848],[13.8013,48.0993],[13.7961,48.1032],[13.7873,48.1023],[13.7798,48.108],[13.7627,48.1085],[13.7558,48.1122],[13.7574,48.1152],[13.7537,48.1182]],[[13.9635,48.1826],[13.9719,48.1784],[13.9674,48.176],[13.9707,48.1734],[13.9666,48.1703],[13.9789,48.1623],[13.9671,48.1518],[13.9734,48.1472],[13.9655,48.1429],[13.9663,48.138],[13.9723,48.1377],[13.966,48.1286],[13.9711,48.1258],[13.9798,48.1377],[13.9926,48.1391],[14.0315,48.1549],[14.0553,48.1577],[14.0895,48.1715],[14.0908,48.1757],[14.0774,48.1814],[14.0798,48.1862],[14.0702,48.1942],[14.073,48.1963],[14.0714,48.1989],[14.0515,48.1963],[14.0476,48.2085],[14.035,48.2113],[14.03,48.2073],[14.0187,48.2087],[14.0163,48.2025],[13.9964,48.2054],[13.9924,48.1974],[13.9855,48.1952],[13.9941,48.194],[13.9919,48.1901],[13.9785,48.1873],[13.9702,48.1896],[13.9635,48.1826]]]]},"geometry_name":"geom","properties":{"g_id":"418","g_name":"Wels-Land"},"bbox":[13.7537,48.0026,14.1712,48.2555]},{"type":"Feature","id":"STATISTIK_AUSTRIA_POLBEZ_20250101.501","geometry":{"type":"MultiPolygon","coordinates":[[[[12.9856,47.7956],[13.0061,47.8197],[12.9891,47.832],[13.0031,47.8422],[13.0014,47.8544],[13.0119,47.8455],[13.0154,47.8479],[13.0203,47.8457],[13.0187,47.842],[13.0224,47.8376],[13.0353,47.8296],[13.0564,47.8331],[13.0598,47.8362],[13.0587,47.8429],[13.0643,47.8405],[13.066,47.8362],[13.0808,47.8358],[13.0815,47.8299],[13.0883,47.8274],[13.0806,47.8206],[13.0867,47.816],[13.0888,47.8098],[13.0958,47.8131],[13.1019,47.8121],[13.1032,47.8078],[13.1097,47.8041],[13.1226,47.8037],[13.1275,47.8007],[13.117,47.7976],[13.1148,47.7843],[13.1104,47.7808],[13.0905,47.7797],[13.0872,47.7726],[13.075,47.7711],[13.0791,47.755],[13.071,47.7513],[13.0594,47.762],[13.0314,47.7528],[13.0235,47.7557],[13.0192,47.7513],[13.0135,47.7522],[13,47.7629],[13.0053,47.7759],[13.0026,47.7815],[12.9856,47.7956]]]]},"geometry_name":"geom","properties":{"g_id":"501","g_name":"Salzburg(Stadt)"},"bbox":[12.9856,47.7512,13.1275,47.8544]},{"type":"Feature","id":"STATISTIK_AUSTRIA_POLBEZ_20250101.502","geometry":{"type":"MultiPolygon","coordinates":[[[[13.0309,47.5326],[13.0372,47.5428],[13.0557,47.5573],[13.0575,47.5622],[13.0507,47.5635],[13.0427,47.5737],[13.0437,47.5834],[13.0706,47.5869],[13.0711,47.5917],[13.0648,47.5955],[13.0626,47.6015],[13.0695,47.6048],[13.0806,47.619],[13.0959,47.628],[13.0989,47.6352],[13.0885,47.6491],[13.0897,47.654],[13.0779,47.6673],[13.0808,47.687],[13.0609,47.6971],[13.048,47.7091],[13.0426,47.7242],[13.0575,47.723],[13.0697,47.7293],[13.0829,47.7312],[13.0811,47.7435],[13.0857,47.7405],[13.085,47.7443],[13.0908,47.7435],[13.0877,47.7464],[13.0893,47.7488],[13.1198,47.7432],[13.1273,47.7496],[13.1375,47.7508],[13.1432,47.7569],[13.1518,47.7595],[13.1751,47.7532],[13.1829,47.7631],[13.1789,47.7648],[13.1815,47.7674],[13.1951,47.7658],[13.1985,47.7506],[13.218,47.737],[13.2209,47.7265],[13.2331,47.7272],[13.2442,47.7223],[13.2438,47.7153],[13.2518,47.7095],[13.2564,47.6908],[13.2728,47.6892],[13.276,47.6847],[13.2989,47.6747],[13.3191,47.6753],[13.3287,47.6791],[13.3474,47.6717],[13.3633,47.6732],[13.3733,47.6662],[13.3812,47.668],[13.396,47.6641],[13.4022,47.6574],[13.4083,47.6619],[13.4307,47.6626],[13.4326,47.6567],[13.4286,47.6564],[13.433,47.6514],[13.4396,47.6508],[13.4391,47.6408],[13.4453,47.6358],[13.4622,47.6336],[13.4642,47.6283],[13.4761,47.625],[13.492,47.6308],[13.5054,47.629],[13.5131,47.6327],[13.5233,47.6183],[13.5063,47.6008],[13.5053,47.582],[13.4908,47.577],[13.4783,47.5681],[13.4848,47.5528],[13.4754,47.5431],[13.4767,47.5303],[13.4814,47.5228],[13.4901,47.5133],[13.504,47.5102],[13.5134,47.503],[13.5162,47.4965],[13.5008,47.4831],[13.4819,47.4808],[13.4834,47.4749],[13.4435,47.4641],[13.4358,47.4584],[13.4215,47.4612],[13.4097,47.4688],[13.4072,47.4744],[13.3939,47.4832],[13.3999,47.4937],[13.3876,47.4953],[13.3873,47.5024],[13.3647,47.5206],[13.3582,47.5207],[13.3456,47.5126],[13.3085,47.5099],[13.2936,47.5146],[13.2722,47.5343],[13.2345,47.53],[13.2249,47.5344],[13.2187,47.5434],[13.2113,47.5478],[13.1961,47.547],[13.1851,47.5557],[13.1723,47.5483],[13.1664,47.554],[13.1504,47.5476],[13.1411,47.5372],[13.1251,47.5327],[13.132,47.5232],[13.1306,47.5198],[13.1217,47.5219],[13.1185,47.5282],[13.099,47.5161],[13.0648,47.5201],[13.0479,47.5187],[13.0462,47.5239],[13.0309,47.5326]]]]},"geometry_name":"geom","properties":{"g_id":"502","g_name":"Hallein"},"bbox":[13.0309,47.4584,13.5233,47.7676]},{"type":"Feature","id":"STATISTIK_AUSTRIA_POLBEZ_20250101.503","geometry":{"type":"MultiPolygon","coordinates":[[[[12.8602,47.9966],[12.8768,47.9966],[12.8922,47.991],[12.8975,48.0052],[12.9022,48.0065],[12.9106,48.0223],[12.9208,48.0232],[12.9404,48.0367],[12.9614,48.0328],[12.9713,48.0239],[12.9774,48.0235],[12.9874,48.0283],[13.0047,48.0298],[13.0125,48.0366],[13.029,48.0325],[13.0422,48.0415],[13.0472,48.04],[13.0486,48.0347],[13.0441,48.0281],[13.0588,48.0297],[13.0557,48.0256],[13.0633,48.0191],[13.0577,48.0133],[13.0731,48.0158],[13.0778,48.0112],[13.0734,48.0069],[13.0751,48.004],[13.0898,48.0036],[13.0896,47.9992],[13.094,47.9958],[13.1021,47.998],[13.1134,47.9938],[13.1243,47.9962],[13.1216,47.9891],[13.1313,47.9883],[13.1501,47.9946],[13.1511,47.9921],[13.1457,47.9866],[13.1401,47.9849],[13.1419,47.978],[13.1469,47.977],[13.1442,47.976],[13.1478,47.9732],[13.1462,47.97],[13.1658,47.9759],[13.1702,47.9735],[13.1987,47.9742],[13.2117,47.9796],[13.2117,47.9824],[13.2225,47.9832],[13.2251,47.9881],[13.2824,47.997],[13.2802,48.0009],[13.2834,48.0069],[13.2878,48.0096],[13.2954,48.0073],[13.2951,48.0103],[13.3021,48.0097],[13.3044,48.0036],[13.2983,48.0025],[13.3012,47.9954],[13.3217,47.9903],[13.3258,47.9919],[13.3546,47.9779],[13.3708,47.9772],[13.3725,47.9728],[13.3698,47.9713],[13.3734,47.9657],[13.3653,47.9606],[13.3672,47.9579],[13.3608,47.9556],[13.3631,47.9441],[13.3584,47.9397],[13.3461,47.9446],[13.3404,47.9434],[13.3379,47.9477],[13.34,47.9526],[13.3131,47.9578],[13.3076,47.964],[13.2899,47.9604],[13.2803,47.9547],[13.2823,47.9533],[13.2781,47.9497],[13.2782,47.9445],[13.2853,47.929],[13.2816,47.926],[13.2824,47.9222],[13.2776,47.9207],[13.2824,47.9143],[13.2793,47.9069],[13.2812,47.8972],[13.2701,47.8914],[13.2715,47.8863],[13.2766,47.8834],[13.2759,47.877],[13.2852,47.8728],[13.2956,47.857],[13.2874,47.8556],[13.2916,47.8484],[13.284,47.8443],[13.2882,47.8425],[13.2864,47.8302],[13.2897,47.8286],[13.2897,47.8244],[13.3096,47.8214],[13.3122,47.8128],[13.348,47.8139],[13.351,47.8099],[13.3898,47.7942],[13.4018,47.7997],[13.4346,47.8001],[13.4513,47.8042],[13.4823,47.8018],[13.4845,47.7926],[13.4898,47.7892],[13.495,47.792],[13.4988,47.7892],[13.507,47.7905],[13.511,47.797],[13.5295,47.797],[13.5269,47.7932],[13.5385,47.7831],[13.5354,47.7761],[13.5161,47.7721],[13.4653,47.7861],[13.4578,47.7779],[13.4463,47.772],[13.4432,47.7619],[13.445,47.7589],[13.4363,47.7385],[13.4825,47.7228],[13.4999,47.7226],[13.5064,47.7212],[13.5039,47.7189],[13.5059,47.7178],[13.5209,47.7187],[13.5505,47.7123],[13.5463,47.7028],[13.5356,47.6953],[13.5326,47.6827],[13.517,47.6755],[13.5091,47.6763],[13.4989,47.6677],[13.5004,47.6589],[13.4897,47.6464],[13.4906,47.6439],[13.4841,47.6415],[13.4899,47.6303],[13.4803,47.6249],[13.4658,47.6275],[13.4622,47.6336],[13.4462,47.6355],[13.4399,47.6399],[13.4396,47.6508],[13.433,47.6514],[13.4285,47.6566],[13.4326,47.6567],[13.4307,47.6626],[13.4083,47.6619],[13.4022,47.6574],[13.396,47.6641],[13.3812,47.668],[13.3733,47.6662],[13.3633,47.6732],[13.3474,47.6717],[13.3287,47.6791],[13.3191,47.6753],[13.2989,47.6747],[13.276,47.6847],[13.2728,47.6892],[13.2564,47.6908],[13.2518,47.7095],[13.2438,47.7153],[13.2447,47.7217],[13.2331,47.7272],[13.2209,47.7265],[13.218,47.737],[13.1985,47.7506],[13.1985,47.7589],[13.1929,47.7671],[13.1801,47.7666],[13.1789,47.7648],[13.1829,47.7631],[13.1751,47.7532],[13.1518,47.7595],[13.1432,47.7569],[13.1375,47.7508],[13.1273,47.7496],[13.1198,47.7432],[13.0893,47.7488],[13.0877,47.7464],[13.0908,47.7435],[13.085,47.7443],[13.0859,47.7405],[13.0811,47.7435],[13.0829,47.7312],[13.0697,47.7293],[13.0575,47.723],[13.0432,47.7249],[13.0459,47.7127],[13.0288,47.7158],[13.0183,47.7229],[13.0104,47.7229],[13.0023,47.7134],[12.995,47.7131],[12.9872,47.7074],[12.9555,47.7078],[12.9465,47.7122],[12.9249,47.7103],[12.9053,47.7234],[12.9045,47.7274],[12.9182,47.7426],[12.9352,47.7473],[12.9379,47.7581],[12.9351,47.7579],[12.9447,47.7648],[12.9422,47.771],[12.9284,47.7713],[12.9397,47.7784],[12.9395,47.785],[12.947,47.7863],[12.9623,47.7981],[12.9891,47.832],[13.0061,47.8197],[12.9856,47.7956],[12.9956,47.7891],[13.0053,47.7759],[13,47.7629],[13.0157,47.7512],[13.0235,47.7557],[13.0314,47.7528],[13.0593,47.762],[13.071,47.7513],[13.0791,47.755],[13.075,47.7711],[13.0872,47.7726],[13.0905,47.7797],[13.1104,47.7808],[13.1148,47.7843],[13.117,47.7976],[13.1275,47.8007],[13.1226,47.8037],[13.1097,47.8041],[13.1032,47.8078],[13.1019,47.8121],[13.0958,47.8131],[13.0888,47.8098],[13.0867,47.816],[13.0806,47.8206],[13.0883,47.8274],[13.0815,47.8299],[13.0808,47.8358],[13.066,47.8362],[13.0605,47.8429],[13.0581,47.8427],[13.0606,47.841],[13.0596,47.8359],[13.0517,47.8313],[13.0353,47.8296],[13.0244,47.8358],[13.0188,47.8417],[13.0203,47.8457],[13.0163,47.8479],[13.0112,47.846],[12.9846,47.8728],[12.9656,47.9019],[12.9455,47.9233],[12.938,47.9435],[12.9227,47.9393],[12.9193,47.9423],[12.9207,47.9515],[12.9178,47.9548],[12.8858,47.9591],[12.8739,47.9639],[12.8693,47.9692],[12.8602,47.9966]]]]},"geometry_name":"geom","properties":{"g_id":"503","g_name":"Salzburg-Umgebung"},"bbox":[12.8602,47.6249,13.5509,48.0415]},{"type":"Feature","id":"STATISTIK_AUSTRIA_POLBEZ_20250101.504","geometry":{"type":"MultiPolygon","coordinates":[[[[13.0005,47.0489],[13.0158,47.0659],[13.0378,47.0743],[13.0284,47.0754],[13.0256,47.0814],[13.0265,47.0852],[13.0379,47.0905],[13.0301,47.0979],[13.0266,47.1115],[13.0302,47.1201],[13.0206,47.1327],[13.0195,47.1403],[13.0224,47.1476],[13.0336,47.1528],[13.0317,47.1669],[13.0375,47.1764],[13.0365,47.1887],[13.043,47.1914],[13.0432,47.1997],[13.0519,47.2076],[13.0478,47.2134],[13.049,47.2305],[13.0535,47.2344],[13.0404,47.2446],[13.0482,47.2707],[13.051,47.2759],[13.0649,47.2795],[13.0762,47.2872],[13.0608,47.2901],[13.0584,47.2948],[13.0636,47.2991],[13.036,47.303],[13.0336,47.3102],[13.0256,47.3171],[13.0304,47.3293],[13.0448,47.3322],[13.0361,47.3352],[13.037,47.3398],[13.0341,47.3426],[13.046,47.3467],[13.0566,47.3587],[13.0605,47.3549],[13.0661,47.3589],[13.0595,47.3632],[13.06,47.3667],[13.0469,47.3674],[13.0428,47.3711],[13.046,47.3761],[13.044,47.3796],[13.0478,47.3828],[13.0469,47.3934],[13.0574,47.4065],[13.0518,47.4144],[13.0531,47.4202],[13.0307,47.431],[13.0271,47.4443],[13.0098,47.458],[13.0226,47.4713],[13.0178,47.4746],[13.0262,47.4862],[13.0476,47.4922],[13.0467,47.5148],[13.0433,47.5199],[13.0648,47.5201],[13.0939,47.5155],[13.1185,47.5282],[13.1217,47.5219],[13.1306,47.5198],[13.132,47.5232],[13.1251,47.5327],[13.1411,47.5372],[13.1504,47.5476],[13.1664,47.554],[13.1723,47.5483],[13.1851,47.5557],[13.1961,47.547],[13.2113,47.5478],[13.2187,47.5434],[13.2249,47.5344],[13.2345,47.53],[13.2722,47.5343],[13.2936,47.5146],[13.3085,47.5099],[13.3456,47.5126],[13.3582,47.5207],[13.3647,47.5206],[13.3873,47.5024],[13.3876,47.4953],[13.3999,47.4937],[13.3939,47.4832],[13.4215,47.4612],[13.4358,47.4584],[13.4435,47.4641],[13.4744,47.4708],[13.4834,47.4749],[13.4819,47.4808],[13.5008,47.4831],[13.5161,47.4965],[13.5343,47.4949],[13.5857,47.4748],[13.5882,47.4701],[13.5911,47.4713],[13.5927,47.4606],[13.5785,47.4416],[13.5737,47.4267],[13.5633,47.4205],[13.5645,47.4125],[13.5739,47.4058],[13.5721,47.3933],[13.5818,47.3822],[13.5856,47.3609],[13.5895,47.359],[13.6035,47.3301],[13.5955,47.3148],[13.6028,47.3109],[13.6022,47.3014],[13.5977,47.2935],[13.6079,47.2813],[13.5801,47.2658],[13.5792,47.2559],[13.5649,47.2528],[13.553,47.2405],[13.5302,47.239],[13.5243,47.2334],[13.5102,47.2286],[13.5025,47.232],[13.4892,47.2266],[13.472,47.2261],[13.4608,47.2178],[13.4403,47.2211],[13.4198,47.2155],[13.4108,47.2168],[13.4069,47.2092],[13.3961,47.2063],[13.3825,47.2082],[13.3719,47.2165],[13.3607,47.2103],[13.3556,47.2064],[13.3532,47.1972],[13.3447,47.1954],[13.3327,47.1862],[13.3348,47.1727],[13.3178,47.159],[13.3296,47.1451],[13.3364,47.1428],[13.3329,47.1237],[13.3483,47.1098],[13.3545,47.0971],[13.3326,47.0956],[13.3101,47.0861],[13.3006,47.0875],[13.2901,47.0944],[13.2773,47.0952],[13.2498,47.0875],[13.2394,47.0715],[13.2455,47.0679],[13.2481,47.0506],[13.2147,47.0441],[13.1712,47.0417],[13.1556,47.0355],[13.1332,47.0348],[13.1233,47.0265],[13.0803,47.0268],[13.0798,47.0203],[13.073,47.0134],[13.0202,47.03],[13.0212,47.0393],[13.0031,47.0439],[13.0005,47.0489]]]]},"geometry_name":"geom","properties":{"g_id":"504","g_name":"St. Johann im Pongau"},"bbox":[13.0005,47.0134,13.6079,47.5557]},{"type":"Feature","id":"STATISTIK_AUSTRIA_POLBEZ_20250101.505","geometry":{"type":"MultiPolygon","coordinates":[[[[13.3178,47.159],[13.3348,47.1727],[13.3327,47.1862],[13.3447,47.1954],[13.3532,47.1972],[13.3556,47.2064],[13.3719,47.2165],[13.3825,47.2082],[13.3961,47.2063],[13.4069,47.2092],[13.4108,47.2168],[13.4198,47.2155],[13.4403,47.2211],[13.4608,47.2178],[13.472,47.2261],[13.4892,47.2266],[13.5025,47.232],[13.5102,47.2286],[13.5243,47.2334],[13.5302,47.239],[13.553,47.2405],[13.5649,47.2528],[13.5792,47.2559],[13.5801,47.2658],[13.6053,47.2782],[13.6079,47.2834],[13.622,47.2831],[13.6315,47.274],[13.6514,47.2767],[13.6691,47.2719],[13.6748,47.2746],[13.6956,47.2651],[13.6958,47.2601],[13.7119,47.2595],[13.7139,47.2702],[13.7253,47.2783],[13.7477,47.2778],[13.7606,47.2663],[13.7839,47.2752],[13.7911,47.2814],[13.7893,47.289],[13.7976,47.2874],[13.8045,47.2927],[13.8172,47.2962],[13.8253,47.2932],[13.8232,47.2889],[13.8271,47.283],[13.8234,47.2782],[13.8272,47.2742],[13.8213,47.2702],[13.8236,47.267],[13.8642,47.2522],[13.8681,47.241],[13.8501,47.2296],[13.8825,47.2043],[13.9032,47.1947],[13.8942,47.1855],[13.899,47.1826],[13.909,47.1856],[13.9156,47.1796],[13.9173,47.1702],[13.923,47.1718],[13.9524,47.1643],[13.9679,47.1505],[13.9936,47.1421],[13.9917,47.1366],[13.9961,47.1328],[13.9873,47.1258],[13.9726,47.127],[13.9599,47.1237],[13.9539,47.1253],[13.9438,47.1366],[13.9384,47.1362],[13.9139,47.1238],[13.9091,47.1241],[13.8981,47.1137],[13.8924,47.1143],[13.8812,47.108],[13.8831,47.1049],[13.8784,47.1004],[13.8783,47.0942],[13.8862,47.0914],[13.8894,47.0851],[13.9068,47.0701],[13.9036,47.0629],[13.8905,47.0539],[13.8819,47.0387],[13.8639,47.02],[13.8648,46.9963],[13.845,46.9891],[13.842,46.98],[13.8324,46.9737],[13.8318,46.9654],[13.8171,46.9581],[13.813,46.9518],[13.8012,46.9511],[13.7835,46.9439],[13.7756,46.9483],[13.7744,46.9526],[13.778,46.9574],[13.7736,46.9621],[13.7718,46.977],[13.7586,46.9823],[13.7584,46.9892],[13.7453,46.9939],[13.7337,46.9892],[13.7224,46.9912],[13.706,46.9959],[13.7021,47.0019],[13.6937,47.0061],[13.6875,47.0291],[13.6955,47.0333],[13.6933,47.0402],[13.6585,47.0415],[13.649,47.0392],[13.644,47.0415],[13.6367,47.0557],[13.6157,47.0592],[13.5771,47.0524],[13.5217,47.0685],[13.458,47.0803],[13.439,47.0779],[13.4276,47.0814],[13.4064,47.0692],[13.3989,47.0702],[13.3821,47.0803],[13.3802,47.0926],[13.3631,47.0988],[13.3545,47.0971],[13.3483,47.1098],[13.3329,47.1237],[13.3364,47.1428],[13.3296,47.1451],[13.3178,47.159]]]]},"geometry_name":"geom","properties":{"g_id":"505","g_name":"Tamsweg"},"bbox":[13.3178,46.9439,13.9961,47.2962]},{"type":"Feature","id":"STATISTIK_AUSTRIA_POLBEZ_20250101.506","geometry":{"type":"MultiPolygon","coordinates":[[[[12.0761,47.2696],[12.0818,47.2808],[12.0942,47.2857],[12.1145,47.3064],[12.1441,47.2881],[12.1569,47.2972],[12.165,47.2987],[12.1649,47.3016],[12.1906,47.3013],[12.197,47.2985],[12.2082,47.3021],[12.2162,47.3114],[12.2237,47.3128],[12.2304,47.3117],[12.2317,47.3055],[12.2373,47.3015],[12.2478,47.3031],[12.2547,47.308],[12.2641,47.3022],[12.2918,47.3225],[12.2966,47.3326],[12.3169,47.3297],[12.3189,47.3257],[12.3353,47.3285],[12.3421,47.3218],[12.3746,47.3113],[12.3886,47.3147],[12.4104,47.3136],[12.4189,47.3218],[12.4417,47.3286],[12.4698,47.3238],[12.4787,47.3267],[12.4873,47.3377],[12.4952,47.3374],[12.4986,47.3492],[12.4862,47.3524],[12.4879,47.3595],[12.479,47.365],[12.4793,47.371],[12.4826,47.3779],[12.498,47.3814],[12.5061,47.3941],[12.5228,47.3906],[12.5426,47.3949],[12.5461,47.3982],[12.563,47.3995],[12.5645,47.3948],[12.5786,47.3925],[12.5883,47.3987],[12.6011,47.4132],[12.62,47.4168],[12.627,47.4298],[12.6375,47.4366],[12.6378,47.4493],[12.6328,47.4516],[12.6314,47.4646],[12.6445,47.4682],[12.6652,47.4648],[12.6734,47.4671],[12.6841,47.4743],[12.6996,47.4779],[12.6965,47.4823],[12.6975,47.4875],[12.672,47.4997],[12.6693,47.5082],[12.6651,47.5061],[12.6605,47.5117],[12.6541,47.5368],[12.6448,47.5384],[12.6282,47.5495],[12.6416,47.5545],[12.652,47.5697],[12.6666,47.5787],[12.6526,47.5891],[12.6408,47.5933],[12.5745,47.605],[12.57,47.6163],[12.5829,47.6473],[12.6048,47.6732],[12.6169,47.6724],[12.6302,47.6762],[12.6388,47.671],[12.6456,47.6736],[12.6483,47.6701],[12.6654,47.6808],[12.6826,47.6827],[12.7052,47.6811],[12.7152,47.6763],[12.7327,47.6796],[12.7461,47.675],[12.7572,47.663],[12.7635,47.6671],[12.7721,47.6656],[12.7812,47.6738],[12.7841,47.6716],[12.7785,47.6609],[12.7607,47.655],[12.7586,47.6516],[12.7808,47.6327],[12.7897,47.6332],[12.8245,47.6121],[12.8229,47.6096],[12.8074,47.6103],[12.7929,47.6006],[12.7913,47.5978],[12.7954,47.5932],[12.7791,47.5791],[12.7843,47.5689],[12.7924,47.5651],[12.7943,47.557],[12.804,47.5501],[12.8177,47.5449],[12.8477,47.546],[12.8501,47.5331],[12.8572,47.5269],[12.8633,47.5281],[12.8671,47.524],[12.8807,47.5219],[12.8853,47.5185],[12.8846,47.5127],[12.908,47.4974],[12.9549,47.4784],[12.9726,47.4742],[12.9735,47.4833],[12.978,47.4847],[12.9894,47.4776],[12.9948,47.4787],[12.9934,47.4717],[13.0037,47.4634],[13.0179,47.4747],[13.0226,47.4713],[13.0098,47.458],[13.0271,47.4443],[13.0307,47.431],[13.0531,47.4202],[13.0518,47.4144],[13.0574,47.4066],[13.0469,47.3934],[13.0478,47.3828],[13.044,47.3796],[13.046,47.3761],[13.0429,47.3708],[13.0469,47.3674],[13.06,47.3667],[13.0595,47.3632],[13.0661,47.3589],[13.0605,47.3549],[13.0566,47.3587],[13.046,47.3467],[13.0341,47.3426],[13.037,47.3398],[13.0361,47.3352],[13.0448,47.3322],[13.0304,47.3293],[13.0256,47.3171],[13.0336,47.3102],[13.036,47.303],[13.0636,47.2991],[13.0584,47.2948],[13.0608,47.2901],[13.0762,47.2873],[13.0649,47.2795],[13.051,47.2759],[13.0482,47.2707],[13.0404,47.2446],[13.0535,47.2344],[13.049,47.2305],[13.0478,47.2134],[13.0519,47.2076],[13.0432,47.1997],[13.043,47.1914],[13.0365,47.1887],[13.0375,47.1764],[13.0317,47.1669],[13.0336,47.1528],[13.0224,47.1476],[13.0195,47.1403],[13.0206,47.1327],[13.0302,47.1201],[13.0266,47.1115],[13.0301,47.0979],[13.0379,47.0905],[13.0265,47.0852],[13.0256,47.0814],[13.0284,47.0754],[13.0378,47.0743],[13.0158,47.0659],[13.0007,47.0515],[13.0031,47.0439],[12.9854,47.0356],[12.9826,47.0384],[12.9648,47.039],[12.9569,47.0432],[12.953,47.0493],[12.9556,47.0542],[12.9432,47.0592],[12.9364,47.0731],[12.9375,47.0762],[12.9258,47.0799],[12.8925,47.0813],[12.8709,47.0863],[12.8597,47.0807],[12.8465,47.0812],[12.8368,47.0828],[12.8318,47.0907],[12.8203,47.0977],[12.8048,47.098],[12.795,47.0929],[12.7838,47.0925],[12.7728,47.1009],[12.7563,47.0977],[12.7389,47.1003],[12.7331,47.1044],[12.7357,47.1115],[12.7309,47.131],[12.713,47.1281],[12.7039,47.1215],[12.6891,47.1243],[12.6723,47.1207],[12.6661,47.1228],[12.6668,47.1161],[12.673,47.1093],[12.6568,47.0995],[12.6419,47.1036],[12.6289,47.1156],[12.6166,47.1215],[12.5922,47.1249],[12.5876,47.1321],[12.5664,47.136],[12.5528,47.1276],[12.5452,47.1289],[12.5279,47.1376],[12.5216,47.1506],[12.4837,47.1578],[12.4817,47.1514],[12.4656,47.1444],[12.451,47.1437],[12.4346,47.1505],[12.4178,47.1423],[12.3995,47.1528],[12.3633,47.1414],[12.3587,47.1168],[12.3456,47.1093],[12.3254,47.1074],[12.3131,47.1029],[12.3086,47.0931],[12.2838,47.0926],[12.2615,47.0727],[12.2406,47.0692],[12.227,47.0821],[12.1861,47.0921],[12.1516,47.0793],[12.136,47.0807],[12.1252,47.0926],[12.1294,47.1053],[12.1249,47.1135],[12.1146,47.1217],[12.1131,47.1366],[12.0933,47.1459],[12.093,47.1636],[12.0859,47.1707],[12.0893,47.1769],[12.0819,47.1919],[12.0901,47.2071],[12.0862,47.2154],[12.092,47.2185],[12.1023,47.2362],[12.111,47.2425],[12.1017,47.2577],[12.0913,47.2597],[12.0761,47.2696]]]]},"geometry_name":"geom","properties":{"g_id":"506","g_name":"Zell am See"},"bbox":[12.0761,47.0356,13.0762,47.6827]},{"type":"Feature","id":"STATISTIK_AUSTRIA_POLBEZ_20250101.601","geometry":{"type":"MultiPolygon","coordinates":[[[[15.3497,47.1045],[15.3515,47.1074],[15.3633,47.1097],[15.3592,47.1195],[15.3737,47.1205],[15.3789,47.1122],[15.3916,47.1129],[15.3998,47.1254],[15.3975,47.1324],[15.4013,47.1345],[15.4132,47.1322],[15.4166,47.1267],[15.4229,47.1284],[15.4271,47.1257],[15.4379,47.1282],[15.4473,47.1266],[15.465,47.1313],[15.4695,47.1274],[15.4895,47.1283],[15.4948,47.1239],[15.4994,47.1273],[15.5152,47.1284],[15.5212,47.1201],[15.5102,47.1081],[15.5164,47.1063],[15.5308,47.1104],[15.5257,47.1029],[15.5301,47.1033],[15.5342,47.0995],[15.5118,47.0912],[15.5145,47.089],[15.5129,47.0827],[15.5065,47.0758],[15.5093,47.0734],[15.5086,47.0676],[15.497,47.0549],[15.4998,47.0524],[15.4995,47.0455],[15.5061,47.0405],[15.4843,47.0313],[15.4866,47.0261],[15.4824,47.0245],[15.4883,47.0205],[15.4608,47.0119],[15.4558,47.0215],[15.4428,47.0153],[15.4375,47.021],[15.3987,47.0162],[15.3729,47.0231],[15.3692,47.0279],[15.3679,47.0404],[15.36,47.0514],[15.368,47.0507],[15.3696,47.0608],[15.3765,47.0657],[15.3748,47.0707],[15.38,47.0699],[15.38,47.0744],[15.377,47.0787],[15.3669,47.0805],[15.3729,47.0873],[15.3663,47.0883],[15.3638,47.0993],[15.3582,47.1025],[15.3513,47.101],[15.3497,47.1045]]]]},"geometry_name":"geom","properties":{"g_id":"601","g_name":"Graz(Stadt)"},"bbox":[15.3497,47.0119,15.5342,47.1345]},{"type":"Feature","id":"STATISTIK_AUSTRIA_POLBEZ_20250101.603","geometry":{"type":"MultiPolygon","coordinates":[[[[14.9763,46.7848],[14.9798,46.801],[14.9877,46.8094],[14.9904,46.8224],[14.9973,46.8284],[15.0134,46.8332],[15.0196,46.8443],[15.0091,46.8565],[15.0108,46.8709],[15.0081,46.8796],[15.0175,46.8836],[15.027,46.9097],[15.0515,46.9163],[15.0672,46.9149],[15.0933,46.9186],[15.1086,46.9271],[15.116,46.9279],[15.1154,46.9334],[15.1227,46.9437],[15.1223,46.9506],[15.1318,46.9618],[15.1734,46.95],[15.1791,46.9517],[15.1807,46.9557],[15.2058,46.9626],[15.2429,46.9639],[15.2519,46.9693],[15.2647,46.9608],[15.2877,46.9565],[15.294,46.9485],[15.3028,46.9518],[15.3003,46.9575],[15.3082,46.9628],[15.3118,46.9708],[15.3192,46.9715],[15.3242,46.9663],[15.3349,46.9653],[15.3402,46.9572],[15.3493,46.9552],[15.3496,46.9479],[15.3381,46.9383],[15.3487,46.9245],[15.3552,46.9247],[15.3569,46.9287],[15.3641,46.9173],[15.3741,46.9149],[15.3685,46.9125],[15.3687,46.91],[15.3758,46.9117],[15.3702,46.9077],[15.3795,46.9093],[15.3759,46.9058],[15.3776,46.9036],[15.3856,46.9041],[15.3928,46.8813],[15.3972,46.8839],[15.4028,46.8766],[15.414,46.8778],[15.4304,46.8623],[15.4241,46.8621],[15.4238,46.8572],[15.4299,46.8488],[15.4135,46.8394],[15.4125,46.8295],[15.4091,46.8301],[15.402,46.8242],[15.4033,46.8211],[15.4087,46.822],[15.3973,46.8165],[15.3938,46.8127],[15.3935,46.8058],[15.346,46.7881],[15.3478,46.7771],[15.338,46.7705],[15.342,46.7659],[15.3485,46.7662],[15.3488,46.7623],[15.356,46.7621],[15.3588,46.7527],[15.3358,46.7468],[15.3305,46.7408],[15.3388,46.7308],[15.336,46.7263],[15.3293,46.7251],[15.3373,46.7076],[15.3249,46.7034],[15.3222,46.699],[15.3253,46.6965],[15.3212,46.6925],[15.3236,46.6911],[15.3152,46.6868],[15.3162,46.684],[15.3062,46.6759],[15.3181,46.6704],[15.3144,46.6685],[15.318,46.6676],[15.3176,46.6606],[15.3093,46.6566],[15.308,46.6524],[15.294,46.6525],[15.2774,46.6436],[15.2625,46.6447],[15.2359,46.6394],[15.2243,46.6434],[15.1974,46.6457],[15.1822,46.6562],[15.1694,46.6538],[15.1635,46.6576],[15.1558,46.6557],[15.1454,46.6598],[15.1345,46.6568],[15.1287,46.65],[15.1216,46.656],[15.1187,46.6538],[15.1074,46.6597],[15.0988,46.6534],[15.0879,46.652],[15.0824,46.6451],[15.0656,46.6517],[15.0634,46.6589],[15.0541,46.6609],[15.0492,46.6662],[15.0507,46.6701],[15.035,46.6659],[15.0245,46.6697],[15.0229,46.674],[15.0305,46.678],[15.0345,46.7058],[15.0444,46.7147],[15.0427,46.7234],[15.0359,46.7283],[15.0446,46.733],[15.0331,46.7425],[15.0336,46.7498],[15.0272,46.7593],[15.0308,46.7689],[15.0267,46.7723],[14.9763,46.7848]]]]},"geometry_name":"geom","properties":{"g_id":"603","g_name":"Deutschlandsberg"},"bbox":[14.9763,46.6394,15.4304,46.9728]},{"type":"Feature","id":"STATISTIK_AUSTRIA_POLBEZ_20250101.606","geometry":{"type":"MultiPolygon","coordinates":[[[[15.0484,47.227],[15.0607,47.2312],[15.066,47.2411],[15.0755,47.2386],[15.0833,47.2424],[15.0978,47.2617],[15.1161,47.2649],[15.1262,47.2752],[15.1531,47.2804],[15.1745,47.2913],[15.1804,47.2974],[15.1873,47.2982],[15.1878,47.3038],[15.1915,47.3059],[15.1894,47.3091],[15.1956,47.3143],[15.1962,47.321],[15.2085,47.3283],[15.2323,47.3346],[15.2313,47.3373],[15.2429,47.3433],[15.2656,47.3396],[15.2769,47.3436],[15.2856,47.3422],[15.2887,47.3384],[15.3088,47.3328],[15.3155,47.3288],[15.3177,47.3228],[15.3367,47.3121],[15.369,47.3196],[15.3768,47.3122],[15.3914,47.3078],[15.3967,47.3122],[15.4001,47.3044],[15.4075,47.3006],[15.4188,47.2719],[15.4386,47.2664],[15.4412,47.2648],[15.44,47.2611],[15.4585,47.2648],[15.4663,47.2616],[15.4365,47.2503],[15.4409,47.2391],[15.4393,47.2294],[15.4421,47.2225],[15.4653,47.1986],[15.4717,47.2009],[15.4675,47.2066],[15.4678,47.2097],[15.4711,47.21],[15.485,47.2042],[15.4871,47.2062],[15.4913,47.1992],[15.5045,47.1965],[15.5094,47.1895],[15.5153,47.1904],[15.5144,47.195],[15.5174,47.1972],[15.5285,47.2006],[15.5671,47.1957],[15.5709,47.1866],[15.5799,47.1832],[15.582,47.1899],[15.5892,47.1897],[15.5858,47.1859],[15.5904,47.174],[15.5835,47.167],[15.5937,47.1625],[15.6073,47.1503],[15.6221,47.1439],[15.6409,47.1287],[15.6583,47.1244],[15.6544,47.1174],[15.6562,47.1108],[15.6539,47.1054],[15.6426,47.1129],[15.6296,47.1149],[15.6486,47.1048],[15.6454,47.1034],[15.6476,47.1019],[15.6449,47.0987],[15.6323,47.0934],[15.6354,47.0842],[15.6316,47.081],[15.6363,47.0791],[15.6316,47.0746],[15.6323,47.0713],[15.64,47.0662],[15.652,47.0685],[15.649,47.0634],[15.6564,47.0593],[15.6629,47.0612],[15.6718,47.0548],[15.6771,47.0582],[15.6883,47.0473],[15.6846,47.0302],[15.6976,47.0242],[15.7247,47.0249],[15.7306,47.004],[15.7116,47.0016],[15.7119,46.9948],[15.7188,46.9908],[15.6923,46.9895],[15.6793,46.9859],[15.6839,46.9825],[15.679,46.9785],[15.6641,46.9786],[15.6493,46.9837],[15.6507,46.9882],[15.6453,46.9958],[15.6162,47.0026],[15.6158,47.007],[15.6225,47.0093],[15.6102,47.0115],[15.6082,47.0166],[15.5962,47.0148],[15.5925,47.0205],[15.5874,47.019],[15.5758,46.9941],[15.564,46.9929],[15.5595,46.9953],[15.5397,46.9868],[15.5465,46.977],[15.5392,46.9612],[15.5326,46.9582],[15.535,46.9563],[15.5282,46.9457],[15.5224,46.9466],[15.5249,46.9373],[15.5291,46.9338],[15.5155,46.9236],[15.5197,46.9208],[15.5146,46.9148],[15.5103,46.9162],[15.4971,46.9109],[15.4916,46.9039],[15.4864,46.9105],[15.4829,46.9082],[15.4799,46.913],[15.4669,46.9119],[15.4499,46.9048],[15.4426,46.893],[15.4346,46.8934],[15.4381,46.8911],[15.4363,46.8895],[15.4326,46.8927],[15.425,46.8895],[15.4227,46.8916],[15.4268,46.893],[15.4245,46.8949],[15.4171,46.8934],[15.4153,46.8857],[15.4258,46.8853],[15.4292,46.878],[15.4215,46.8859],[15.4226,46.8782],[15.4164,46.8818],[15.4123,46.8768],[15.4028,46.8766],[15.3995,46.8832],[15.3926,46.8815],[15.3856,46.9041],[15.3776,46.9036],[15.3759,46.9058],[15.3795,46.9093],[15.3702,46.9077],[15.3758,46.9117],[15.368,46.9108],[15.3732,46.9158],[15.3641,46.9173],[15.3564,46.9289],[15.3552,46.9247],[15.3487,46.9245],[15.3397,46.935],[15.3381,46.9383],[15.3496,46.9479],[15.3492,46.9553],[15.339,46.958],[15.3349,46.9653],[15.3242,46.9663],[15.3192,46.9715],[15.3041,46.975],[15.2987,46.9797],[15.2981,46.9824],[15.3039,46.9862],[15.302,46.9897],[15.3122,46.9935],[15.3083,46.9948],[15.31,46.9991],[15.3064,47.002],[15.3015,47.0016],[15.3077,47.0046],[15.298,47.0078],[15.2963,47.018],[15.2832,47.008],[15.2749,47.0095],[15.2723,47.0152],[15.2651,47.0166],[15.2671,47.0213],[15.2595,47.0267],[15.265,47.0353],[15.2626,47.0449],[15.259,47.0385],[15.2528,47.0371],[15.2587,47.0532],[15.2533,47.0555],[15.2597,47.0631],[15.2536,47.0656],[15.2557,47.0679],[15.2451,47.0797],[15.2366,47.0799],[15.229,47.0867],[15.2175,47.0841],[15.2104,47.089],[15.2074,47.0952],[15.2093,47.098],[15.2029,47.1021],[15.2034,47.105],[15.1874,47.1183],[15.1826,47.1278],[15.1731,47.1322],[15.1714,47.1404],[15.1825,47.1522],[15.1757,47.1623],[15.1849,47.1694],[15.1756,47.1845],[15.1616,47.1945],[15.1617,47.2028],[15.1468,47.2014],[15.1426,47.2073],[15.1346,47.2111],[15.1121,47.2071],[15.1076,47.2107],[15.0786,47.2135],[15.0677,47.2098],[15.0528,47.2113],[15.0484,47.227]],[[15.3497,47.1045],[15.3513,47.101],[15.3582,47.1025],[15.3638,47.0993],[15.3663,47.0883],[15.3729,47.0873],[15.3669,47.0805],[15.377,47.0787],[15.38,47.0744],[15.38,47.0699],[15.3748,47.0707],[15.3765,47.0657],[15.3696,47.0608],[15.368,47.0507],[15.36,47.0514],[15.3679,47.0404],[15.3692,47.0279],[15.3729,47.0231],[15.3987,47.0162],[15.4375,47.021],[15.4428,47.0153],[15.4558,47.0215],[15.4608,47.0119],[15.4883,47.0205],[15.4824,47.0245],[15.4866,47.0261],[15.4843,47.0313],[15.5061,47.0405],[15.4995,47.0455],[15.4998,47.0524],[15.497,47.0549],[15.5086,47.0676],[15.5093,47.0734],[15.5065,47.0758],[15.5129,47.0827],[15.5145,47.089],[15.5118,47.0912],[15.5342,47.0995],[15.5301,47.1033],[15.5257,47.1029],[15.5308,47.1104],[15.5164,47.1063],[15.5102,47.1081],[15.5212,47.1201],[15.5152,47.1284],[15.4994,47.1273],[15.4948,47.1239],[15.4895,47.1283],[15.4695,47.1274],[15.465,47.1313],[15.4473,47.1266],[15.4379,47.1282],[15.4271,47.1257],[15.4229,47.1284],[15.4166,47.1267],[15.4132,47.1322],[15.4013,47.1345],[15.3975,47.1324],[15.3998,47.1254],[15.3916,47.1129],[15.3789,47.1122],[15.3737,47.1205],[15.3592,47.1195],[15.3633,47.1097],[15.3515,47.1074],[15.3497,47.1045]]]]},"geometry_name":"geom","properties":{"g_id":"606","g_name":"Graz-Umgebung"},"bbox":[15.0484,46.876,15.7307,47.3436]},{"type":"Feature","id":"STATISTIK_AUSTRIA_POLBEZ_20250101.610","geometry":{"type":"MultiPolygon","coordinates":[[[[15.3062,46.6759],[15.3162,46.684],[15.3152,46.6868],[15.3236,46.6911],[15.3212,46.6925],[15.3253,46.6965],[15.3222,46.699],[15.3249,46.7034],[15.3373,46.7076],[15.3293,46.7251],[15.336,46.7263],[15.3388,46.7308],[15.3305,46.7408],[15.3358,46.7468],[15.3588,46.7527],[15.356,46.7621],[15.3488,46.7623],[15.3485,46.7662],[15.342,46.7659],[15.338,46.7705],[15.3478,46.7771],[15.346,46.7881],[15.3931,46.8055],[15.3973,46.8165],[15.4087,46.822],[15.4033,46.8211],[15.402,46.8242],[15.4091,46.8301],[15.4125,46.8295],[15.4135,46.8394],[15.4299,46.8488],[15.4238,46.8572],[15.4241,46.8621],[15.4304,46.8623],[15.4133,46.8798],[15.4164,46.8818],[15.4226,46.8782],[15.4222,46.8859],[15.427,46.8777],[15.4293,46.8785],[15.4258,46.8853],[15.4153,46.8857],[15.4171,46.8934],[15.4245,46.8949],[15.4268,46.893],[15.4227,46.8916],[15.425,46.8895],[15.4326,46.8927],[15.4363,46.8895],[15.4381,46.8911],[15.4346,46.8934],[15.4426,46.893],[15.4499,46.9048],[15.4669,46.9119],[15.4799,46.913],[15.4829,46.9082],[15.4864,46.9105],[15.4916,46.9039],[15.4971,46.9109],[15.5103,46.9162],[15.5146,46.9148],[15.5197,46.9208],[15.5155,46.9236],[15.5291,46.9338],[15.5249,46.9373],[15.5224,46.9466],[15.5282,46.9457],[15.535,46.9563],[15.5326,46.9582],[15.5392,46.9612],[15.5465,46.977],[15.5398,46.9869],[15.5595,46.9953],[15.564,46.9929],[15.5758,46.9941],[15.5788,46.9971],[15.5778,47.0019],[15.5848,47.0102],[15.5849,47.0169],[15.5924,47.0205],[15.5962,47.0148],[15.6082,47.0166],[15.6102,47.0115],[15.6225,47.0093],[15.6158,47.007],[15.6169,47.0034],[15.6034,46.9896],[15.5997,46.9906],[15.594,46.9717],[15.5872,46.9627],[15.5974,46.9447],[15.5988,46.9306],[15.6044,46.9312],[15.6041,46.9264],[15.6108,46.9174],[15.6124,46.9117],[15.6083,46.9007],[15.6229,46.8996],[15.6312,46.8945],[15.6485,46.8966],[15.666,46.8933],[15.6674,46.8906],[15.6635,46.8872],[15.6666,46.8858],[15.68,46.8886],[15.6794,46.8859],[15.684,46.8833],[15.6742,46.8759],[15.6732,46.8687],[15.6772,46.8609],[15.6857,46.8628],[15.6922,46.8602],[15.6889,46.8321],[15.6853,46.8319],[15.6816,46.8217],[15.6825,46.814],[15.6773,46.8108],[15.6825,46.8057],[15.6872,46.7831],[15.7152,46.783],[15.7274,46.7731],[15.7328,46.7783],[15.743,46.78],[15.7508,46.7645],[15.7488,46.7565],[15.7411,46.7586],[15.7368,46.7542],[15.7441,46.7463],[15.7397,46.7405],[15.7195,46.749],[15.7001,46.7447],[15.7086,46.7372],[15.7173,46.7343],[15.7179,46.7233],[15.7307,46.7237],[15.7307,46.7197],[15.736,46.7192],[15.7424,46.7195],[15.7443,46.7225],[15.7536,46.7164],[15.7421,46.7172],[15.7415,46.712],[15.7467,46.7065],[15.7567,46.7065],[15.759,46.7024],[15.749,46.7018],[15.7524,46.698],[15.7402,46.7],[15.7216,46.6958],[15.6962,46.6987],[15.6753,46.7069],[15.65,46.7058],[15.6541,46.6994],[15.6537,46.6921],[15.6385,46.6913],[15.6322,46.6847],[15.634,46.6812],[15.63,46.68],[15.6199,46.6798],[15.6132,46.6834],[15.6054,46.6811],[15.6051,46.6867],[15.6086,46.6877],[15.595,46.69],[15.59,46.6833],[15.5776,46.6832],[15.5781,46.6809],[15.5681,46.6803],[15.5675,46.6754],[15.5592,46.6711],[15.5509,46.6726],[15.5437,46.6693],[15.5535,46.6511],[15.5515,46.6477],[15.5439,46.6461],[15.5511,46.6402],[15.5425,46.63],[15.5406,46.6339],[15.5371,46.6339],[15.5201,46.6215],[15.5118,46.6218],[15.5105,46.6159],[15.5023,46.6139],[15.4996,46.6182],[15.4882,46.6207],[15.4748,46.612],[15.4621,46.6153],[15.4637,46.623],[15.4551,46.63],[15.4569,46.639],[15.4496,46.6423],[15.4394,46.6399],[15.4302,46.6467],[15.4217,46.6472],[15.4233,46.6527],[15.4204,46.6549],[15.3723,46.6497],[15.3557,46.6514],[15.3535,46.655],[15.3442,46.6508],[15.328,46.6532],[15.3217,46.648],[15.3159,46.6489],[15.308,46.6524],[15.3093,46.6566],[15.3175,46.6604],[15.318,46.6676],[15.3144,46.6685],[15.3181,46.6704],[15.3062,46.6759]]]]},"geometry_name":"geom","properties":{"g_id":"610","g_name":"Leibnitz"},"bbox":[15.3062,46.612,15.759,47.0205]},{"type":"Feature","id":"STATISTIK_AUSTRIA_POLBEZ_20250101.611","geometry":{"type":"MultiPolygon","coordinates":[[[[14.6012,47.4012],[14.6052,47.413],[14.6032,47.4326],[14.6164,47.4428],[14.6304,47.4441],[14.6302,47.4494],[14.6349,47.4506],[14.6339,47.4575],[14.6403,47.4744],[14.6358,47.4823],[14.6347,47.4938],[14.6511,47.4983],[14.6662,47.4966],[14.667,47.5008],[14.6737,47.5045],[14.6751,47.5115],[14.6838,47.518],[14.6831,47.5259],[14.6874,47.5303],[14.694,47.5358],[14.7079,47.5386],[14.735,47.5648],[14.7628,47.5817],[14.761,47.585],[14.7775,47.579],[14.7984,47.5581],[14.8127,47.5506],[14.8163,47.5577],[14.8149,47.57],[14.828,47.5788],[14.824,47.583],[14.8318,47.5908],[14.8447,47.5941],[14.861,47.592],[14.874,47.5992],[14.9107,47.6046],[14.9138,47.6145],[14.9363,47.6103],[14.9619,47.6111],[14.9625,47.6074],[14.954,47.5989],[14.9409,47.5978],[14.9341,47.6015],[14.9317,47.591],[14.9402,47.5866],[14.9387,47.5773],[14.946,47.5679],[14.9547,47.5624],[14.9711,47.5685],[14.9716,47.5644],[14.9834,47.5516],[14.9776,47.542],[14.9843,47.5361],[15.0112,47.5333],[15.0199,47.5295],[15.0274,47.5321],[15.0393,47.5264],[15.0382,47.5146],[15.0452,47.5087],[15.0558,47.472],[15.0775,47.4613],[15.0763,47.4581],[15.0932,47.4426],[15.1103,47.4387],[15.1309,47.4473],[15.1408,47.4483],[15.1609,47.443],[15.1534,47.4416],[15.1517,47.4304],[15.1677,47.4247],[15.1758,47.4127],[15.1743,47.4055],[15.1836,47.402],[15.1917,47.4038],[15.1973,47.3991],[15.1983,47.3952],[15.1919,47.3888],[15.1909,47.3796],[15.1957,47.3738],[15.1968,47.3641],[15.206,47.3555],[15.2078,47.3488],[15.2178,47.3368],[15.2313,47.3373],[15.2323,47.3346],[15.2085,47.3283],[15.1962,47.321],[15.1956,47.3143],[15.1894,47.3091],[15.1915,47.3059],[15.1878,47.3038],[15.1873,47.2982],[15.1804,47.2974],[15.1745,47.2913],[15.1531,47.2804],[15.1262,47.2752],[15.1161,47.2649],[15.0978,47.2617],[15.0833,47.2424],[15.0755,47.2386],[15.066,47.2411],[15.0607,47.2312],[15.0484,47.227],[15.0409,47.2292],[15.0363,47.2383],[15.0304,47.24],[15.0303,47.2448],[15.0215,47.2439],[15.0162,47.2543],[15.0047,47.2617],[15.004,47.2692],[14.9942,47.2723],[14.9838,47.2822],[14.9776,47.2833],[14.969,47.2785],[14.9436,47.3003],[14.9442,47.2878],[14.9408,47.2833],[14.9338,47.282],[14.9369,47.2848],[14.9311,47.288],[14.9185,47.2864],[14.905,47.297],[14.9038,47.2999],[14.9064,47.2999],[14.9009,47.3114],[14.8955,47.3156],[14.8981,47.3198],[14.8787,47.3256],[14.8779,47.3319],[14.8726,47.3333],[14.8638,47.3509],[14.8567,47.3468],[14.8322,47.3511],[14.8198,47.3573],[14.8096,47.3549],[14.8006,47.3591],[14.7971,47.3653],[14.7857,47.3686],[14.7777,47.3631],[14.7773,47.3584],[14.761,47.3568],[14.7514,47.3492],[14.7532,47.3434],[14.7292,47.3396],[14.721,47.3475],[14.7007,47.3523],[14.7005,47.3559],[14.6772,47.3681],[14.6658,47.3682],[14.6504,47.3773],[14.6325,47.3744],[14.6137,47.3786],[14.6135,47.3877],[14.6097,47.3931],[14.6026,47.3946],[14.6012,47.4012]]]]},"geometry_name":"geom","properties":{"g_id":"611","g_name":"Leoben"},"bbox":[14.6012,47.227,15.2323,47.6145]},{"type":"Feature","id":"STATISTIK_AUSTRIA_POLBEZ_20250101.612","geometry":{"type":"MultiPolygon","coordinates":[[[[13.5633,47.4205],[13.5737,47.4267],[13.5785,47.4416],[13.5927,47.4606],[13.5911,47.4713],[13.5882,47.4701],[13.5857,47.4748],[13.61,47.4751],[13.6304,47.4664],[13.6677,47.4627],[13.7226,47.4621],[13.7173,47.4737],[13.7195,47.4804],[13.7288,47.4903],[13.7491,47.5016],[13.7607,47.5203],[13.752,47.5263],[13.7463,47.5417],[13.757,47.5448],[13.7561,47.5518],[13.7355,47.577],[13.7132,47.5753],[13.7129,47.5796],[13.6944,47.5795],[13.6917,47.5887],[13.6995,47.5991],[13.6942,47.6221],[13.6956,47.6328],[13.7046,47.6453],[13.7088,47.6577],[13.7067,47.6648],[13.737,47.6741],[13.7342,47.685],[13.7496,47.6874],[13.7546,47.6992],[13.7671,47.706],[13.7786,47.7185],[13.793,47.7124],[13.8402,47.7187],[13.8509,47.7144],[13.8623,47.726],[13.8603,47.7272],[13.8682,47.7235],[13.8764,47.7261],[13.8784,47.7215],[13.9034,47.7176],[13.9069,47.7111],[13.92,47.7051],[13.9352,47.7097],[13.9517,47.7097],[13.9832,47.6973],[14.0017,47.703],[14.0106,47.7009],[14.0198,47.6908],[14.0554,47.6679],[14.0463,47.6264],[14.0544,47.6252],[14.0508,47.6172],[14.0647,47.6159],[14.0931,47.6195],[14.0955,47.6232],[14.1106,47.6273],[14.1327,47.6298],[14.1451,47.6369],[14.16,47.6366],[14.1688,47.6399],[14.1776,47.6379],[14.2061,47.6525],[14.2326,47.6506],[14.2231,47.6421],[14.2346,47.6279],[14.2502,47.6192],[14.2553,47.6128],[14.2644,47.6105],[14.282,47.6145],[14.2949,47.6082],[14.3028,47.6096],[14.3126,47.6064],[14.3264,47.6076],[14.3345,47.6184],[14.3596,47.6286],[14.3721,47.6293],[14.395,47.6378],[14.3926,47.6484],[14.3975,47.6527],[14.4209,47.6566],[14.4234,47.6529],[14.4367,47.6526],[14.4473,47.6567],[14.4493,47.6638],[14.4713,47.6693],[14.4824,47.6801],[14.4887,47.6821],[14.5025,47.6782],[14.5172,47.6818],[14.5278,47.6955],[14.5211,47.7039],[14.5318,47.7137],[14.5535,47.7197],[14.5711,47.7163],[14.5868,47.7182],[14.6034,47.7297],[14.6176,47.7307],[14.6274,47.7297],[14.6313,47.7261],[14.6352,47.7283],[14.648,47.7258],[14.6471,47.7302],[14.6523,47.7384],[14.6712,47.7415],[14.697,47.7658],[14.7338,47.7516],[14.7385,47.7487],[14.7361,47.7449],[14.7404,47.7413],[14.7592,47.7343],[14.767,47.7263],[14.7991,47.7381],[14.8094,47.7371],[14.8183,47.7442],[14.8329,47.7437],[14.8309,47.7389],[14.84,47.734],[14.8606,47.7414],[14.8765,47.7263],[14.8766,47.716],[14.9128,47.709],[14.9278,47.7106],[14.9314,47.7173],[14.952,47.7329],[14.9676,47.7372],[14.9728,47.7436],[14.9864,47.7401],[14.9972,47.7414],[15.0293,47.7526],[15.0347,47.7527],[15.0584,47.7403],[15.1383,47.7425],[15.1391,47.7342],[15.1235,47.731],[15.1101,47.7225],[15.0989,47.7199],[15.0825,47.7028],[15.0847,47.6982],[15.0798,47.6976],[15.082,47.6963],[15.0773,47.6931],[15.0746,47.6856],[15.0824,47.6736],[15.0827,47.6641],[15.0747,47.6612],[15.0673,47.6514],[15.0685,47.6462],[15.0733,47.6433],[15.0741,47.6333],[15.0663,47.6261],[15.0704,47.6189],[15.0652,47.6102],[15.0513,47.6057],[15.0281,47.606],[15.0114,47.6021],[14.998,47.6037],[14.9618,47.597],[14.954,47.5989],[14.9625,47.6074],[14.9619,47.6111],[14.9363,47.6103],[14.9138,47.6145],[14.9107,47.6046],[14.874,47.5992],[14.861,47.592],[14.8447,47.5941],[14.8318,47.5908],[14.824,47.583],[14.828,47.5788],[14.8149,47.57],[14.8163,47.5577],[14.8127,47.5506],[14.7984,47.5581],[14.7775,47.579],[14.761,47.585],[14.7628,47.5817],[14.735,47.5648],[14.7079,47.5386],[14.694,47.5358],[14.6874,47.5303],[14.6831,47.5259],[14.6838,47.518],[14.6751,47.5115],[14.6737,47.5045],[14.667,47.5008],[14.6662,47.4966],[14.6511,47.4983],[14.6347,47.4938],[14.6358,47.4823],[14.6403,47.4744],[14.6339,47.4575],[14.6349,47.4506],[14.6302,47.4494],[14.6304,47.4441],[14.6135,47.4415],[14.6032,47.4326],[14.603,47.4268],[14.5722,47.4265],[14.5708,47.4388],[14.5549,47.4443],[14.5542,47.454],[14.5439,47.4535],[14.5144,47.4624],[14.5038,47.454],[14.4947,47.4577],[14.4909,47.4563],[14.4848,47.4643],[14.4762,47.4677],[14.4699,47.459],[14.4619,47.459],[14.4588,47.4628],[14.4261,47.4592],[14.4083,47.4515],[14.399,47.4555],[14.396,47.4486],[14.4037,47.4434],[14.3919,47.4356],[14.3846,47.4244],[14.3762,47.4201],[14.3519,47.4142],[14.3216,47.4002],[14.315,47.4021],[14.304,47.3987],[14.2996,47.3924],[14.2887,47.3886],[14.2875,47.3846],[14.239,47.3749],[14.2251,47.3583],[14.2287,47.3416],[14.2235,47.338],[14.2276,47.3291],[14.2255,47.3241],[14.2099,47.3174],[14.2006,47.3107],[14.1999,47.307],[14.1911,47.3039],[14.1703,47.3081],[14.1556,47.296],[14.1391,47.2968],[14.1286,47.2827],[14.1173,47.2767],[14.1123,47.2678],[14.1049,47.2674],[14.0984,47.2627],[14.0839,47.2712],[14.0609,47.2741],[14.0592,47.2799],[14.0473,47.2888],[14.0412,47.2871],[14.0371,47.2782],[14.0304,47.2738],[14.0164,47.2722],[14.0128,47.2622],[14.0036,47.267],[13.9742,47.2684],[13.9692,47.2711],[13.9543,47.265],[13.9572,47.2581],[13.9402,47.2543],[13.9305,47.2487],[13.9213,47.2515],[13.9193,47.249],[13.9092,47.2595],[13.882,47.2537],[13.8762,47.2564],[13.8642,47.2522],[13.8236,47.267],[13.8213,47.2702],[13.8272,47.2742],[13.8234,47.2782],[13.8271,47.283],[13.8232,47.2889],[13.8253,47.2932],[13.8172,47.2962],[13.8045,47.2927],[13.7976,47.2874],[13.7893,47.289],[13.7911,47.2814],[13.7839,47.2752],[13.7606,47.2663],[13.7477,47.2778],[13.7253,47.2783],[13.7139,47.2702],[13.7119,47.2595],[13.6958,47.2601],[13.6956,47.2651],[13.6748,47.2746],[13.6691,47.2719],[13.6514,47.2767],[13.6315,47.274],[13.622,47.2831],[13.6076,47.2835],[13.5977,47.2935],[13.6022,47.3014],[13.6028,47.3109],[13.5958,47.3127],[13.5955,47.3175],[13.6035,47.3301],[13.5895,47.359],[13.5856,47.3609],[13.5818,47.3822],[13.5721,47.3933],[13.5739,47.4058],[13.5645,47.4125],[13.5633,47.4205]]]]},"geometry_name":"geom","properties":{"g_id":"612","g_name":"Liezen"},"bbox":[13.5633,47.2487,15.1391,47.7658]},{"type":"Feature","id":"STATISTIK_AUSTRIA_POLBEZ_20250101.614","geometry":{"type":"MultiPolygon","coordinates":[[[[13.7835,46.9397],[13.7847,46.9439],[13.8012,46.9511],[13.8128,46.9517],[13.8171,46.9581],[13.8276,46.9617],[13.8318,46.9654],[13.8324,46.9737],[13.842,46.98],[13.845,46.9891],[13.8648,46.9963],[13.8639,47.02],[13.8819,47.0387],[13.8905,47.0539],[13.9038,47.0632],[13.9068,47.0701],[13.8894,47.0851],[13.8862,47.0914],[13.878,47.0947],[13.8784,47.1004],[13.8831,47.1049],[13.8812,47.108],[13.8924,47.1143],[13.8981,47.1137],[13.9091,47.1241],[13.9139,47.1238],[13.9384,47.1362],[13.9438,47.1366],[13.9539,47.1253],[13.9599,47.1237],[13.9726,47.127],[13.9873,47.1258],[13.9961,47.1328],[13.9917,47.1366],[13.9936,47.1421],[13.9679,47.1505],[13.9524,47.1643],[13.923,47.1718],[13.9173,47.1702],[13.9156,47.1796],[13.909,47.1856],[13.899,47.1826],[13.8942,47.1855],[13.9032,47.1947],[13.8825,47.2043],[13.8501,47.2296],[13.8681,47.241],[13.8642,47.2522],[13.8762,47.2564],[13.882,47.2537],[13.9092,47.2595],[13.9193,47.249],[13.9213,47.2515],[13.9305,47.2487],[13.9402,47.2543],[13.9572,47.2581],[13.9543,47.265],[13.9692,47.2711],[13.9742,47.2684],[14.0036,47.267],[14.0128,47.2622],[14.0164,47.2722],[14.0304,47.2738],[14.0371,47.2782],[14.0412,47.2871],[14.0473,47.2888],[14.0592,47.2799],[14.0609,47.2741],[14.0839,47.2712],[14.0984,47.2627],[14.1049,47.2674],[14.1123,47.2678],[14.118,47.2774],[14.1286,47.2827],[14.1359,47.2952],[14.1556,47.296],[14.1703,47.3081],[14.1906,47.3039],[14.1999,47.307],[14.2006,47.3107],[14.2099,47.3174],[14.2255,47.3241],[14.2274,47.3291],[14.2394,47.3295],[14.2567,47.3241],[14.2668,47.3171],[14.2743,47.2989],[14.2838,47.2973],[14.2941,47.2908],[14.3014,47.2921],[14.3127,47.28],[14.33,47.2704],[14.3464,47.2711],[14.3562,47.2751],[14.3754,47.2657],[14.3812,47.2472],[14.3801,47.2425],[14.3852,47.2385],[14.3844,47.2343],[14.3921,47.2326],[14.3935,47.2293],[14.3896,47.2289],[14.3862,47.2168],[14.3759,47.2082],[14.3816,47.2048],[14.3812,47.1978],[14.3908,47.1941],[14.3864,47.1912],[14.3988,47.1847],[14.4074,47.1741],[14.4106,47.1751],[14.4086,47.1799],[14.4174,47.1819],[14.422,47.1805],[14.4185,47.1748],[14.424,47.1686],[14.4415,47.163],[14.4547,47.1669],[14.4651,47.1654],[14.4734,47.1706],[14.5135,47.1594],[14.5156,47.1545],[14.5117,47.1442],[14.5158,47.1385],[14.5324,47.1316],[14.5457,47.1216],[14.5469,47.1138],[14.5415,47.1127],[14.5401,47.1083],[14.5497,47.0938],[14.5514,47.087],[14.5475,47.0816],[14.5486,47.0766],[14.56,47.0718],[14.5604,47.0679],[14.5689,47.0615],[14.5721,47.0567],[14.5707,47.0508],[14.5798,47.0456],[14.5772,47.0416],[14.5841,47.0286],[14.59,47.0239],[14.5859,47.0117],[14.5455,47.0133],[14.5156,47.0087],[14.5163,47.0135],[14.5033,47.0188],[14.5057,47.0282],[14.4779,47.0194],[14.4719,47.0077],[14.4711,47.0109],[14.4627,47.0101],[14.4586,47.0143],[14.4599,47.0018],[14.4567,46.9959],[14.4488,46.9945],[14.4475,46.9983],[14.4365,46.9966],[14.4302,47.0005],[14.4309,46.997],[14.4058,46.9895],[14.3957,46.9804],[14.3859,46.98],[14.3816,46.9901],[14.3768,46.9935],[14.3797,47.0036],[14.3771,47.0083],[14.3828,47.014],[14.3657,47.0247],[14.3459,47.026],[14.3404,47.0238],[14.3285,47.0298],[14.2898,47.0257],[14.2855,47.0286],[14.2777,47.0261],[14.2706,47.0294],[14.2648,47.0259],[14.2502,47.0347],[14.235,47.0258],[14.2245,47.0354],[14.2223,47.0502],[14.2155,47.0587],[14.2165,47.0617],[14.2042,47.0714],[14.2031,47.0772],[14.1743,47.0623],[14.1625,47.0524],[14.1335,47.0623],[14.1285,47.0609],[14.1235,47.0558],[14.1257,47.0454],[14.1235,47.0422],[14.1018,47.0381],[14.1016,47.035],[14.0817,47.0246],[14.072,47.0124],[14.0644,47.0087],[14.049,47.004],[14.0292,47.007],[14.0125,47.0039],[14.0164,46.9876],[14.0057,46.9785],[14.0093,46.9749],[14.0061,46.9705],[13.9655,46.9634],[13.9549,46.9563],[13.9498,46.9582],[13.9517,46.9426],[13.9417,46.9414],[13.9344,46.9456],[13.9187,46.9398],[13.9118,46.9332],[13.8998,46.9337],[13.897,46.9274],[13.8841,46.9225],[13.8809,46.917],[13.8664,46.9202],[13.8561,46.9173],[13.8483,46.9093],[13.8427,46.9139],[13.8288,46.9132],[13.8154,46.9185],[13.8103,46.9255],[13.7835,46.9397]]]]},"geometry_name":"geom","properties":{"g_id":"614","g_name":"Murau"},"bbox":[13.7835,46.9093,14.59,47.3295]},{"type":"Feature","id":"STATISTIK_AUSTRIA_POLBEZ_20250101.616","geometry":{"type":"MultiPolygon","coordinates":[[[[14.8401,47.0423],[14.8445,47.0481],[14.8617,47.0444],[14.8614,47.0512],[14.8504,47.0554],[14.8643,47.0556],[14.8665,47.0644],[14.8833,47.0842],[14.8938,47.0814],[14.9009,47.0751],[14.9153,47.0736],[14.9173,47.0824],[14.9217,47.0845],[14.9178,47.0894],[14.9164,47.1121],[14.9249,47.1161],[14.9302,47.1144],[14.9299,47.1222],[14.9445,47.1309],[14.9446,47.1367],[14.9405,47.1422],[14.9447,47.1483],[14.9443,47.1542],[14.9534,47.1553],[14.9708,47.1703],[14.9775,47.1716],[14.9947,47.1904],[15.0081,47.1948],[15.0156,47.1926],[15.0296,47.1959],[15.0303,47.2014],[15.0418,47.2038],[15.0471,47.2097],[15.0534,47.2114],[15.0677,47.2098],[15.0786,47.2135],[15.1076,47.2107],[15.1121,47.2071],[15.1346,47.2111],[15.1426,47.2073],[15.1468,47.2014],[15.1617,47.2028],[15.1616,47.1945],[15.1756,47.1845],[15.185,47.1682],[15.1757,47.1623],[15.1825,47.1522],[15.1714,47.1404],[15.1731,47.1322],[15.1826,47.1278],[15.1874,47.1183],[15.2034,47.105],[15.2029,47.1021],[15.2093,47.098],[15.2074,47.0952],[15.2104,47.089],[15.2175,47.0841],[15.229,47.0867],[15.2366,47.0799],[15.2449,47.0799],[15.2557,47.0679],[15.2536,47.0656],[15.2597,47.0631],[15.2533,47.0555],[15.2587,47.0532],[15.2528,47.0371],[15.259,47.0385],[15.2626,47.0449],[15.265,47.0353],[15.2595,47.0267],[15.2671,47.0213],[15.2651,47.0166],[15.2723,47.0152],[15.2749,47.0095],[15.2832,47.008],[15.2963,47.018],[15.298,47.0078],[15.3077,47.0046],[15.3015,47.0016],[15.3064,47.002],[15.31,46.9991],[15.3083,46.9948],[15.3122,46.9935],[15.302,46.9897],[15.3039,46.9862],[15.2981,46.9824],[15.2987,46.9797],[15.3138,46.9726],[15.3082,46.9628],[15.3003,46.9575],[15.3028,46.9518],[15.294,46.9485],[15.2877,46.9565],[15.2647,46.9608],[15.2519,46.9693],[15.2429,46.9639],[15.2058,46.9626],[15.1807,46.9557],[15.1791,46.9517],[15.1734,46.95],[15.1318,46.9618],[15.1223,46.9506],[15.1227,46.9437],[15.1154,46.9334],[15.116,46.9279],[15.1086,46.9271],[15.0933,46.9186],[15.0672,46.9149],[15.0515,46.9163],[15.027,46.9097],[15.0174,46.9225],[15.0063,46.9301],[14.9969,46.931],[14.9988,46.9324],[14.9923,46.9386],[14.9941,46.9408],[14.9857,46.9532],[14.9797,46.9577],[14.9791,46.9636],[14.9727,46.9685],[14.9668,46.982],[14.9583,46.9888],[14.9493,46.993],[14.9039,47.0003],[14.8874,47.0094],[14.8732,47.0225],[14.8562,47.0253],[14.8404,47.0384],[14.8401,47.0423]]]]},"geometry_name":"geom","properties":{"g_id":"616","g_name":"Voitsberg"},"bbox":[14.8401,46.9095,15.3138,47.2135]},{"type":"Feature","id":"STATISTIK_AUSTRIA_POLBEZ_20250101.617","geometry":{"type":"MultiPolygon","coordinates":[[[[15.3915,47.3255],[15.4218,47.3446],[15.4192,47.3511],[15.4256,47.3633],[15.4421,47.3658],[15.4518,47.3596],[15.4612,47.3581],[15.4766,47.3619],[15.4815,47.3581],[15.5154,47.3577],[15.5316,47.3626],[15.5372,47.3725],[15.5313,47.3916],[15.5368,47.4025],[15.5698,47.4068],[15.5824,47.4132],[15.5795,47.4219],[15.5878,47.4278],[15.5835,47.445],[15.5936,47.4578],[15.6072,47.4661],[15.6058,47.4704],[15.597,47.4735],[15.6298,47.4861],[15.6455,47.4833],[15.6432,47.4873],[15.6497,47.4921],[15.6462,47.4986],[15.6496,47.5048],[15.6808,47.5183],[15.6972,47.5199],[15.7137,47.5294],[15.7173,47.5352],[15.7355,47.5416],[15.7498,47.5539],[15.7639,47.5584],[15.7678,47.563],[15.7854,47.5663],[15.7906,47.574],[15.8014,47.5764],[15.8258,47.5621],[15.8415,47.5639],[15.8466,47.5679],[15.8642,47.5658],[15.8743,47.5733],[15.8886,47.571],[15.9054,47.5611],[15.9023,47.5463],[15.9139,47.5304],[15.8917,47.5069],[15.8826,47.5042],[15.8666,47.505],[15.8447,47.4962],[15.8282,47.5027],[15.8109,47.5014],[15.8092,47.5047],[15.8004,47.5046],[15.8014,47.5006],[15.7984,47.4982],[15.7892,47.4978],[15.7853,47.5023],[15.7791,47.5033],[15.7754,47.5096],[15.7696,47.5097],[15.7686,47.505],[15.7553,47.5034],[15.7516,47.4962],[15.7432,47.4942],[15.7304,47.4846],[15.7228,47.4847],[15.7104,47.4736],[15.7156,47.4712],[15.7149,47.4673],[15.7187,47.4677],[15.7263,47.4615],[15.7484,47.4597],[15.7516,47.4435],[15.7557,47.4381],[15.7507,47.4233],[15.7734,47.4077],[15.7737,47.3945],[15.8005,47.373],[15.7847,47.3663],[15.7734,47.3563],[15.7434,47.3513],[15.7495,47.3439],[15.7385,47.3314],[15.7344,47.3191],[15.7342,47.3098],[15.7388,47.3039],[15.7364,47.302],[15.7573,47.2923],[15.7593,47.2872],[15.7566,47.2847],[15.7571,47.2692],[15.76,47.2603],[15.7652,47.2545],[15.7749,47.2506],[15.7747,47.2428],[15.7645,47.2439],[15.7599,47.2411],[15.7693,47.2395],[15.77,47.236],[15.7587,47.2249],[15.7763,47.2144],[15.7764,47.2098],[15.7816,47.2109],[15.7829,47.2071],[15.7948,47.2065],[15.8229,47.1792],[15.8391,47.1852],[15.8434,47.1792],[15.8566,47.1752],[15.8606,47.1617],[15.8727,47.1562],[15.873,47.1501],[15.8693,47.1482],[15.8893,47.1314],[15.8937,47.1188],[15.8985,47.1178],[15.8998,47.1094],[15.9049,47.1043],[15.9021,47.099],[15.9046,47.0983],[15.9036,47.0934],[15.8956,47.0906],[15.8679,47.1196],[15.8537,47.1255],[15.8553,47.1171],[15.8651,47.1047],[15.8613,47.1007],[15.8675,47.096],[15.8607,47.0895],[15.8483,47.0913],[15.8394,47.0788],[15.8499,47.0741],[15.8498,47.0683],[15.8694,47.0676],[15.8789,47.059],[15.8776,47.0408],[15.8665,47.0288],[15.8507,47.028],[15.8457,47.0245],[15.847,47.021],[15.8406,47.0212],[15.8395,47.0286],[15.8336,47.0284],[15.8208,47.0354],[15.8195,47.0402],[15.824,47.0406],[15.8232,47.0429],[15.8176,47.0454],[15.8141,47.0418],[15.8064,47.0454],[15.8023,47.0431],[15.7953,47.047],[15.7791,47.0314],[15.7748,47.0229],[15.7763,47.0205],[15.7678,47.0202],[15.7626,47.014],[15.7457,47.0149],[15.7232,47.0253],[15.6946,47.0247],[15.6846,47.0302],[15.6883,47.0473],[15.6771,47.0582],[15.6718,47.0548],[15.6629,47.0612],[15.6564,47.0593],[15.649,47.0634],[15.652,47.0685],[15.64,47.0662],[15.6316,47.0729],[15.6363,47.0789],[15.6316,47.081],[15.6354,47.0842],[15.6323,47.0934],[15.6449,47.0987],[15.6476,47.1019],[15.6454,47.1034],[15.6486,47.1048],[15.6296,47.1149],[15.6426,47.1129],[15.6539,47.1054],[15.6562,47.1108],[15.6544,47.1174],[15.6583,47.1244],[15.6409,47.1287],[15.6221,47.1439],[15.6073,47.1503],[15.5937,47.1625],[15.5835,47.167],[15.5905,47.1745],[15.5858,47.1859],[15.5901,47.1888],[15.5879,47.1903],[15.582,47.1899],[15.5799,47.1832],[15.5709,47.1866],[15.5671,47.1957],[15.5285,47.2006],[15.5174,47.1972],[15.5144,47.195],[15.5153,47.1904],[15.5094,47.1895],[15.5045,47.1965],[15.4913,47.1992],[15.4871,47.2062],[15.485,47.2042],[15.4711,47.21],[15.4678,47.2097],[15.4675,47.2066],[15.4717,47.2009],[15.4653,47.1986],[15.4421,47.2225],[15.4393,47.2294],[15.4409,47.2391],[15.4365,47.2503],[15.4663,47.2616],[15.4585,47.2648],[15.44,47.2611],[15.4412,47.2648],[15.4386,47.2664],[15.4188,47.2719],[15.4075,47.3006],[15.3984,47.3064],[15.3981,47.3196],[15.3915,47.3255]]]]},"geometry_name":"geom","properties":{"g_id":"617","g_name":"Weiz"},"bbox":[15.3915,47.014,15.9139,47.5764]},{"type":"Feature","id":"STATISTIK_AUSTRIA_POLBEZ_20250101.620","geometry":{"type":"MultiPolygon","coordinates":[[[[14.2235,47.338],[14.2287,47.3416],[14.2251,47.3583],[14.239,47.3749],[14.2875,47.3846],[14.2887,47.3886],[14.2996,47.3924],[14.304,47.3987],[14.315,47.4021],[14.3216,47.4002],[14.3519,47.4142],[14.3762,47.4201],[14.3846,47.4244],[14.3919,47.4356],[14.4037,47.4434],[14.396,47.4486],[14.399,47.4555],[14.4083,47.4515],[14.4261,47.4592],[14.4588,47.4628],[14.4619,47.459],[14.4699,47.459],[14.4762,47.4677],[14.4848,47.4643],[14.4909,47.4563],[14.4947,47.4577],[14.5038,47.454],[14.5144,47.4624],[14.5439,47.4535],[14.5542,47.454],[14.5549,47.4443],[14.5708,47.4388],[14.5722,47.4265],[14.6033,47.4265],[14.6052,47.413],[14.6012,47.4012],[14.6026,47.3946],[14.6114,47.3908],[14.6147,47.3851],[14.6137,47.3786],[14.6325,47.3744],[14.6504,47.3773],[14.6658,47.3682],[14.6772,47.3681],[14.7005,47.3559],[14.7007,47.3523],[14.721,47.3475],[14.7292,47.3396],[14.7532,47.3434],[14.7514,47.3492],[14.761,47.3568],[14.7773,47.3584],[14.7777,47.3631],[14.7857,47.3686],[14.7971,47.3653],[14.8006,47.3591],[14.8096,47.3549],[14.8198,47.3573],[14.8322,47.3511],[14.8567,47.3468],[14.8638,47.3509],[14.8726,47.3333],[14.8779,47.3319],[14.8787,47.3256],[14.8981,47.3198],[14.8955,47.3156],[14.9009,47.3114],[14.9064,47.2999],[14.9038,47.2999],[14.905,47.297],[14.9185,47.2864],[14.9311,47.288],[14.9369,47.2848],[14.9338,47.282],[14.9408,47.2833],[14.9442,47.2878],[14.9436,47.3003],[14.969,47.2785],[14.9776,47.2833],[14.9875,47.2804],[14.9942,47.2723],[15.004,47.2692],[15.0047,47.2617],[15.0162,47.2543],[15.0215,47.2439],[15.0303,47.2448],[15.0304,47.24],[15.0363,47.2383],[15.0409,47.2292],[15.0484,47.227],[15.0528,47.2113],[15.0418,47.2038],[15.0303,47.2014],[15.0296,47.1959],[15.0156,47.1926],[15.0081,47.1948],[14.9947,47.1904],[14.9775,47.1716],[14.9708,47.1703],[14.9534,47.1553],[14.9444,47.1543],[14.9447,47.1483],[14.9405,47.1422],[14.9446,47.1367],[14.9445,47.1309],[14.9299,47.1222],[14.9302,47.1144],[14.9249,47.1161],[14.9164,47.1121],[14.9178,47.0894],[14.9217,47.0847],[14.9173,47.0824],[14.9177,47.0766],[14.9135,47.0724],[14.9009,47.0751],[14.8938,47.0814],[14.8833,47.0842],[14.8665,47.0644],[14.8643,47.0556],[14.8504,47.0554],[14.8614,47.0512],[14.8617,47.0444],[14.8305,47.0496],[14.8148,47.041],[14.7953,47.0365],[14.7717,47.0396],[14.7322,47.0268],[14.7269,47.0224],[14.7291,47.016],[14.7226,47.0206],[14.7161,47.0182],[14.704,47.0199],[14.6987,47.0163],[14.69,47.0189],[14.6647,47.0183],[14.6501,47.0141],[14.6277,47.0136],[14.6153,46.9979],[14.6098,46.9986],[14.5899,47.004],[14.5856,47.0165],[14.59,47.0239],[14.5841,47.0286],[14.5772,47.0416],[14.5798,47.0456],[14.5707,47.0508],[14.5721,47.0567],[14.5604,47.0679],[14.56,47.0718],[14.5486,47.0766],[14.5475,47.0816],[14.5514,47.087],[14.5497,47.0938],[14.5401,47.1083],[14.5415,47.1127],[14.5469,47.1138],[14.5457,47.1216],[14.5324,47.1316],[14.5158,47.1385],[14.5117,47.1442],[14.5156,47.1545],[14.5135,47.1594],[14.4734,47.1706],[14.4651,47.1654],[14.4547,47.1669],[14.4415,47.163],[14.424,47.1686],[14.4185,47.1748],[14.422,47.1805],[14.4174,47.1819],[14.4086,47.1799],[14.4106,47.1751],[14.4074,47.1741],[14.3988,47.1847],[14.3864,47.1912],[14.3908,47.1941],[14.3812,47.1978],[14.3816,47.2048],[14.3759,47.2082],[14.3862,47.2168],[14.3896,47.2289],[14.3935,47.2293],[14.3921,47.2326],[14.3844,47.2343],[14.3852,47.2385],[14.3801,47.2425],[14.3812,47.2472],[14.3754,47.2657],[14.3562,47.2751],[14.3385,47.2697],[14.3281,47.2713],[14.3127,47.28],[14.3014,47.2921],[14.2941,47.2908],[14.2838,47.2973],[14.2743,47.2989],[14.2649,47.3192],[14.2394,47.3295],[14.2276,47.3291],[14.2235,47.338]]]]},"geometry_name":"geom","properties":{"g_id":"620","g_name":"Murtal"},"bbox":[14.2235,46.9979,15.0528,47.4677]},{"type":"Feature","id":"STATISTIK_AUSTRIA_POLBEZ_20250101.621","geometry":{"type":"MultiPolygon","coordinates":[[[[14.9315,47.5923],[14.9341,47.6015],[14.9409,47.5978],[14.9618,47.597],[14.998,47.6037],[15.0114,47.6021],[15.0281,47.606],[15.0513,47.6057],[15.0652,47.6102],[15.0704,47.6189],[15.0663,47.6261],[15.0741,47.6333],[15.0733,47.6433],[15.0685,47.6462],[15.0673,47.6514],[15.0747,47.6612],[15.0827,47.6641],[15.0824,47.6736],[15.0746,47.6856],[15.0773,47.6931],[15.082,47.6963],[15.0798,47.6976],[15.0847,47.6982],[15.0825,47.7028],[15.0989,47.7199],[15.1101,47.7225],[15.1235,47.731],[15.1391,47.7342],[15.1382,47.7429],[15.0893,47.7416],[15.13,47.7471],[15.1323,47.7488],[15.1301,47.753],[15.1394,47.7614],[15.1448,47.7573],[15.159,47.7584],[15.1685,47.7537],[15.1833,47.7567],[15.2006,47.7538],[15.2105,47.7644],[15.2078,47.7672],[15.2101,47.7689],[15.2023,47.7705],[15.2008,47.775],[15.2065,47.7777],[15.2081,47.7878],[15.215,47.7905],[15.2173,47.796],[15.2343,47.7988],[15.2575,47.7921],[15.2872,47.7902],[15.2908,47.7933],[15.2911,47.799],[15.2952,47.8005],[15.2926,47.8096],[15.2984,47.8206],[15.3166,47.823],[15.3236,47.8209],[15.3379,47.8279],[15.3607,47.8238],[15.3749,47.8254],[15.3906,47.8167],[15.3912,47.8129],[15.4061,47.8128],[15.4031,47.8004],[15.4104,47.7848],[15.4224,47.785],[15.4334,47.7916],[15.4387,47.7908],[15.45,47.7727],[15.5104,47.7666],[15.5167,47.7618],[15.5143,47.7554],[15.5085,47.753],[15.5138,47.7465],[15.5517,47.7495],[15.5613,47.7455],[15.5698,47.7494],[15.608,47.7521],[15.6156,47.7468],[15.619,47.7374],[15.6268,47.7311],[15.636,47.7154],[15.6518,47.7176],[15.6703,47.71],[15.6787,47.699],[15.6915,47.7052],[15.6967,47.7129],[15.716,47.7124],[15.7193,47.7087],[15.7144,47.6966],[15.7191,47.6913],[15.7177,47.6846],[15.7287,47.6642],[15.725,47.6467],[15.7441,47.641],[15.7409,47.6333],[15.7631,47.635],[15.7801,47.6426],[15.7824,47.639],[15.7894,47.6399],[15.8051,47.6351],[15.8218,47.638],[15.8296,47.6328],[15.8352,47.621],[15.8446,47.6171],[15.8567,47.6208],[15.8623,47.6138],[15.8564,47.6028],[15.848,47.5968],[15.8489,47.5906],[15.8445,47.5863],[15.8471,47.5682],[15.8415,47.5639],[15.8258,47.5621],[15.8014,47.5764],[15.7906,47.574],[15.7854,47.5663],[15.7678,47.563],[15.7639,47.5584],[15.7498,47.5539],[15.7355,47.5416],[15.7173,47.5352],[15.7137,47.5294],[15.6972,47.5199],[15.6808,47.5183],[15.6496,47.5048],[15.6462,47.4986],[15.6497,47.4921],[15.6432,47.4873],[15.6455,47.4833],[15.6298,47.4861],[15.603,47.4779],[15.5969,47.4734],[15.6058,47.4704],[15.6072,47.4661],[15.5936,47.4578],[15.5835,47.445],[15.5878,47.4278],[15.5795,47.4219],[15.5809,47.4116],[15.5633,47.4053],[15.5368,47.4025],[15.5313,47.3916],[15.5372,47.3725],[15.5316,47.3626],[15.5154,47.3577],[15.4815,47.3581],[15.4766,47.3619],[15.4612,47.3581],[15.4518,47.3596],[15.4421,47.3658],[15.4253,47.3632],[15.4192,47.3511],[15.4218,47.3446],[15.4,47.3285],[15.3919,47.3268],[15.3981,47.3196],[15.3967,47.3122],[15.3914,47.3078],[15.3768,47.3122],[15.3691,47.3196],[15.3363,47.3122],[15.3177,47.3228],[15.3155,47.3288],[15.3088,47.3328],[15.2815,47.343],[15.2656,47.3396],[15.2429,47.3433],[15.2322,47.3375],[15.2178,47.3368],[15.2078,47.3488],[15.206,47.3555],[15.1995,47.3594],[15.1957,47.3738],[15.1913,47.3783],[15.1919,47.3888],[15.1983,47.3952],[15.1973,47.3991],[15.1917,47.4038],[15.1836,47.402],[15.1743,47.4055],[15.1758,47.4127],[15.1677,47.4247],[15.1517,47.4304],[15.1534,47.4416],[15.1609,47.443],[15.1408,47.4483],[15.1309,47.4473],[15.1103,47.4387],[15.0932,47.4426],[15.0763,47.4581],[15.0775,47.4613],[15.0558,47.472],[15.0452,47.5087],[15.0382,47.5146],[15.0393,47.5264],[15.0274,47.5321],[15.0199,47.5295],[15.0112,47.5333],[14.9833,47.5366],[14.9776,47.542],[14.9834,47.5516],[14.9716,47.5644],[14.9711,47.5685],[14.9529,47.5627],[14.9387,47.5773],[14.9391,47.5883],[14.9315,47.5923]]]]},"geometry_name":"geom","properties":{"g_id":"621","g_name":"Bruck-Mürzzuschlag"},"bbox":[14.9315,47.3078,15.8623,47.8279]},{"type":"Feature","id":"STATISTIK_AUSTRIA_POLBEZ_20250101.622","geometry":{"type":"MultiPolygon","coordinates":[[[[15.7104,47.4732],[15.7228,47.4847],[15.7304,47.4846],[15.7432,47.4942],[15.7516,47.4962],[15.7553,47.5034],[15.7686,47.505],[15.7696,47.5097],[15.7754,47.5096],[15.7791,47.5033],[15.7853,47.5023],[15.7892,47.4978],[15.7984,47.4982],[15.8014,47.5006],[15.8004,47.5046],[15.8053,47.5048],[15.8109,47.5014],[15.8206,47.5038],[15.8447,47.4962],[15.851,47.4969],[15.8666,47.505],[15.8826,47.5042],[15.8919,47.507],[15.9138,47.5304],[15.9363,47.5263],[15.9562,47.5171],[15.9751,47.5202],[16.0012,47.5154],[16.0161,47.517],[16.0412,47.5008],[16.0469,47.4911],[16.0614,47.4849],[16.0652,47.4865],[16.0632,47.4892],[16.0652,47.5019],[16.0742,47.5031],[16.079,47.4994],[16.0814,47.506],[16.0943,47.5114],[16.0939,47.5176],[16.0978,47.5241],[16.1095,47.525],[16.1116,47.5165],[16.1161,47.5153],[16.1107,47.5103],[16.1124,47.5075],[16.1214,47.5111],[16.1181,47.5017],[16.1128,47.4978],[16.1159,47.4895],[16.1212,47.4878],[16.1185,47.483],[16.1203,47.4779],[16.1151,47.4743],[16.1234,47.4741],[16.1225,47.4709],[16.1267,47.4683],[16.133,47.4695],[16.138,47.4613],[16.1331,47.4593],[16.1319,47.4534],[16.1406,47.4471],[16.1414,47.4409],[16.1605,47.4265],[16.1718,47.4224],[16.1265,47.4128],[16.1012,47.4148],[16.1001,47.4071],[16.1076,47.4019],[16.1051,47.3991],[16.1068,47.3949],[16.093,47.3901],[16.0822,47.3973],[16.0894,47.4007],[16.0879,47.4052],[16.0959,47.4083],[16.0841,47.4092],[16.0717,47.4041],[16.0648,47.3942],[16.0659,47.3873],[16.0633,47.3846],[16.0301,47.3793],[16.034,47.3722],[16.0151,47.3671],[16.0287,47.3599],[16.0268,47.3579],[16.0307,47.3547],[16.0342,47.3564],[16.0329,47.3521],[16.0365,47.351],[16.0332,47.349],[16.0377,47.3484],[16.0343,47.3471],[16.0371,47.3449],[16.0352,47.3441],[16.0435,47.3433],[16.0421,47.3394],[16.051,47.3335],[16.0474,47.3273],[16.0531,47.3224],[16.0506,47.3198],[16.0538,47.3192],[16.0497,47.3188],[16.0596,47.3153],[16.058,47.3068],[16.0626,47.3045],[16.06,47.3016],[16.0624,47.2977],[16.0589,47.2957],[16.0647,47.2947],[16.0636,47.2924],[16.0666,47.2909],[16.0633,47.2865],[16.075,47.276],[16.0764,47.2728],[16.0742,47.2724],[16.0776,47.2721],[16.0769,47.2668],[16.0825,47.2617],[16.0779,47.2599],[16.0883,47.2424],[16.0832,47.2345],[16.0865,47.2336],[16.0853,47.2295],[16.0811,47.2298],[16.0793,47.2258],[16.0824,47.2268],[16.0852,47.2178],[16.0885,47.2181],[16.0855,47.2162],[16.0858,47.2106],[16.091,47.2092],[16.0894,47.2063],[16.0935,47.2037],[16.0904,47.203],[16.0928,47.2004],[16.0909,47.1994],[16.0973,47.1956],[16.097,47.1915],[16.101,47.1891],[16.0987,47.188],[16.1035,47.1862],[16.1068,47.1714],[16.1137,47.1614],[16.111,47.1566],[16.1169,47.1439],[16.1124,47.141],[16.1148,47.1406],[16.1151,47.1333],[16.1091,47.1269],[16.1052,47.1142],[16.0951,47.1131],[16.0959,47.1095],[16.0925,47.1087],[16.0907,47.0982],[16.0942,47.0936],[16.0864,47.0876],[16.0903,47.0825],[16.0876,47.0803],[16.0895,47.0756],[16.0865,47.0742],[16.099,47.0605],[16.0972,47.0586],[16.1047,47.0608],[16.1112,47.0488],[16.1172,47.0488],[16.1211,47.0447],[16.118,47.0412],[16.1215,47.0396],[16.1144,47.0351],[16.1149,47.032],[16.1214,47.0308],[16.1143,47.0296],[16.1244,47.027],[16.121,47.023],[16.1326,47.0155],[16.1308,47.0119],[16.14,47.0092],[16.1352,47.007],[16.1393,47.0046],[16.1381,47.0025],[16.142,47.0029],[16.1432,46.9977],[16.149,47.0005],[16.1466,46.9984],[16.1507,46.9951],[16.1478,46.9945],[16.1528,46.9936],[16.1519,46.9916],[16.1555,46.993],[16.1545,46.9908],[16.1343,46.9948],[16.1217,46.9907],[16.1186,46.9801],[16.1133,46.9799],[16.1069,46.972],[16.1097,46.9686],[16.1077,46.9653],[16.0999,46.9824],[16.0815,46.9786],[16.0813,46.9812],[16.074,46.9823],[16.0667,46.9878],[16.0663,46.9911],[16.0611,46.9935],[16.0654,46.9998],[16.0643,47.004],[16.0531,46.9981],[16.0446,47.0037],[16.0279,47.0049],[16.0212,47.0086],[15.9968,47.0069],[15.9967,47.0194],[15.9915,47.0179],[15.9882,47.022],[15.9796,47.0196],[15.9798,47.0225],[15.9731,47.0265],[15.9814,47.0338],[15.9699,47.0448],[15.9729,47.05],[15.9667,47.0572],[15.9434,47.0592],[15.9418,47.0631],[15.9409,47.0588],[15.9375,47.0589],[15.9372,47.0515],[15.9303,47.0472],[15.9192,47.0497],[15.9144,47.0436],[15.8826,47.0367],[15.8764,47.0425],[15.8799,47.0544],[15.8744,47.0654],[15.8527,47.0669],[15.8486,47.0696],[15.8499,47.0741],[15.841,47.0765],[15.8396,47.0805],[15.8483,47.0913],[15.8607,47.0895],[15.8675,47.096],[15.8613,47.1007],[15.8651,47.1047],[15.8553,47.1171],[15.8547,47.1261],[15.8685,47.1191],[15.8956,47.0906],[15.9036,47.0934],[15.9046,47.0983],[15.9021,47.099],[15.9051,47.1037],[15.8998,47.1094],[15.8985,47.1178],[15.8937,47.1188],[15.8893,47.1314],[15.8693,47.1482],[15.873,47.1501],[15.8727,47.1562],[15.8606,47.1617],[15.8566,47.1752],[15.8434,47.1792],[15.8391,47.1852],[15.8229,47.1792],[15.7948,47.2065],[15.7829,47.2071],[15.7816,47.2109],[15.7764,47.2098],[15.7763,47.2144],[15.7587,47.2249],[15.77,47.236],[15.7693,47.2395],[15.7599,47.2411],[15.7645,47.2439],[15.7747,47.2428],[15.7749,47.2506],[15.7652,47.2545],[15.76,47.2603],[15.7571,47.2692],[15.7566,47.2847],[15.7593,47.2872],[15.7573,47.2923],[15.7364,47.302],[15.7388,47.3039],[15.7342,47.3098],[15.7344,47.3191],[15.7385,47.3314],[15.7495,47.3439],[15.7434,47.3513],[15.7734,47.3563],[15.7847,47.3663],[15.8005,47.373],[15.7737,47.3945],[15.7734,47.4077],[15.7507,47.4233],[15.7557,47.4381],[15.7516,47.4435],[15.7484,47.4597],[15.7263,47.4615],[15.7187,47.4677],[15.7149,47.4673],[15.7156,47.4712],[15.7104,47.4732]]]]},"geometry_name":"geom","properties":{"g_id":"622","g_name":"Hartberg-Fürstenfeld"},"bbox":[15.7104,46.9653,16.1718,47.5304]},{"type":"Feature","id":"STATISTIK_AUSTRIA_POLBEZ_20250101.623","geometry":{"type":"MultiPolygon","coordinates":[[[[15.5872,46.9626],[15.594,46.9717],[15.5997,46.9906],[15.6034,46.9896],[15.6161,47.0027],[15.6453,46.9958],[15.6507,46.9882],[15.6493,46.9837],[15.6586,46.9799],[15.6776,46.978],[15.6839,46.9825],[15.6793,46.9859],[15.7188,46.9908],[15.7119,46.9948],[15.7116,47.0016],[15.7307,47.0045],[15.7247,47.0249],[15.7457,47.0149],[15.7631,47.0141],[15.7614,47.0156],[15.7678,47.0202],[15.7763,47.0205],[15.7748,47.0229],[15.7791,47.0314],[15.7953,47.047],[15.8023,47.0431],[15.8064,47.0454],[15.8141,47.0418],[15.8176,47.0454],[15.8232,47.0429],[15.824,47.0406],[15.8195,47.0402],[15.8211,47.0351],[15.8336,47.0284],[15.8395,47.0286],[15.8406,47.0212],[15.847,47.021],[15.8457,47.0245],[15.8507,47.028],[15.8665,47.0288],[15.8776,47.0408],[15.8857,47.0366],[15.9144,47.0436],[15.9183,47.0495],[15.9303,47.0472],[15.9372,47.0515],[15.9375,47.0589],[15.9409,47.0588],[15.9418,47.0631],[15.9434,47.0592],[15.9667,47.0572],[15.9729,47.05],[15.9699,47.0448],[15.9814,47.0338],[15.9731,47.0265],[15.9798,47.0225],[15.9796,47.0196],[15.9882,47.022],[15.9915,47.0179],[15.9967,47.0194],[15.9968,47.0069],[16.0212,47.0086],[16.0279,47.0049],[16.0446,47.0037],[16.0531,46.9981],[16.0636,47.0042],[16.0654,46.9998],[16.0611,46.9935],[16.074,46.9823],[16.0792,46.9823],[16.0815,46.9786],[16.0999,46.9824],[16.1077,46.9653],[16.095,46.9533],[16.0952,46.9345],[16.0702,46.9355],[16.0629,46.9248],[16.0611,46.9129],[16.0514,46.9087],[16.0462,46.9098],[16.0365,46.903],[16.0357,46.8928],[16.0138,46.8846],[16.0088,46.8735],[16.0084,46.8579],[16.0011,46.849],[16.0061,46.8453],[16.0007,46.8365],[15.9854,46.8273],[15.988,46.8196],[15.9981,46.8101],[15.9923,46.8029],[15.9941,46.7937],[15.9887,46.7766],[15.9898,46.7578],[15.9848,46.7524],[15.9881,46.7409],[15.9934,46.731],[16.0036,46.7231],[16.0035,46.7172],[16.0144,46.7169],[16.0215,46.7108],[16.0298,46.7117],[16.0287,46.701],[16.0425,46.6861],[16.0381,46.6561],[16.0112,46.6646],[15.9972,46.6811],[15.9484,46.6886],[15.9143,46.7091],[15.8697,46.7212],[15.8216,46.7201],[15.7973,46.7139],[15.7704,46.6994],[15.752,46.6982],[15.749,46.7018],[15.759,46.7024],[15.7574,46.7061],[15.7467,46.7065],[15.7415,46.7123],[15.7421,46.7172],[15.7536,46.7164],[15.7443,46.7225],[15.7424,46.7195],[15.736,46.7192],[15.7307,46.7197],[15.7307,46.7237],[15.7179,46.7233],[15.7173,46.7343],[15.7086,46.7372],[15.7001,46.7447],[15.7195,46.749],[15.7397,46.7405],[15.7441,46.7463],[15.7368,46.7542],[15.7411,46.7586],[15.7488,46.7565],[15.7508,46.7645],[15.743,46.78],[15.7328,46.7783],[15.7274,46.7731],[15.7152,46.783],[15.6872,46.7831],[15.6825,46.8057],[15.6773,46.8108],[15.6825,46.814],[15.6816,46.8217],[15.6853,46.8319],[15.6889,46.8321],[15.692,46.8619],[15.6772,46.8609],[15.673,46.8706],[15.6742,46.8759],[15.684,46.8833],[15.6782,46.8893],[15.6647,46.8863],[15.666,46.8933],[15.6485,46.8966],[15.6312,46.8945],[15.6229,46.8996],[15.6083,46.9007],[15.6124,46.9117],[15.6108,46.9174],[15.6041,46.9264],[15.6044,46.9312],[15.5988,46.9306],[15.5974,46.9447],[15.5872,46.9626]]]]},"geometry_name":"geom","properties":{"g_id":"623","g_name":"Südoststeiermark"},"bbox":[15.5872,46.6561,16.1077,47.0631]},{"type":"Feature","id":"STATISTIK_AUSTRIA_POLBEZ_20250101.701","geometry":{"type":"MultiPolygon","coordinates":[[[[11.3017,47.2704],[11.3042,47.2783],[11.3023,47.2814],[11.3075,47.2937],[11.336,47.3136],[11.3324,47.3176],[11.3391,47.322],[11.3313,47.3428],[11.3388,47.3396],[11.3465,47.3526],[11.3573,47.3598],[11.3757,47.355],[11.3831,47.3563],[11.3915,47.351],[11.4079,47.3521],[11.4259,47.3473],[11.4261,47.3206],[11.3997,47.3152],[11.4137,47.3031],[11.4162,47.2946],[11.4341,47.2955],[11.4322,47.2933],[11.448,47.2863],[11.4487,47.2796],[11.444,47.278],[11.4474,47.2679],[11.453,47.2674],[11.4527,47.2634],[11.4559,47.2624],[11.4366,47.2527],[11.4292,47.2524],[11.4319,47.247],[11.4146,47.2485],[11.4096,47.2468],[11.4103,47.2432],[11.4114,47.2387],[11.4187,47.2394],[11.4194,47.2351],[11.424,47.2351],[11.4287,47.2267],[11.4426,47.2216],[11.454,47.213],[11.4474,47.2108],[11.4362,47.2145],[11.4308,47.2132],[11.423,47.2196],[11.4182,47.2149],[11.415,47.2191],[11.4066,47.2214],[11.404,47.2166],[11.3975,47.2161],[11.3984,47.2127],[11.3929,47.2121],[11.3888,47.2158],[11.3907,47.2205],[11.3873,47.2272],[11.3903,47.2318],[11.3886,47.2367],[11.3949,47.2382],[11.3933,47.2428],[11.3805,47.2468],[11.3465,47.2415],[11.3477,47.2472],[11.3521,47.25],[11.3387,47.2525],[11.3228,47.2646],[11.3052,47.2644],[11.3017,47.2704]]]]},"geometry_name":"geom","properties":{"g_id":"701","g_name":"Innsbruck-Stadt"},"bbox":[11.3017,47.2108,11.456,47.3601]},{"type":"Feature","id":"STATISTIK_AUSTRIA_POLBEZ_20250101.702","geometry":{"type":"MultiPolygon","coordinates":[[[[10.5384,47.294],[10.5545,47.3002],[10.5875,47.2839],[10.5953,47.2777],[10.5955,47.2732],[10.6253,47.2733],[10.6517,47.2675],[10.6569,47.279],[10.6546,47.2931],[10.647,47.2957],[10.634,47.2934],[10.6325,47.3068],[10.6291,47.3113],[10.6121,47.3093],[10.615,47.3142],[10.6076,47.3232],[10.6096,47.3284],[10.6353,47.3306],[10.6385,47.3301],[10.6414,47.3232],[10.6518,47.324],[10.6605,47.3334],[10.6746,47.3409],[10.6922,47.3367],[10.6947,47.3422],[10.6927,47.3472],[10.7019,47.3505],[10.7008,47.3587],[10.705,47.3612],[10.7176,47.3574],[10.7309,47.3601],[10.73,47.3571],[10.7387,47.356],[10.7424,47.3601],[10.7585,47.3593],[10.7641,47.3618],[10.7608,47.3677],[10.7722,47.3721],[10.7686,47.3774],[10.7729,47.3821],[10.7865,47.3813],[10.8041,47.3854],[10.8198,47.3855],[10.825,47.3736],[10.8208,47.3699],[10.8538,47.3499],[10.8623,47.3369],[10.8725,47.3373],[10.902,47.3519],[10.9128,47.3514],[10.9219,47.3682],[10.9702,47.366],[10.987,47.3612],[10.9869,47.3914],[10.9926,47.3965],[11.005,47.3941],[11.0165,47.3964],[11.013,47.3942],[11.0156,47.3921],[11.0105,47.3688],[10.9929,47.3527],[10.9897,47.3311],[10.9948,47.3125],[11.0062,47.3094],[11.0177,47.3119],[11.0202,47.31],[11.019,47.3046],[11.0304,47.3066],[11.0268,47.3044],[11.0296,47.2947],[11.0497,47.2979],[11.0663,47.2941],[11.0686,47.2889],[11.064,47.2752],[11.0712,47.2701],[11.0677,47.2691],[11.069,47.2645],[11.066,47.2591],[11.0694,47.2529],[11.0586,47.2463],[11.0593,47.2413],[11.0721,47.2298],[11.0947,47.2251],[11.0815,47.2118],[11.0537,47.2041],[11.0476,47.1976],[11.0386,47.1942],[11.0463,47.1754],[11.044,47.1665],[11.0521,47.1521],[11.0649,47.1424],[11.0598,47.1391],[11.0591,47.1321],[11.0635,47.1138],[11.0704,47.1044],[11.0689,47.1003],[11.1105,47.0522],[11.1175,47.0509],[11.1188,47.0462],[11.1159,47.0333],[11.1091,47.0235],[11.098,47.0175],[11.0964,46.9997],[11.0901,46.9886],[11.1045,46.9803],[11.1432,46.9708],[11.1489,46.9638],[11.1643,46.9657],[11.1659,46.9553],[11.1627,46.9498],[11.1681,46.9451],[11.1552,46.9341],[11.1389,46.9275],[11.1149,46.9314],[11.1096,46.926],[11.1093,46.916],[11.096,46.912],[11.095,46.9075],[11.0996,46.8986],[11.0971,46.8914],[11.1017,46.8898],[11.0888,46.8788],[11.0785,46.8596],[11.073,46.8581],[11.0714,46.8533],[11.0748,46.8434],[11.0703,46.8384],[11.0777,46.8343],[11.0828,46.8215],[11.0736,46.82],[11.057,46.8081],[11.0393,46.8051],[11.0442,46.8009],[11.0361,46.794],[11.0252,46.7722],[11.0254,46.7671],[11.0223,46.7654],[11.0139,46.7721],[10.993,46.767],[10.9779,46.769],[10.9749,46.7726],[10.9439,46.7754],[10.9284,46.7728],[10.9228,46.7753],[10.9059,46.7681],[10.896,46.77],[10.8904,46.7643],[10.8822,46.7629],[10.8686,46.7658],[10.8674,46.7724],[10.8527,46.7741],[10.8422,46.7783],[10.8407,46.7818],[10.832,46.7804],[10.8255,46.7731],[10.8141,46.7751],[10.7865,46.7963],[10.7784,46.7908],[10.7577,46.7852],[10.7301,46.7884],[10.7261,46.7979],[10.744,46.803],[10.7513,46.8151],[10.7829,46.8319],[10.7837,46.8385],[10.7764,46.8492],[10.7872,46.8527],[10.7922,46.8579],[10.7953,46.8731],[10.7913,46.8757],[10.7943,46.8817],[10.7882,46.8882],[10.7749,46.8908],[10.7762,46.904],[10.7735,46.9091],[10.786,46.9159],[10.7854,46.9207],[10.7919,46.9289],[10.7894,46.9326],[10.7931,46.9379],[10.7825,46.9451],[10.7835,46.9543],[10.7911,46.9591],[10.7985,46.9795],[10.7917,46.9955],[10.7956,47.003],[10.7937,47.0065],[10.7977,47.0115],[10.8118,47.0141],[10.8143,47.0234],[10.8206,47.0236],[10.8206,47.0286],[10.8006,47.0439],[10.8007,47.059],[10.7921,47.0652],[10.7931,47.0692],[10.786,47.0811],[10.7579,47.0932],[10.7372,47.0957],[10.7109,47.1245],[10.7029,47.1227],[10.693,47.1316],[10.7022,47.135],[10.7031,47.1388],[10.7095,47.1423],[10.6961,47.1415],[10.6827,47.1487],[10.6775,47.1474],[10.681,47.1512],[10.6731,47.156],[10.6828,47.1713],[10.6813,47.1906],[10.6769,47.1991],[10.6793,47.2026],[10.6726,47.2036],[10.6665,47.2119],[10.668,47.2169],[10.6646,47.2264],[10.6419,47.2327],[10.6331,47.2457],[10.6232,47.2505],[10.6088,47.246],[10.6071,47.2372],[10.6023,47.2337],[10.5757,47.239],[10.5653,47.2478],[10.5685,47.2494],[10.5665,47.2606],[10.5697,47.2628],[10.5689,47.2775],[10.5604,47.2824],[10.5527,47.2825],[10.5479,47.2892],[10.5384,47.294]]]]},"geometry_name":"geom","properties":{"g_id":"702","g_name":"Imst"},"bbox":[10.5384,46.7629,11.1681,47.3965]},{"type":"Feature","id":"STATISTIK_AUSTRIA_POLBEZ_20250101.703","geometry":{"type":"MultiPolygon","coordinates":[[[[10.9897,47.3311],[10.9929,47.3527],[11.0105,47.3688],[11.0156,47.3921],[11.013,47.3942],[11.0178,47.3969],[11.0243,47.397],[11.0284,47.3934],[11.0382,47.3966],[11.0478,47.3939],[11.0616,47.3966],[11.1151,47.3955],[11.1242,47.4001],[11.1226,47.4064],[11.128,47.4122],[11.1411,47.4141],[11.156,47.4212],[11.1984,47.4276],[11.2055,47.4339],[11.2211,47.4305],[11.249,47.4326],[11.2534,47.4282],[11.2404,47.4196],[11.2307,47.4056],[11.2239,47.4014],[11.2223,47.3973],[11.225,47.3953],[11.2369,47.3981],[11.27,47.3976],[11.2812,47.4006],[11.2901,47.4073],[11.2933,47.4191],[11.2902,47.4221],[11.291,47.4271],[11.2996,47.4308],[11.3143,47.4309],[11.3212,47.4377],[11.3297,47.4381],[11.3312,47.4446],[11.3382,47.4498],[11.3575,47.4488],[11.3644,47.4448],[11.3755,47.4492],[11.4155,47.447],[11.4234,47.4412],[11.4357,47.4379],[11.4273,47.4252],[11.4384,47.4187],[11.4406,47.4149],[11.4379,47.4114],[11.4454,47.409],[11.4507,47.403],[11.4627,47.402],[11.482,47.3904],[11.5003,47.3913],[11.5141,47.3883],[11.5221,47.3808],[11.5156,47.3657],[11.5,47.3632],[11.496,47.3532],[11.5166,47.3518],[11.5365,47.3575],[11.5775,47.3464],[11.5988,47.3485],[11.5947,47.3403],[11.6012,47.3365],[11.611,47.3212],[11.6193,47.3209],[11.613,47.3183],[11.6212,47.3087],[11.632,47.3113],[11.6518,47.2942],[11.6542,47.2864],[11.6651,47.281],[11.6781,47.2675],[11.6929,47.2605],[11.6981,47.2394],[11.697,47.2292],[11.7052,47.2161],[11.7036,47.205],[11.6845,47.1972],[11.6668,47.1977],[11.6648,47.1906],[11.6711,47.1799],[11.6627,47.1712],[11.6718,47.1666],[11.673,47.161],[11.6549,47.1517],[11.6447,47.1415],[11.6327,47.1401],[11.634,47.1274],[11.6385,47.1228],[11.6353,47.1194],[11.6342,47.104],[11.6443,47.0941],[11.6415,47.0918],[11.649,47.0897],[11.6434,47.0824],[11.6573,47.0603],[11.6586,47.0529],[11.6493,47.0467],[11.6472,47.0304],[11.6281,47.0248],[11.627,47.0132],[11.6093,47.0109],[11.5995,47.0055],[11.5895,47.0055],[11.5812,47.0021],[11.5814,46.9971],[11.5385,46.9841],[11.5336,46.9869],[11.5326,46.9917],[11.5154,47.0003],[11.5126,47.0051],[11.5012,47.0071],[11.5016,47.0098],[11.4788,47.011],[11.4701,47.0026],[11.4699,46.9952],[11.4605,46.9914],[11.4526,46.9923],[11.4404,46.9752],[11.4056,46.9648],[11.3823,46.9706],[11.3758,46.9796],[11.3587,46.9906],[11.3457,46.9907],[11.3368,46.9849],[11.3338,46.9885],[11.3201,46.9924],[11.308,46.9841],[11.2881,46.986],[11.2772,46.9806],[11.2635,46.9808],[11.2567,46.9742],[11.2492,46.9742],[11.2419,46.9697],[11.2206,46.9692],[11.2072,46.9625],[11.2031,46.968],[11.1953,46.9705],[11.1871,46.9696],[11.1765,46.9626],[11.1649,46.9658],[11.1489,46.9638],[11.1432,46.9708],[11.1045,46.9803],[11.0901,46.9886],[11.0964,46.9997],[11.098,47.0175],[11.1091,47.0235],[11.1159,47.0333],[11.1188,47.0462],[11.1175,47.0509],[11.1105,47.0522],[11.0689,47.1003],[11.0704,47.1044],[11.0635,47.1138],[11.0591,47.1321],[11.0598,47.1391],[11.0649,47.1424],[11.0521,47.1521],[11.044,47.1665],[11.0463,47.1754],[11.0386,47.1942],[11.0403,47.1962],[11.0476,47.1976],[11.0537,47.2041],[11.0815,47.2118],[11.0947,47.2251],[11.0721,47.2298],[11.0593,47.2413],[11.0586,47.2463],[11.0694,47.2529],[11.066,47.2591],[11.069,47.2645],[11.0677,47.2691],[11.0712,47.2701],[11.064,47.2752],[11.0682,47.2863],[11.0669,47.2933],[11.0586,47.2977],[11.0296,47.2947],[11.0268,47.3044],[11.0304,47.3066],[11.019,47.3046],[11.02,47.3107],[11.0153,47.3124],[11.0062,47.3094],[10.9957,47.3113],[10.9897,47.3311]],[[11.3017,47.2704],[11.3052,47.2644],[11.3228,47.2646],[11.3387,47.2525],[11.3521,47.25],[11.3477,47.2472],[11.3465,47.2415],[11.3805,47.2468],[11.3933,47.2428],[11.3949,47.2382],[11.3886,47.2367],[11.3903,47.2318],[11.3873,47.2272],[11.3907,47.2205],[11.3888,47.2158],[11.3929,47.2121],[11.3984,47.2127],[11.3975,47.2161],[11.404,47.2166],[11.4066,47.2214],[11.415,47.2191],[11.4182,47.2149],[11.423,47.2196],[11.4308,47.2132],[11.4362,47.2145],[11.4474,47.2108],[11.454,47.213],[11.4426,47.2216],[11.4287,47.2267],[11.424,47.2351],[11.4194,47.2351],[11.4187,47.2394],[11.4114,47.2387],[11.4103,47.2432],[11.4096,47.2468],[11.4146,47.2485],[11.4319,47.247],[11.4292,47.2524],[11.4366,47.2527],[11.4559,47.2624],[11.4527,47.2634],[11.453,47.2674],[11.4474,47.2679],[11.444,47.278],[11.4487,47.2796],[11.448,47.2863],[11.4322,47.2933],[11.4341,47.2955],[11.4162,47.2946],[11.4137,47.3031],[11.3997,47.3152],[11.4261,47.3206],[11.4259,47.3473],[11.4079,47.3521],[11.3915,47.351],[11.3831,47.3563],[11.3757,47.355],[11.3573,47.3598],[11.3465,47.3526],[11.3388,47.3396],[11.3313,47.3428],[11.3391,47.322],[11.3324,47.3176],[11.336,47.3136],[11.3075,47.2937],[11.3023,47.2814],[11.3042,47.2783],[11.3017,47.2704]]]]},"geometry_name":"geom","properties":{"g_id":"703","g_name":"Innsbruck-Land"},"bbox":[10.9897,46.9625,11.7052,47.4499]},{"type":"Feature","id":"STATISTIK_AUSTRIA_POLBEZ_20250101.704","geometry":{"type":"MultiPolygon","coordinates":[[[[12.0041,47.2715],[12.0133,47.2857],[12.0123,47.2901],[12.0222,47.3108],[12.0222,47.3211],[12.0626,47.3321],[12.0797,47.3659],[12.0875,47.3714],[12.0821,47.3827],[12.0852,47.3855],[12.0778,47.3912],[12.0745,47.4037],[12.0694,47.4071],[12.0706,47.4157],[12.0676,47.4211],[12.0829,47.4312],[12.1038,47.4322],[12.1034,47.4405],[12.0899,47.4537],[12.0945,47.4569],[12.105,47.4554],[12.1083,47.4584],[12.1051,47.4609],[12.1094,47.4648],[12.122,47.4629],[12.134,47.468],[12.1383,47.4744],[12.1291,47.4805],[12.1304,47.4822],[12.15,47.483],[12.1493,47.4854],[12.155,47.488],[12.1528,47.4904],[12.1575,47.491],[12.162,47.4872],[12.1675,47.4889],[12.1876,47.481],[12.1906,47.4789],[12.1922,47.469],[12.2041,47.4652],[12.2166,47.4682],[12.2229,47.4748],[12.2345,47.474],[12.2372,47.4781],[12.2577,47.4754],[12.2769,47.4776],[12.3011,47.4724],[12.3161,47.4795],[12.3161,47.4955],[12.322,47.5026],[12.3138,47.5142],[12.3163,47.5151],[12.3188,47.5343],[12.3228,47.5387],[12.3192,47.5443],[12.3247,47.5523],[12.3207,47.5538],[12.3196,47.5661],[12.3081,47.5728],[12.3108,47.5776],[12.3084,47.5818],[12.3242,47.5923],[12.3205,47.5955],[12.3191,47.6045],[12.3374,47.6307],[12.3251,47.6394],[12.3324,47.6471],[12.3286,47.6512],[12.332,47.6523],[12.3302,47.6577],[12.3551,47.6659],[12.355,47.6713],[12.3497,47.6719],[12.34,47.6904],[12.3515,47.6921],[12.3636,47.6838],[12.4014,47.6923],[12.4291,47.6964],[12.4401,47.6952],[12.443,47.6918],[12.4405,47.6742],[12.4528,47.6679],[12.4651,47.6497],[12.4914,47.6369],[12.4992,47.6251],[12.5123,47.6253],[12.5364,47.6365],[12.5747,47.6324],[12.57,47.6163],[12.5745,47.605],[12.6408,47.5933],[12.6526,47.5891],[12.6666,47.5787],[12.652,47.5697],[12.6416,47.5545],[12.6282,47.5495],[12.6448,47.5384],[12.6541,47.5368],[12.661,47.5107],[12.6651,47.5061],[12.6693,47.5082],[12.672,47.4997],[12.6972,47.4881],[12.6965,47.4823],[12.6996,47.4779],[12.6841,47.4743],[12.6652,47.4648],[12.6445,47.4682],[12.6314,47.4646],[12.6328,47.4516],[12.6378,47.4493],[12.6375,47.4366],[12.627,47.4298],[12.6226,47.4186],[12.6011,47.4132],[12.5883,47.3987],[12.5786,47.3925],[12.5645,47.3948],[12.563,47.3995],[12.5461,47.3982],[12.5426,47.3949],[12.5228,47.3906],[12.5061,47.3941],[12.498,47.3814],[12.4826,47.3779],[12.4793,47.371],[12.479,47.365],[12.4879,47.3595],[12.4862,47.3524],[12.4986,47.3492],[12.4952,47.3374],[12.4873,47.3377],[12.4783,47.3264],[12.4698,47.3238],[12.4417,47.3286],[12.4189,47.3218],[12.4104,47.3136],[12.3886,47.3147],[12.3746,47.3113],[12.3421,47.3218],[12.3353,47.3285],[12.3189,47.3257],[12.3169,47.3297],[12.2966,47.3326],[12.2918,47.3225],[12.2641,47.3022],[12.2547,47.308],[12.2478,47.3031],[12.2373,47.3015],[12.2317,47.3055],[12.2304,47.3117],[12.2237,47.3128],[12.2162,47.3114],[12.2082,47.3021],[12.197,47.2985],[12.1906,47.3013],[12.1649,47.3016],[12.165,47.2987],[12.1569,47.2972],[12.1441,47.2881],[12.1145,47.3064],[12.0942,47.2857],[12.0818,47.2808],[12.0786,47.2752],[12.0677,47.2795],[12.0321,47.2697],[12.0041,47.2715]]]]},"geometry_name":"geom","properties":{"g_id":"704","g_name":"Kitzbühel"},"bbox":[12.0041,47.2688,12.6996,47.6964]},{"type":"Feature","id":"STATISTIK_AUSTRIA_POLBEZ_20250101.705","geometry":{"type":"MultiPolygon","coordinates":[[[[11.7542,47.5589],[11.7619,47.5628],[11.7665,47.5744],[11.7776,47.5774],[11.7759,47.5907],[11.8444,47.5812],[11.8474,47.5823],[11.855,47.6024],[11.8639,47.6009],[11.8951,47.6091],[11.9023,47.6082],[11.9137,47.6139],[11.9333,47.6127],[11.9682,47.6172],[11.9762,47.613],[11.9809,47.6189],[12.0085,47.6252],[12.0219,47.6111],[12.0299,47.6118],[12.0373,47.6176],[12.0512,47.6149],[12.0607,47.6188],[12.0824,47.6097],[12.1153,47.6114],[12.129,47.6056],[12.1398,47.6053],[12.1637,47.6135],[12.179,47.6144],[12.1814,47.6103],[12.1781,47.6009],[12.1856,47.6047],[12.203,47.6064],[12.2083,47.6135],[12.1989,47.6413],[12.1847,47.6602],[12.1823,47.668],[12.1689,47.6797],[12.1624,47.7012],[12.1835,47.7005],[12.1964,47.7085],[12.2036,47.7074],[12.2267,47.7181],[12.2497,47.7416],[12.2567,47.743],[12.265,47.7325],[12.2469,47.711],[12.2413,47.6946],[12.2553,47.6795],[12.2632,47.6783],[12.2847,47.6901],[12.338,47.697],[12.3351,47.6926],[12.3434,47.6857],[12.3497,47.6719],[12.3553,47.6707],[12.3534,47.665],[12.3302,47.6577],[12.332,47.6523],[12.3286,47.6512],[12.3324,47.6471],[12.3251,47.6394],[12.3374,47.6307],[12.3191,47.6045],[12.3205,47.5955],[12.3242,47.5923],[12.3084,47.5818],[12.3108,47.5776],[12.3081,47.5728],[12.3196,47.5661],[12.3207,47.5538],[12.3247,47.5523],[12.3192,47.5443],[12.3228,47.5387],[12.3188,47.5343],[12.3163,47.5151],[12.3138,47.5142],[12.322,47.5026],[12.3161,47.4955],[12.3152,47.4785],[12.3011,47.4724],[12.2769,47.4776],[12.2577,47.4754],[12.2372,47.4781],[12.2345,47.474],[12.2229,47.4748],[12.2166,47.4682],[12.2041,47.4652],[12.1922,47.469],[12.1906,47.4789],[12.1876,47.481],[12.1675,47.4889],[12.162,47.4872],[12.1575,47.491],[12.1528,47.4904],[12.155,47.488],[12.1493,47.4854],[12.15,47.483],[12.1307,47.4824],[12.1291,47.4805],[12.1383,47.4744],[12.134,47.468],[12.122,47.4629],[12.1094,47.4648],[12.1051,47.4609],[12.1083,47.4584],[12.105,47.4554],[12.0945,47.4569],[12.0899,47.4537],[12.1034,47.4405],[12.1038,47.4322],[12.0829,47.4312],[12.0676,47.4211],[12.0706,47.4157],[12.0694,47.4071],[12.0745,47.4037],[12.0778,47.3912],[12.0852,47.3855],[12.0821,47.3827],[12.0875,47.3714],[12.0797,47.3659],[12.0626,47.3321],[12.0229,47.3216],[11.997,47.324],[11.976,47.3368],[11.9727,47.3314],[11.9497,47.3293],[11.9288,47.3352],[11.9246,47.342],[11.9261,47.3481],[11.9229,47.3612],[11.91,47.3633],[11.9061,47.3723],[11.889,47.3794],[11.8854,47.3838],[11.8744,47.3847],[11.85,47.4016],[11.8392,47.3983],[11.8365,47.4037],[11.838,47.4079],[11.8191,47.4021],[11.8212,47.4036],[11.8172,47.4047],[11.8209,47.4046],[11.8194,47.412],[11.7987,47.4252],[11.785,47.4249],[11.7754,47.4331],[11.7729,47.4354],[11.782,47.4485],[11.7806,47.4559],[11.7931,47.4575],[11.8032,47.4661],[11.8187,47.4662],[11.8273,47.471],[11.8282,47.4816],[11.8359,47.4927],[11.8352,47.5076],[11.8316,47.5148],[11.8332,47.5175],[11.8422,47.5186],[11.8435,47.5218],[11.8328,47.538],[11.8072,47.5375],[11.8082,47.5416],[11.8018,47.546],[11.7887,47.5462],[11.7984,47.5533],[11.7947,47.5567],[11.7542,47.5589]]]]},"geometry_name":"geom","properties":{"g_id":"705","g_name":"Kufstein"},"bbox":[11.7542,47.3214,12.3553,47.743]},{"type":"Feature","id":"STATISTIK_AUSTRIA_POLBEZ_20250101.706","geometry":{"type":"MultiPolygon","coordinates":[[[[10.0978,46.9242],[10.0982,46.9274],[10.106,46.9293],[10.1119,46.9367],[10.1207,46.9379],[10.1266,46.9433],[10.1348,46.9546],[10.1349,46.9659],[10.1372,46.9724],[10.143,46.976],[10.1416,46.979],[10.1448,46.9834],[10.16,46.9842],[10.1543,46.9921],[10.1596,46.9989],[10.1544,47.0054],[10.1328,47.012],[10.1233,47.0221],[10.1442,47.0336],[10.1553,47.0437],[10.1569,47.0491],[10.1509,47.0618],[10.1346,47.0639],[10.1325,47.0794],[10.1545,47.1059],[10.1583,47.1148],[10.163,47.1136],[10.1728,47.1203],[10.1864,47.1195],[10.1863,47.129],[10.2094,47.1317],[10.2036,47.137],[10.2034,47.1425],[10.2147,47.1437],[10.222,47.15],[10.2221,47.1529],[10.213,47.1576],[10.2256,47.1527],[10.2777,47.1596],[10.2877,47.1648],[10.2931,47.164],[10.3,47.1721],[10.3057,47.1736],[10.3563,47.1742],[10.3681,47.1848],[10.3807,47.1821],[10.3956,47.1738],[10.4134,47.1776],[10.4288,47.2006],[10.4448,47.2143],[10.4368,47.2219],[10.4436,47.228],[10.4473,47.2253],[10.4528,47.2307],[10.4483,47.2325],[10.4532,47.2367],[10.4791,47.245],[10.497,47.2358],[10.5136,47.234],[10.5322,47.2384],[10.5443,47.2336],[10.5489,47.2353],[10.5551,47.2491],[10.5621,47.2487],[10.5803,47.2369],[10.6023,47.2337],[10.6071,47.2372],[10.6088,47.246],[10.6194,47.2509],[10.6319,47.2468],[10.6419,47.2327],[10.6639,47.227],[10.668,47.2169],[10.6665,47.2119],[10.6726,47.2036],[10.6793,47.2026],[10.6769,47.1991],[10.6813,47.1906],[10.6832,47.1747],[10.6731,47.156],[10.681,47.1512],[10.6775,47.1474],[10.6827,47.1487],[10.6961,47.1415],[10.7095,47.1423],[10.7031,47.1388],[10.7022,47.135],[10.693,47.1316],[10.7029,47.1227],[10.7109,47.1245],[10.7372,47.0957],[10.7579,47.0932],[10.786,47.0811],[10.7931,47.0692],[10.7921,47.0652],[10.8007,47.059],[10.8006,47.0439],[10.8084,47.0359],[10.8185,47.0322],[10.8216,47.0255],[10.8143,47.0234],[10.8118,47.0141],[10.7977,47.0115],[10.7937,47.0065],[10.7956,47.003],[10.7917,46.9955],[10.7985,46.9795],[10.7911,46.9591],[10.7835,46.9543],[10.7825,46.9451],[10.7931,46.9379],[10.7894,46.9326],[10.7919,46.9289],[10.7854,46.9207],[10.786,46.9159],[10.7735,46.9091],[10.7762,46.904],[10.7749,46.8908],[10.7939,46.8841],[10.7913,46.8757],[10.7951,46.8713],[10.7927,46.8698],[10.792,46.8576],[10.7872,46.8527],[10.7764,46.8492],[10.7837,46.8385],[10.7828,46.8317],[10.7672,46.8226],[10.7579,46.8273],[10.7555,46.8329],[10.7224,46.8378],[10.7158,46.8432],[10.7167,46.8471],[10.7036,46.8472],[10.6942,46.8521],[10.6933,46.8581],[10.6968,46.8626],[10.6904,46.8677],[10.6716,46.8706],[10.6674,46.8755],[10.6492,46.8655],[10.6244,46.8645],[10.6101,46.8587],[10.5955,46.8573],[10.5902,46.8503],[10.5783,46.8482],[10.5703,46.8423],[10.5462,46.8373],[10.5564,46.8469],[10.5552,46.8487],[10.521,46.8454],[10.494,46.8487],[10.4955,46.8521],[10.4907,46.85],[10.487,46.8549],[10.4803,46.8559],[10.4829,46.8566],[10.481,46.8587],[10.4697,46.8549],[10.468,46.8621],[10.4713,46.873],[10.4692,46.8811],[10.4647,46.8843],[10.4751,46.8943],[10.4787,46.9108],[10.4862,46.9155],[10.4883,46.9263],[10.4853,46.9315],[10.4894,46.9378],[10.4762,46.941],[10.4556,46.9529],[10.4264,46.9573],[10.422,46.9608],[10.4267,46.9756],[10.4125,46.9827],[10.3987,46.9969],[10.3893,47.0005],[10.3721,46.9907],[10.355,46.9924],[10.3465,46.9896],[10.3446,46.9827],[10.34,46.9813],[10.3407,46.9784],[10.3296,46.9645],[10.3279,46.954],[10.3083,46.9484],[10.3062,46.9402],[10.3172,46.931],[10.3161,46.9252],[10.3008,46.9247],[10.2969,46.92],[10.2674,46.9287],[10.2406,46.9314],[10.2421,46.9188],[10.2359,46.9134],[10.2333,46.9017],[10.2258,46.896],[10.2276,46.8902],[10.2349,46.8847],[10.2309,46.8694],[10.2327,46.8663],[10.1937,46.8665],[10.182,46.8555],[10.1692,46.8507],[10.1559,46.8479],[10.145,46.851],[10.1388,46.8677],[10.1423,46.8704],[10.1414,46.8747],[10.1173,46.8853],[10.1088,46.8951],[10.1089,46.9084],[10.0996,46.917],[10.0978,46.9242]]]]},"geometry_name":"geom","properties":{"g_id":"706","g_name":"Landeck"},"bbox":[10.0978,46.8225,10.8216,47.2509]},{"type":"Feature","id":"STATISTIK_AUSTRIA_POLBEZ_20250101.707","geometry":{"type":"MultiPolygon","coordinates":[[[[12.1212,47.0059],[12.1262,47.0132],[12.1474,47.0249],[12.1648,47.0189],[12.1801,47.0255],[12.2048,47.0269],[12.2167,47.0451],[12.2166,47.0587],[12.2369,47.0652],[12.2408,47.0692],[12.2615,47.0727],[12.2838,47.0926],[12.3086,47.0931],[12.3131,47.1029],[12.3254,47.1074],[12.3456,47.1093],[12.3527,47.1133],[12.3587,47.1168],[12.3633,47.1414],[12.3995,47.1528],[12.4178,47.1423],[12.4346,47.1505],[12.451,47.1437],[12.4656,47.1444],[12.4817,47.1514],[12.4835,47.1578],[12.5216,47.1506],[12.5279,47.1376],[12.5452,47.1289],[12.5528,47.1276],[12.5664,47.136],[12.5876,47.1321],[12.5922,47.1249],[12.6225,47.1191],[12.6419,47.1036],[12.6744,47.091],[12.6875,47.0784],[12.6996,47.0731],[12.7105,47.0484],[12.717,47.0435],[12.7427,47.0418],[12.7579,47.0458],[12.7723,47.0402],[12.7561,47.0335],[12.7549,47.0249],[12.7423,47.0145],[12.7358,47.013],[12.7375,47.0039],[12.7246,46.9958],[12.739,46.9788],[12.7446,46.9605],[12.7505,46.9567],[12.7596,46.9566],[12.7696,46.9448],[12.7864,46.9396],[12.7829,46.9319],[12.7949,46.9256],[12.82,46.9208],[12.8218,46.9168],[12.8371,46.9125],[12.8384,46.9099],[12.8318,46.9008],[12.8419,46.893],[12.8436,46.8734],[12.8412,46.861],[12.8865,46.8425],[12.8939,46.8328],[12.8924,46.829],[12.8979,46.8245],[12.9141,46.8214],[12.9446,46.8049],[12.9635,46.7987],[12.9658,46.7877],[12.953,46.782],[12.9467,46.7765],[12.9448,46.7695],[12.9314,46.764],[12.9194,46.7658],[12.8994,46.7769],[12.8793,46.7637],[12.8568,46.7602],[12.8412,46.7493],[12.8332,46.7483],[12.8263,46.7519],[12.8137,46.749],[12.8099,46.7563],[12.791,46.7565],[12.7871,46.7522],[12.7571,46.7503],[12.7384,46.741],[12.7309,46.7435],[12.7198,46.7414],[12.7117,46.7357],[12.7144,46.731],[12.7091,46.715],[12.7215,46.703],[12.7054,46.7053],[12.6894,46.7026],[12.6927,46.7013],[12.6936,46.6931],[12.686,46.6848],[12.6878,46.6805],[12.6837,46.68],[12.6901,46.6749],[12.6878,46.673],[12.6915,46.6647],[12.6906,46.657],[12.6579,46.6573],[12.6417,46.652],[12.6336,46.655],[12.631,46.6614],[12.6191,46.6619],[12.6036,46.6561],[12.5784,46.6568],[12.57,46.6514],[12.5612,46.6525],[12.5589,46.6574],[12.5472,46.6592],[12.5287,46.6701],[12.5284,46.674],[12.5165,46.6785],[12.5061,46.6778],[12.5018,46.6806],[12.4958,46.6769],[12.4805,46.6771],[12.4748,46.6864],[12.4462,46.6902],[12.4427,46.6884],[12.428,46.695],[12.4276,46.6989],[12.4138,46.7008],[12.41,46.7062],[12.4021,46.7071],[12.3841,46.7163],[12.3776,46.7223],[12.3758,46.7324],[12.3691,46.7405],[12.3574,46.775],[12.3092,46.785],[12.2839,46.7829],[12.2802,46.7919],[12.2875,46.7948],[12.2877,46.8006],[12.2923,46.8026],[12.2829,46.8149],[12.306,46.8333],[12.3068,46.841],[12.2956,46.8438],[12.2968,46.8476],[12.292,46.8498],[12.2893,46.857],[12.2919,46.8652],[12.2759,46.8727],[12.2782,46.8792],[12.2739,46.8843],[12.2423,46.8909],[12.2359,46.8887],[12.2323,46.8806],[12.2221,46.8799],[12.2184,46.8738],[12.2154,46.874],[12.1996,46.8874],[12.2015,46.8895],[12.1969,46.8929],[12.1996,46.8961],[12.1904,46.9061],[12.1768,46.9067],[12.17,46.9101],[12.1615,46.9069],[12.1438,46.9138],[12.1526,46.9169],[12.1687,46.9374],[12.1583,46.9505],[12.138,46.9565],[12.1319,46.9623],[12.1366,46.9654],[12.1382,46.982],[12.1275,46.9855],[12.1307,46.9932],[12.1212,47.0059]]]]},"geometry_name":"geom","properties":{"g_id":"707","g_name":"Lienz"},"bbox":[12.1212,46.6514,12.966,47.1578]},{"type":"Feature","id":"STATISTIK_AUSTRIA_POLBEZ_20250101.708","geometry":{"type":"MultiPolygon","coordinates":[[[[10.1742,47.2639],[10.1796,47.2709],[10.2013,47.2769],[10.2225,47.2758],[10.2324,47.2705],[10.2383,47.2719],[10.2456,47.2804],[10.2596,47.2814],[10.2663,47.2853],[10.2658,47.2881],[10.2817,47.2877],[10.2956,47.2999],[10.3012,47.2986],[10.3166,47.3068],[10.3304,47.3048],[10.3407,47.3143],[10.3487,47.3173],[10.3458,47.322],[10.357,47.3371],[10.3865,47.3566],[10.3888,47.3697],[10.3947,47.3756],[10.4135,47.3786],[10.4198,47.3847],[10.4368,47.3804],[10.4292,47.3912],[10.4344,47.4],[10.4313,47.4027],[10.4375,47.4068],[10.4374,47.4127],[10.4561,47.4191],[10.4593,47.4282],[10.476,47.4325],[10.4732,47.4431],[10.4659,47.4529],[10.4683,47.4589],[10.4655,47.464],[10.47,47.4686],[10.4667,47.4734],[10.468,47.4771],[10.4638,47.4828],[10.4425,47.4847],[10.4313,47.5038],[10.4406,47.5135],[10.4422,47.5188],[10.4387,47.5235],[10.4545,47.5558],[10.4724,47.5511],[10.4889,47.5404],[10.5242,47.5352],[10.559,47.5373],[10.5712,47.5335],[10.5818,47.548],[10.5803,47.5557],[10.59,47.5599],[10.598,47.5697],[10.608,47.5658],[10.6198,47.5667],[10.6261,47.561],[10.6348,47.559],[10.6768,47.559],[10.678,47.5562],[10.691,47.5588],[10.6946,47.5448],[10.7094,47.5436],[10.7184,47.5381],[10.7511,47.5373],[10.764,47.5283],[10.7637,47.5196],[10.7775,47.5139],[10.7954,47.5212],[10.8126,47.52],[10.813,47.5264],[10.8317,47.5284],[10.8385,47.5254],[10.8536,47.5347],[10.8904,47.5373],[10.8998,47.522],[10.9054,47.5175],[10.9159,47.5194],[10.918,47.5136],[10.872,47.5004],[10.8694,47.4868],[10.8712,47.4817],[10.8847,47.4793],[10.91,47.4856],[10.9361,47.4819],[10.9385,47.48],[10.9288,47.4732],[10.9296,47.4702],[10.9582,47.4515],[10.9836,47.43],[10.9847,47.421],[10.9717,47.4173],[10.9688,47.4119],[10.9704,47.4002],[10.9912,47.3961],[10.9857,47.3883],[10.9885,47.3864],[10.987,47.3612],[10.9702,47.366],[10.9219,47.3682],[10.9128,47.3514],[10.902,47.3519],[10.8725,47.3373],[10.8623,47.3369],[10.8538,47.3499],[10.8208,47.3699],[10.825,47.3736],[10.8198,47.3855],[10.8041,47.3854],[10.7865,47.3813],[10.7729,47.3821],[10.7686,47.3774],[10.7722,47.3721],[10.7608,47.3677],[10.7641,47.3618],[10.7585,47.3593],[10.7424,47.3601],[10.7387,47.356],[10.73,47.3571],[10.7309,47.3601],[10.7176,47.3574],[10.705,47.3612],[10.7008,47.3587],[10.7019,47.3505],[10.6927,47.3472],[10.6947,47.3422],[10.6922,47.3367],[10.6746,47.3409],[10.6605,47.3334],[10.6518,47.324],[10.6419,47.323],[10.6385,47.3301],[10.6353,47.3306],[10.6096,47.3284],[10.6076,47.3232],[10.615,47.3142],[10.6121,47.3093],[10.6291,47.3113],[10.6325,47.3068],[10.634,47.2934],[10.647,47.2957],[10.6546,47.2931],[10.6569,47.279],[10.6517,47.2675],[10.6253,47.2733],[10.5955,47.2732],[10.5953,47.2777],[10.5875,47.2839],[10.5545,47.3002],[10.5413,47.2964],[10.5384,47.294],[10.5479,47.2892],[10.5527,47.2825],[10.5604,47.2824],[10.5689,47.2775],[10.5697,47.2628],[10.5665,47.2606],[10.5685,47.2494],[10.5551,47.2491],[10.5489,47.2353],[10.5443,47.2336],[10.5322,47.2384],[10.5136,47.234],[10.497,47.2358],[10.4792,47.245],[10.4532,47.2367],[10.4483,47.2325],[10.4528,47.2307],[10.4473,47.2253],[10.4436,47.228],[10.4368,47.2219],[10.4448,47.2143],[10.4288,47.2006],[10.4161,47.1797],[10.3956,47.1738],[10.3807,47.1821],[10.3681,47.1848],[10.3563,47.1742],[10.3057,47.1736],[10.3,47.1721],[10.2931,47.164],[10.2877,47.1648],[10.2777,47.1596],[10.2256,47.1527],[10.2081,47.159],[10.2114,47.1713],[10.1998,47.1818],[10.1968,47.1939],[10.2127,47.2042],[10.2128,47.2243],[10.2083,47.2262],[10.2108,47.2274],[10.2075,47.2324],[10.1975,47.2363],[10.2111,47.2481],[10.2236,47.25],[10.2196,47.2547],[10.1742,47.2639]]],[[[10.429,47.5776],[10.4353,47.5793],[10.433,47.5816],[10.4369,47.5842],[10.4558,47.5827],[10.469,47.5871],[10.482,47.5845],[10.4791,47.5806],[10.4707,47.5797],[10.4732,47.5701],[10.4515,47.5547],[10.4452,47.5673],[10.4356,47.5678],[10.429,47.5776]]]]},"geometry_name":"geom","properties":{"g_id":"708","g_name":"Reutte"},"bbox":[10.1742,47.1527,10.9912,47.5871]},{"type":"Feature","id":"STATISTIK_AUSTRIA_POLBEZ_20250101.709","geometry":{"type":"MultiPolygon","coordinates":[[[[11.3838,47.4721],[11.3908,47.4822],[11.4075,47.4905],[11.4166,47.5023],[11.4421,47.5179],[11.4493,47.5072],[11.4812,47.5093],[11.5057,47.5047],[11.5186,47.511],[11.5342,47.5089],[11.5724,47.5145],[11.5881,47.5255],[11.5858,47.5456],[11.5897,47.5518],[11.5869,47.5548],[11.5999,47.5664],[11.6057,47.581],[11.613,47.5798],[11.6197,47.5844],[11.6336,47.5806],[11.631,47.5866],[11.6358,47.5945],[11.6412,47.5935],[11.6434,47.5893],[11.6493,47.5903],[11.6639,47.5836],[11.6813,47.5838],[11.7002,47.589],[11.7453,47.5877],[11.7751,47.5904],[11.7776,47.5774],[11.7665,47.5744],[11.7619,47.5628],[11.7542,47.5589],[11.7947,47.5567],[11.7984,47.5533],[11.7887,47.5462],[11.8018,47.546],[11.8082,47.5416],[11.8072,47.5375],[11.8328,47.538],[11.8435,47.5218],[11.8422,47.5186],[11.8332,47.5175],[11.8316,47.5148],[11.8352,47.5076],[11.8359,47.4927],[11.8282,47.4816],[11.8273,47.471],[11.8187,47.4662],[11.8032,47.4661],[11.7931,47.4575],[11.7806,47.4559],[11.7803,47.4438],[11.7729,47.4354],[11.785,47.4249],[11.7987,47.4252],[11.8194,47.412],[11.8209,47.4046],[11.8172,47.4047],[11.8212,47.4036],[11.8191,47.4021],[11.838,47.4079],[11.8365,47.4037],[11.8392,47.3983],[11.85,47.4016],[11.8744,47.3847],[11.8854,47.3838],[11.889,47.3794],[11.9061,47.3723],[11.91,47.3633],[11.9229,47.3612],[11.9261,47.3481],[11.9246,47.342],[11.9288,47.3352],[11.9497,47.3293],[11.9727,47.3314],[11.976,47.3368],[11.997,47.324],[12.0228,47.3216],[12.0222,47.3108],[12.0123,47.2901],[12.0133,47.2857],[12.0042,47.2714],[12.0321,47.2697],[12.0677,47.2795],[12.0786,47.2752],[12.077,47.268],[12.1028,47.2567],[12.1111,47.2413],[12.1023,47.2362],[12.0935,47.2202],[12.0862,47.2154],[12.0901,47.2071],[12.0819,47.1919],[12.0893,47.1769],[12.0859,47.1707],[12.093,47.1636],[12.0933,47.1459],[12.1131,47.1366],[12.1146,47.1217],[12.1249,47.1135],[12.1294,47.1053],[12.1252,47.0926],[12.1355,47.0793],[12.1189,47.0732],[12.103,47.0783],[12.0938,47.077],[12.0815,47.0688],[12.0768,47.0589],[12.0438,47.0614],[12.0349,47.0578],[12.031,47.0506],[12.0206,47.0471],[11.9946,47.0496],[11.986,47.047],[11.9795,47.0501],[11.9685,47.0405],[11.9557,47.043],[11.9471,47.0334],[11.933,47.0376],[11.9167,47.0332],[11.9145,47.0287],[11.8951,47.0204],[11.8927,47.0164],[11.8798,47.0161],[11.8742,47.0101],[11.8677,47.0115],[11.8524,47.0001],[11.845,47.0017],[11.8362,46.993],[11.8157,46.9899],[11.7818,46.9925],[11.7807,46.9888],[11.772,46.9844],[11.7656,46.9735],[11.7471,46.9689],[11.7276,46.9724],[11.7114,46.9933],[11.6884,46.9955],[11.6647,46.9917],[11.6349,47.0031],[11.6272,47.0133],[11.6281,47.0248],[11.6472,47.0304],[11.6493,47.0467],[11.6586,47.0529],[11.6573,47.0603],[11.6434,47.0824],[11.649,47.0897],[11.6415,47.0918],[11.6443,47.0941],[11.6342,47.104],[11.6353,47.1194],[11.6385,47.1228],[11.634,47.1274],[11.6327,47.1401],[11.6447,47.1415],[11.6549,47.1517],[11.673,47.161],[11.6718,47.1666],[11.6627,47.1712],[11.6711,47.1799],[11.6648,47.1906],[11.6668,47.1977],[11.6845,47.1972],[11.7036,47.205],[11.7052,47.2161],[11.697,47.2292],[11.6981,47.2394],[11.6929,47.2605],[11.6781,47.2675],[11.6651,47.281],[11.6542,47.2864],[11.6518,47.2942],[11.632,47.3113],[11.6212,47.3087],[11.613,47.3183],[11.6193,47.3209],[11.611,47.3212],[11.6012,47.3365],[11.5947,47.3403],[11.5986,47.3486],[11.5775,47.3464],[11.5365,47.3575],[11.5166,47.3518],[11.496,47.3532],[11.5,47.3632],[11.5156,47.3657],[11.5221,47.3808],[11.5192,47.384],[11.5027,47.3911],[11.482,47.3904],[11.4627,47.402],[11.4507,47.403],[11.4454,47.409],[11.4379,47.4114],[11.4406,47.4149],[11.4384,47.4187],[11.4273,47.4252],[11.4357,47.4379],[11.4204,47.4435],[11.4118,47.4562],[11.4094,47.4667],[11.39,47.4669],[11.3838,47.4721]]]]},"geometry_name":"geom","properties":{"g_id":"709","g_name":"Schwaz"},"bbox":[11.3838,46.9689,12.136,47.5946]},{"type":"Feature","id":"STATISTIK_AUSTRIA_POLBEZ_20250101.801","geometry":{"type":"MultiPolygon","coordinates":[[[[9.6071,47.0608],[9.6135,47.0695],[9.6115,47.0794],[9.6187,47.0781],[9.6235,47.0825],[9.6336,47.0834],[9.6354,47.0906],[9.6344,47.1012],[9.6209,47.1105],[9.6252,47.1191],[9.635,47.1281],[9.6247,47.1326],[9.6226,47.1414],[9.6259,47.1459],[9.6197,47.1552],[9.6246,47.1625],[9.6208,47.1703],[9.6261,47.1786],[9.6324,47.182],[9.6283,47.1902],[9.6386,47.2073],[9.6363,47.2087],[9.638,47.2118],[9.6482,47.2019],[9.6447,47.1977],[9.6478,47.1937],[9.6629,47.194],[9.6608,47.2036],[9.6504,47.2069],[9.6544,47.21],[9.6504,47.209],[9.6519,47.2058],[9.6481,47.2021],[9.6384,47.2109],[9.6395,47.214],[9.6569,47.2162],[9.6764,47.2014],[9.7081,47.1948],[9.7246,47.2069],[9.7438,47.2069],[9.7465,47.2113],[9.7536,47.2128],[9.7505,47.2246],[9.7566,47.2369],[9.7653,47.2341],[9.7791,47.2409],[9.79,47.2407],[9.7988,47.2463],[9.7863,47.2518],[9.7814,47.2575],[9.7968,47.2626],[9.8148,47.2622],[9.8273,47.2531],[9.8316,47.2609],[9.8525,47.2679],[9.852,47.2722],[9.8559,47.276],[9.8951,47.2781],[9.9186,47.2836],[9.9389,47.2947],[9.9433,47.2909],[9.9459,47.28],[9.9504,47.2774],[9.9662,47.2749],[9.9699,47.2783],[9.9716,47.274],[9.9682,47.2712],[9.9712,47.2681],[9.9946,47.269],[10.005,47.2739],[10.0196,47.2679],[10.0453,47.2473],[10.0695,47.2472],[10.0705,47.2383],[10.0637,47.232],[10.0664,47.2288],[10.1,47.2263],[10.1072,47.2388],[10.1208,47.2409],[10.1295,47.2385],[10.1252,47.243],[10.1311,47.2499],[10.1374,47.2517],[10.147,47.2473],[10.1566,47.2516],[10.1732,47.2448],[10.1943,47.2426],[10.1982,47.2402],[10.1978,47.2354],[10.2075,47.2324],[10.2108,47.2274],[10.2083,47.2262],[10.2128,47.2243],[10.2127,47.2042],[10.1967,47.1918],[10.1998,47.1818],[10.2114,47.1713],[10.2079,47.1591],[10.2221,47.1529],[10.2218,47.1495],[10.2147,47.1437],[10.2034,47.1425],[10.2036,47.137],[10.2094,47.1317],[10.1863,47.129],[10.1864,47.1195],[10.1728,47.1203],[10.163,47.1136],[10.1583,47.1148],[10.1545,47.1059],[10.1328,47.0815],[10.1346,47.0639],[10.1509,47.0618],[10.1569,47.0489],[10.1553,47.0437],[10.1442,47.0336],[10.1233,47.0221],[10.1328,47.012],[10.1544,47.0054],[10.1596,46.9989],[10.1543,46.9921],[10.16,46.9842],[10.1448,46.9834],[10.1416,46.979],[10.143,46.976],[10.1372,46.9724],[10.1349,46.9659],[10.1348,46.9546],[10.1266,46.9433],[10.1207,46.9379],[10.1119,46.9367],[10.106,46.9293],[10.0982,46.9274],[10.0996,46.917],[10.1089,46.9084],[10.1092,46.8946],[10.1214,46.8821],[10.1414,46.8747],[10.1423,46.8704],[10.1388,46.8677],[10.145,46.8507],[10.1402,46.8475],[10.123,46.8485],[10.1193,46.8442],[10.1052,46.8409],[10.092,46.8514],[10.0927,46.8581],[10.0875,46.8612],[10.0608,46.8607],[10.0516,46.8637],[10.052,46.8768],[10.0425,46.8804],[10.0396,46.8856],[10.0322,46.888],[10.0179,46.9016],[10.0059,46.8988],[9.9902,46.9024],[9.9824,46.9063],[9.978,46.9159],[9.9666,46.9122],[9.9591,46.916],[9.9373,46.9133],[9.9216,46.9188],[9.9124,46.9261],[9.908,46.9249],[9.8945,46.9317],[9.8762,46.9346],[9.8807,46.9397],[9.8766,46.9407],[9.8749,46.9504],[9.8788,46.9571],[9.8708,46.9632],[9.8756,46.9675],[9.8757,46.9737],[9.8846,46.9809],[9.8831,46.9833],[9.8923,46.9903],[9.8888,47.0007],[9.8707,47.0097],[9.8712,47.0131],[9.8804,47.0172],[9.8778,47.0206],[9.8598,47.0232],[9.8528,47.0164],[9.8362,47.0125],[9.8236,47.0199],[9.8076,47.0236],[9.785,47.0385],[9.7481,47.0369],[9.7419,47.0427],[9.7182,47.0434],[9.707,47.0481],[9.7077,47.0538],[9.6976,47.0524],[9.6882,47.0552],[9.6821,47.0589],[9.6819,47.0621],[9.659,47.0582],[9.6451,47.0598],[9.6414,47.0539],[9.6329,47.0513],[9.6172,47.0536],[9.6071,47.0608]]]]},"geometry_name":"geom","properties":{"g_id":"801","g_name":"Bludenz"},"bbox":[9.6071,46.8409,10.2221,47.2947]},{"type":"Feature","id":"STATISTIK_AUSTRIA_POLBEZ_20250101.802","geometry":{"type":"MultiPolygon","coordinates":[[[[9.5613,47.4986],[9.5619,47.5046],[9.7358,47.5342],[9.7351,47.5464],[9.7417,47.5549],[9.7468,47.5553],[9.7434,47.5588],[9.7521,47.5674],[9.7481,47.5706],[9.7563,47.5725],[9.7563,47.5796],[9.7621,47.581],[9.7607,47.5836],[9.7661,47.5854],[9.7658,47.5892],[9.7694,47.5874],[9.7768,47.5954],[9.7917,47.5935],[9.8022,47.596],[9.8143,47.588],[9.8239,47.5871],[9.8274,47.5786],[9.8208,47.5708],[9.826,47.5604],[9.8171,47.5533],[9.8158,47.5477],[9.8502,47.5417],[9.8585,47.5338],[9.8745,47.5285],[9.8739,47.5336],[9.8781,47.5387],[9.8751,47.5432],[9.881,47.5481],[9.8891,47.544],[9.9067,47.5422],[9.9136,47.5325],[9.9219,47.5296],[9.9411,47.5382],[9.9635,47.5346],[9.9589,47.5432],[9.9708,47.5457],[9.9649,47.5381],[9.9653,47.5301],[9.9684,47.5281],[9.9651,47.5213],[9.9957,47.5028],[9.9874,47.4985],[9.9995,47.483],[10.0104,47.4818],[10.0374,47.4892],[10.045,47.4876],[10.0542,47.4759],[10.0517,47.471],[10.0535,47.4668],[10.0683,47.4613],[10.07,47.4559],[10.081,47.4554],[10.0847,47.4591],[10.0917,47.4589],[10.095,47.45],[10.0938,47.4406],[10.1056,47.4287],[10.0958,47.4221],[10.0942,47.4171],[10.0747,47.4149],[10.0692,47.4098],[10.0863,47.3995],[10.0829,47.3937],[10.0999,47.3548],[10.1194,47.3756],[10.1416,47.3672],[10.1659,47.3689],[10.1696,47.3713],[10.1694,47.3858],[10.1813,47.3872],[10.1819,47.3924],[10.1951,47.3894],[10.1998,47.3834],[10.2125,47.3804],[10.2271,47.3889],[10.2363,47.3819],[10.2317,47.379],[10.2372,47.3736],[10.2246,47.3588],[10.217,47.3544],[10.2171,47.3498],[10.2043,47.3368],[10.2074,47.3322],[10.1995,47.3265],[10.211,47.3192],[10.216,47.3111],[10.2117,47.3107],[10.2108,47.3063],[10.1991,47.2975],[10.1887,47.2939],[10.1797,47.2961],[10.1749,47.2894],[10.176,47.2821],[10.1721,47.2791],[10.1752,47.2758],[10.1725,47.2741],[10.1741,47.2703],[10.1784,47.2701],[10.1742,47.2639],[10.2196,47.2547],[10.2236,47.25],[10.2111,47.2481],[10.1978,47.2366],[10.1982,47.2402],[10.1943,47.2426],[10.1732,47.2448],[10.1575,47.2514],[10.147,47.2473],[10.1345,47.2513],[10.1252,47.243],[10.1292,47.2383],[10.1208,47.2409],[10.1072,47.2388],[10.1009,47.2266],[10.0836,47.2263],[10.0644,47.2295],[10.0705,47.2383],[10.0691,47.2474],[10.0453,47.2473],[10.0196,47.2679],[10.005,47.2739],[9.9946,47.269],[9.9712,47.2681],[9.9682,47.2712],[9.9716,47.274],[9.9699,47.2783],[9.9662,47.2749],[9.9504,47.2774],[9.9459,47.28],[9.9433,47.2909],[9.9389,47.2947],[9.9186,47.2836],[9.8951,47.2781],[9.8559,47.276],[9.852,47.2722],[9.8525,47.2679],[9.8308,47.2719],[9.8243,47.2813],[9.8486,47.2925],[9.8455,47.3023],[9.8271,47.3044],[9.8168,47.311],[9.8176,47.3168],[9.8269,47.3236],[9.819,47.3251],[9.8176,47.3326],[9.8253,47.3341],[9.8109,47.3455],[9.8154,47.3501],[9.8442,47.3616],[9.8338,47.3683],[9.84,47.3739],[9.8396,47.3775],[9.8332,47.3774],[9.8341,47.3809],[9.8293,47.3822],[9.8254,47.3885],[9.815,47.3931],[9.8114,47.406],[9.8015,47.4151],[9.8018,47.4243],[9.8097,47.4268],[9.8066,47.4311],[9.8131,47.4372],[9.8135,47.4417],[9.81,47.4447],[9.8028,47.447],[9.7922,47.4427],[9.7773,47.4448],[9.7605,47.4365],[9.7253,47.4489],[9.7001,47.4477],[9.6827,47.4577],[9.6816,47.4629],[9.6607,47.4514],[9.6219,47.4576],[9.609,47.4706],[9.604,47.4626],[9.5974,47.4622],[9.5827,47.4823],[9.5648,47.493],[9.5613,47.4986]]]]},"geometry_name":"geom","properties":{"g_id":"802","g_name":"Bregenz"},"bbox":[9.5613,47.2261,10.2372,47.5961]},{"type":"Feature","id":"STATISTIK_AUSTRIA_POLBEZ_20250101.803","geometry":{"type":"MultiPolygon","coordinates":[[[[9.6443,47.4347],[9.6595,47.4514],[9.6815,47.4629],[9.6827,47.4577],[9.7001,47.4477],[9.7253,47.4489],[9.7605,47.4365],[9.7773,47.4448],[9.7922,47.4427],[9.8028,47.447],[9.81,47.4447],[9.8135,47.4417],[9.8131,47.4372],[9.8066,47.4311],[9.8097,47.4268],[9.8018,47.4243],[9.8015,47.4151],[9.8114,47.406],[9.815,47.3931],[9.8254,47.3885],[9.8293,47.3822],[9.8341,47.3809],[9.8332,47.3774],[9.8396,47.3775],[9.84,47.3739],[9.8338,47.3683],[9.8443,47.3605],[9.8154,47.3501],[9.8109,47.3455],[9.8253,47.3341],[9.8176,47.3326],[9.819,47.3251],[9.8269,47.3236],[9.8191,47.3185],[9.8163,47.3122],[9.8271,47.3044],[9.8455,47.3023],[9.8486,47.2925],[9.8313,47.2844],[9.818,47.2907],[9.7954,47.2916],[9.7876,47.2972],[9.7841,47.3055],[9.754,47.3069],[9.7389,47.3232],[9.7305,47.3271],[9.7294,47.333],[9.7226,47.336],[9.7272,47.3428],[9.7229,47.3453],[9.7145,47.3376],[9.6991,47.3464],[9.6713,47.3436],[9.6679,47.3523],[9.6627,47.3551],[9.665,47.3602],[9.6496,47.3674],[9.6605,47.3701],[9.6703,47.3774],[9.6741,47.3902],[9.6517,47.4046],[9.6505,47.4206],[9.6443,47.4347]]]]},"geometry_name":"geom","properties":{"g_id":"803","g_name":"Dornbirn"},"bbox":[9.6443,47.2844,9.8486,47.4629]},{"type":"Feature","id":"STATISTIK_AUSTRIA_POLBEZ_20250101.804","geometry":{"type":"MultiPolygon","coordinates":[[[[9.5308,47.2706],[9.5464,47.2802],[9.5563,47.2983],[9.5815,47.311],[9.5885,47.3177],[9.5993,47.3448],[9.6049,47.3512],[9.6245,47.3661],[9.6408,47.3675],[9.6496,47.3674],[9.6648,47.3604],[9.6627,47.3551],[9.6679,47.3523],[9.6713,47.3436],[9.6991,47.3464],[9.7145,47.3376],[9.7229,47.3453],[9.7272,47.3428],[9.7226,47.336],[9.7294,47.333],[9.7305,47.3271],[9.7389,47.3232],[9.7529,47.3075],[9.7841,47.3055],[9.7876,47.2972],[9.7935,47.2925],[9.8247,47.2886],[9.8313,47.2844],[9.8237,47.2799],[9.8288,47.2782],[9.8308,47.2719],[9.8499,47.2682],[9.8424,47.2625],[9.8316,47.2609],[9.8273,47.2531],[9.8111,47.263],[9.7976,47.2628],[9.7814,47.2575],[9.7863,47.2518],[9.7988,47.2463],[9.79,47.2407],[9.7791,47.2409],[9.7653,47.2341],[9.7566,47.2369],[9.7505,47.2246],[9.7536,47.2128],[9.7465,47.2113],[9.7438,47.2069],[9.7246,47.2069],[9.7081,47.1948],[9.6764,47.2014],[9.6569,47.2162],[9.6404,47.2149],[9.6384,47.2109],[9.6481,47.2021],[9.6519,47.2058],[9.6504,47.209],[9.6544,47.21],[9.6504,47.2069],[9.6608,47.2036],[9.6629,47.194],[9.6478,47.1937],[9.6447,47.1977],[9.6482,47.2019],[9.638,47.2118],[9.6363,47.2087],[9.6386,47.2073],[9.6283,47.1902],[9.6324,47.182],[9.6261,47.1786],[9.6208,47.1703],[9.6246,47.1625],[9.6197,47.1552],[9.6206,47.1516],[9.6111,47.1474],[9.6028,47.1517],[9.5968,47.1629],[9.5795,47.1711],[9.5647,47.1703],[9.5732,47.1756],[9.5726,47.1908],[9.5803,47.1958],[9.5849,47.2054],[9.5686,47.2198],[9.5518,47.2238],[9.5673,47.2419],[9.5308,47.2706]]]]},"geometry_name":"geom","properties":{"g_id":"804","g_name":"Feldkirch"},"bbox":[9.5308,47.1474,9.8499,47.3675]},{"type":"Feature","id":"STATISTIK_AUSTRIA_POLBEZ_20250101.901","geometry":{"type":"MultiPolygon","coordinates":[[[[16.3552,48.2084],[16.3565,48.2143],[16.3701,48.2185],[16.3766,48.2125],[16.3849,48.2113],[16.374,48.1996],[16.366,48.1995],[16.3552,48.2084]]]]},"geometry_name":"geom","properties":{"g_id":"901","g_name":"Wien  1.,Innere Stadt"},"bbox":[16.3552,48.1995,16.3849,48.2185]},{"type":"Feature","id":"STATISTIK_AUSTRIA_POLBEZ_20250101.902","geometry":{"type":"MultiPolygon","coordinates":[[[[16.3675,48.2249],[16.3775,48.2296],[16.3837,48.2257],[16.3981,48.2363],[16.4985,48.1673],[16.4952,48.1651],[16.4235,48.1887],[16.4064,48.2011],[16.398,48.2036],[16.3934,48.2123],[16.3759,48.2129],[16.3683,48.2201],[16.3675,48.2249]]]]},"geometry_name":"geom","properties":{"g_id":"902","g_name":"Wien  2.,Leopoldstadt"},"bbox":[16.3675,48.1651,16.4985,48.2363]},{"type":"Feature","id":"STATISTIK_AUSTRIA_POLBEZ_20250101.903","geometry":{"type":"MultiPolygon","coordinates":[[[[16.375,48.198],[16.3852,48.212],[16.3916,48.2129],[16.398,48.2036],[16.4311,48.1863],[16.4204,48.1873],[16.4128,48.1831],[16.4045,48.1857],[16.3954,48.1755],[16.3817,48.1868],[16.375,48.198]]]]},"geometry_name":"geom","properties":{"g_id":"903","g_name":"Wien  3.,Landstraße"},"bbox":[16.375,48.1754,16.4311,48.2132]},{"type":"Feature","id":"STATISTIK_AUSTRIA_POLBEZ_20250101.904","geometry":{"type":"MultiPolygon","coordinates":[[[[16.3594,48.1966],[16.3683,48.2007],[16.3752,48.1999],[16.381,48.1881],[16.3688,48.1838],[16.3594,48.1966]]]]},"geometry_name":"geom","properties":{"g_id":"904","g_name":"Wien  4.,Wieden"},"bbox":[16.3594,48.1838,16.3811,48.2007]},{"type":"Feature","id":"STATISTIK_AUSTRIA_POLBEZ_20250101.905","geometry":{"type":"MultiPolygon","coordinates":[[[[16.3417,48.1885],[16.3516,48.1898],[16.3592,48.1969],[16.3688,48.1838],[16.3497,48.1792],[16.3417,48.1885]]]]},"geometry_name":"geom","properties":{"g_id":"905","g_name":"Wien  5.,Margareten"},"bbox":[16.3417,48.1792,16.3688,48.1969]},{"type":"Feature","id":"STATISTIK_AUSTRIA_POLBEZ_20250101.906","geometry":{"type":"MultiPolygon","coordinates":[[[[16.3373,48.1908],[16.3392,48.1959],[16.3615,48.2027],[16.366,48.1998],[16.355,48.1957],[16.3516,48.1898],[16.339,48.1883],[16.3373,48.1908]]]]},"geometry_name":"geom","properties":{"g_id":"906","g_name":"Wien  6.,Mariahilf"},"bbox":[16.3373,48.1883,16.366,48.2027]},{"type":"Feature","id":"STATISTIK_AUSTRIA_POLBEZ_20250101.907","geometry":{"type":"MultiPolygon","coordinates":[[[[16.3369,48.2054],[16.3384,48.2086],[16.3559,48.2069],[16.3615,48.2027],[16.3392,48.1959],[16.3369,48.2054]]]]},"geometry_name":"geom","properties":{"g_id":"907","g_name":"Wien  7.,Neubau"},"bbox":[16.3369,48.1959,16.3615,48.2086]},{"type":"Feature","id":"STATISTIK_AUSTRIA_POLBEZ_20250101.908","geometry":{"type":"MultiPolygon","coordinates":[[[[16.3384,48.2086],[16.3409,48.2152],[16.3565,48.2143],[16.3559,48.2069],[16.3384,48.2086]]]]},"geometry_name":"geom","properties":{"g_id":"908","g_name":"Wien  8.,Josefstadt"},"bbox":[16.3384,48.2063,16.3565,48.2154]},{"type":"Feature","id":"STATISTIK_AUSTRIA_POLBEZ_20250101.909","geometry":{"type":"MultiPolygon","coordinates":[[[[16.3409,48.2152],[16.3436,48.2217],[16.3488,48.2234],[16.3507,48.2305],[16.3567,48.2361],[16.3616,48.2363],[16.3701,48.2184],[16.3604,48.2138],[16.3409,48.2152]]]]},"geometry_name":"geom","properties":{"g_id":"909","g_name":"Wien  9.,Alsergrund"},"bbox":[16.3409,48.2138,16.3701,48.2363]},{"type":"Feature","id":"STATISTIK_AUSTRIA_POLBEZ_20250101.910","geometry":{"type":"MultiPolygon","coordinates":[[[[16.3319,48.1634],[16.3373,48.171],[16.3475,48.1719],[16.3416,48.1764],[16.381,48.1881],[16.4301,48.1472],[16.4362,48.138],[16.4331,48.1379],[16.4327,48.1328],[16.437,48.1199],[16.4229,48.1231],[16.4083,48.1179],[16.4051,48.122],[16.3659,48.1284],[16.3713,48.1431],[16.3742,48.1421],[16.3771,48.1475],[16.3405,48.1534],[16.3319,48.1634]]]]},"geometry_name":"geom","properties":{"g_id":"910","g_name":"Wien 10.,Favoriten"},"bbox":[16.3319,48.1179,16.437,48.1881]},{"type":"Feature","id":"STATISTIK_AUSTRIA_POLBEZ_20250101.911","geometry":{"type":"MultiPolygon","coordinates":[[[[16.3953,48.1755],[16.4045,48.1857],[16.4128,48.1831],[16.4204,48.1873],[16.4313,48.1863],[16.5138,48.1589],[16.4984,48.1562],[16.4934,48.1588],[16.4881,48.1552],[16.4776,48.1574],[16.4771,48.1541],[16.4561,48.1398],[16.4362,48.138],[16.4298,48.1475],[16.3953,48.1755]]]]},"geometry_name":"geom","properties":{"g_id":"911","g_name":"Wien 11.,Simmering"},"bbox":[16.3953,48.138,16.5138,48.1873]},{"type":"Feature","id":"STATISTIK_AUSTRIA_POLBEZ_20250101.912","geometry":{"type":"MultiPolygon","coordinates":[[[[16.2918,48.1623],[16.2964,48.1705],[16.3011,48.1727],[16.308,48.1704],[16.3137,48.1749],[16.3201,48.1858],[16.3318,48.1838],[16.3417,48.1885],[16.3497,48.1793],[16.3416,48.1764],[16.3475,48.1719],[16.3373,48.171],[16.3319,48.1634],[16.3356,48.1593],[16.3306,48.1554],[16.3042,48.1604],[16.2975,48.1563],[16.2928,48.1576],[16.296,48.1618],[16.2918,48.1623]]]]},"geometry_name":"geom","properties":{"g_id":"912","g_name":"Wien 12.,Meidling"},"bbox":[16.2918,48.1554,16.3497,48.1885]},{"type":"Feature","id":"STATISTIK_AUSTRIA_POLBEZ_20250101.913","geometry":{"type":"MultiPolygon","coordinates":[[[[16.1818,48.1711],[16.1998,48.1862],[16.2078,48.2031],[16.2134,48.207],[16.2258,48.2019],[16.2357,48.2041],[16.2501,48.2011],[16.2682,48.1931],[16.3201,48.1858],[16.308,48.1704],[16.3011,48.1727],[16.2964,48.1705],[16.2912,48.1581],[16.2873,48.1564],[16.2793,48.1596],[16.2792,48.1627],[16.2731,48.1559],[16.2578,48.1602],[16.2301,48.1495],[16.2247,48.153],[16.1982,48.1541],[16.1962,48.1639],[16.1818,48.1711]]]]},"geometry_name":"geom","properties":{"g_id":"913","g_name":"Wien 13.,Hietzing"},"bbox":[16.1818,48.1495,16.3201,48.207]},{"type":"Feature","id":"STATISTIK_AUSTRIA_POLBEZ_20250101.914","geometry":{"type":"MultiPolygon","coordinates":[[[[16.1852,48.2232],[16.1967,48.2299],[16.1991,48.2286],[16.193,48.2347],[16.1935,48.2433],[16.1962,48.2498],[16.2057,48.2563],[16.2051,48.2621],[16.2089,48.2642],[16.241,48.2484],[16.2373,48.2425],[16.2415,48.2383],[16.2511,48.2404],[16.2691,48.2379],[16.2565,48.2299],[16.2497,48.219],[16.2536,48.2214],[16.2853,48.214],[16.2845,48.2069],[16.3114,48.2027],[16.3186,48.1991],[16.3143,48.199],[16.3128,48.1944],[16.3205,48.1907],[16.3154,48.1902],[16.3142,48.1872],[16.3049,48.1876],[16.2688,48.193],[16.2501,48.2011],[16.2357,48.2041],[16.2258,48.2019],[16.2135,48.207],[16.2057,48.2024],[16.2019,48.2048],[16.2096,48.2097],[16.1977,48.2144],[16.195,48.2196],[16.1978,48.2229],[16.1852,48.2232]]]]},"geometry_name":"geom","properties":{"g_id":"914","g_name":"Wien 14.,Penzing"},"bbox":[16.1852,48.1872,16.3205,48.2642]},{"type":"Feature","id":"STATISTIK_AUSTRIA_POLBEZ_20250101.915","geometry":{"type":"MultiPolygon","coordinates":[[[[16.3107,48.2029],[16.3127,48.2072],[16.337,48.2042],[16.3391,48.1883],[16.3305,48.1837],[16.3142,48.1872],[16.3154,48.1902],[16.3205,48.1907],[16.3128,48.1944],[16.3143,48.199],[16.3186,48.1991],[16.3107,48.2029]]]]},"geometry_name":"geom","properties":{"g_id":"915","g_name":"Wien 15.,Rudolfsheim-Fünfhaus"},"bbox":[16.3107,48.1837,16.3394,48.2072]},{"type":"Feature","id":"STATISTIK_AUSTRIA_POLBEZ_20250101.916","geometry":{"type":"MultiPolygon","coordinates":[[[[16.2536,48.2214],[16.2669,48.2266],[16.2788,48.2265],[16.2868,48.2242],[16.2859,48.2215],[16.3049,48.2247],[16.3208,48.2206],[16.3199,48.2174],[16.3256,48.2132],[16.3386,48.2151],[16.3393,48.2121],[16.337,48.2042],[16.3127,48.2072],[16.3105,48.2029],[16.2848,48.2068],[16.2853,48.214],[16.2536,48.2214]]]]},"geometry_name":"geom","properties":{"g_id":"916","g_name":"Wien 16.,Ottakring"},"bbox":[16.2536,48.2029,16.3393,48.227]},{"type":"Feature","id":"STATISTIK_AUSTRIA_POLBEZ_20250101.917","geometry":{"type":"MultiPolygon","coordinates":[[[[16.2494,48.2193],[16.2565,48.2299],[16.2691,48.2377],[16.2566,48.2399],[16.2587,48.2461],[16.2704,48.2519],[16.264,48.2549],[16.2856,48.2583],[16.2884,48.2509],[16.2824,48.2459],[16.294,48.2447],[16.2839,48.2405],[16.3156,48.2325],[16.3223,48.2267],[16.3276,48.2277],[16.342,48.2172],[16.3393,48.2121],[16.3386,48.2151],[16.3256,48.2132],[16.3199,48.2174],[16.3208,48.2206],[16.3131,48.2233],[16.2959,48.2246],[16.2859,48.2215],[16.2868,48.2242],[16.2762,48.227],[16.2582,48.2249],[16.2494,48.2193]]]]},"geometry_name":"geom","properties":{"g_id":"917","g_name":"Wien 17.,Hernals"},"bbox":[16.2494,48.2121,16.342,48.2583]},{"type":"Feature","id":"STATISTIK_AUSTRIA_POLBEZ_20250101.918","geometry":{"type":"MultiPolygon","coordinates":[[[[16.2824,48.2459],[16.2884,48.251],[16.303,48.2486],[16.3202,48.24],[16.3378,48.2371],[16.3378,48.2338],[16.3538,48.232],[16.3488,48.2234],[16.3393,48.2176],[16.3367,48.2228],[16.3276,48.2277],[16.3223,48.2267],[16.3156,48.2325],[16.2838,48.2406],[16.2933,48.2458],[16.2824,48.2459]]]]},"geometry_name":"geom","properties":{"g_id":"918","g_name":"Wien 18.,Währing"},"bbox":[16.2824,48.2172,16.3538,48.251]},{"type":"Feature","id":"STATISTIK_AUSTRIA_POLBEZ_20250101.919","geometry":{"type":"MultiPolygon","coordinates":[[[[16.2851,48.2568],[16.2941,48.264],[16.2862,48.2667],[16.289,48.2705],[16.3059,48.2717],[16.3207,48.2782],[16.329,48.2772],[16.3452,48.2856],[16.3412,48.289],[16.3481,48.2905],[16.3724,48.2627],[16.3682,48.2613],[16.3713,48.2494],[16.3617,48.2364],[16.3567,48.2361],[16.3546,48.2319],[16.3378,48.2338],[16.3378,48.2371],[16.3301,48.2371],[16.3046,48.2482],[16.2876,48.251],[16.2851,48.2568]]]]},"geometry_name":"geom","properties":{"g_id":"919","g_name":"Wien 19.,Döbling"},"bbox":[16.2851,48.2319,16.3724,48.2905]},{"type":"Feature","id":"STATISTIK_AUSTRIA_POLBEZ_20250101.920","geometry":{"type":"MultiPolygon","coordinates":[[[[16.3611,48.2333],[16.3717,48.2503],[16.3682,48.2613],[16.3724,48.2627],[16.3981,48.2363],[16.3834,48.2256],[16.3775,48.2296],[16.3674,48.2251],[16.3611,48.2333]]]]},"geometry_name":"geom","properties":{"g_id":"920","g_name":"Wien 20.,Brigittenau"},"bbox":[16.3611,48.2251,16.3981,48.2627]},{"type":"Feature","id":"STATISTIK_AUSTRIA_POLBEZ_20250101.921","geometry":{"type":"MultiPolygon","coordinates":[[[[16.356,48.2833],[16.3699,48.2815],[16.3673,48.287],[16.3784,48.2888],[16.3756,48.296],[16.3798,48.302],[16.3862,48.3017],[16.3804,48.3149],[16.385,48.3194],[16.3952,48.3226],[16.3941,48.3193],[16.4029,48.3168],[16.4209,48.3226],[16.4378,48.3168],[16.4404,48.2919],[16.4747,48.2753],[16.4502,48.2592],[16.4471,48.262],[16.4369,48.2616],[16.4384,48.2595],[16.4281,48.2519],[16.4277,48.2464],[16.4132,48.2453],[16.3981,48.2363],[16.356,48.2833]]]]},"geometry_name":"geom","properties":{"g_id":"921","g_name":"Wien 21.,Floridsdorf"},"bbox":[16.356,48.2363,16.4747,48.3227]},{"type":"Feature","id":"STATISTIK_AUSTRIA_POLBEZ_20250101.922","geometry":{"type":"MultiPolygon","coordinates":[[[[16.3981,48.2363],[16.4132,48.2453],[16.4277,48.2464],[16.4281,48.2519],[16.4384,48.2595],[16.4369,48.2616],[16.4471,48.262],[16.4502,48.2592],[16.4732,48.2751],[16.4812,48.2734],[16.4835,48.2794],[16.4812,48.2935],[16.5132,48.2872],[16.5141,48.2837],[16.5067,48.2736],[16.5141,48.271],[16.5128,48.2678],[16.5302,48.2624],[16.547,48.263],[16.5394,48.2428],[16.5482,48.2427],[16.5478,48.2403],[16.5527,48.2389],[16.5455,48.215],[16.5363,48.2004],[16.5418,48.1914],[16.538,48.1834],[16.5417,48.1817],[16.5377,48.1825],[16.5363,48.1775],[16.5408,48.1738],[16.5364,48.1746],[16.5447,48.1729],[16.541,48.1766],[16.5494,48.1771],[16.5507,48.1718],[16.5468,48.1708],[16.5532,48.162],[16.5563,48.1617],[16.5556,48.1645],[16.5616,48.1604],[16.5681,48.1636],[16.5753,48.1617],[16.5733,48.1551],[16.5774,48.1513],[16.576,48.1352],[16.5427,48.1434],[16.5256,48.1545],[16.4971,48.1663],[16.3981,48.2363]]]]},"geometry_name":"geom","properties":{"g_id":"922","g_name":"Wien 22.,Donaustadt"},"bbox":[16.3981,48.1352,16.5775,48.2935]},{"type":"Feature","id":"STATISTIK_AUSTRIA_POLBEZ_20250101.923","geometry":{"type":"MultiPolygon","coordinates":[[[[16.2099,48.1476],[16.2193,48.1533],[16.2301,48.1495],[16.2578,48.1602],[16.2731,48.1559],[16.2792,48.1627],[16.2793,48.1596],[16.2851,48.1593],[16.2867,48.1563],[16.2912,48.1581],[16.2916,48.1623],[16.296,48.1618],[16.2928,48.1576],[16.2975,48.1563],[16.3041,48.1604],[16.3305,48.1554],[16.3356,48.1593],[16.3411,48.1532],[16.3771,48.1474],[16.3742,48.1421],[16.3713,48.1431],[16.3656,48.1287],[16.3246,48.1378],[16.3185,48.1246],[16.3139,48.1256],[16.3118,48.1194],[16.2985,48.1253],[16.2978,48.1295],[16.2719,48.1338],[16.2574,48.1296],[16.2375,48.1303],[16.2189,48.1238],[16.2147,48.1259],[16.2386,48.132],[16.2362,48.1348],[16.2384,48.1372],[16.2208,48.1355],[16.2099,48.1476]]]]},"geometry_name":"geom","properties":{"g_id":"923","g_name":"Wien 23.,Liesing"},"bbox":[16.2099,48.1194,16.3771,48.1627]}],"totalFeatures":117,"numberMatched":117,"numberReturned":117,"timeStamp":"2026-07-11T06:47:38.988Z","crs":{"type":"name","properties":{"name":"urn:ogc:def:crs:EPSG::4326"}},"bbox":[9.5308,46.3723,17.1608,49.0205]}